samples,mean_incremental_ev,standard_error,confidence_interval_95_low,confidence_interval_95_high,recommended_decision,player_cards_before_hit,pre_hit_total,pre_hit_soft,bust_card,busted_total,dealer_upcard,split_hand,doubled,double_available
1,-0.5,0.0,-0.5,-0.5,uncertain,10-2-2,14,False,10,24,9,False,False,False
1,-0.5,0.0,-0.5,-0.5,uncertain,10-2-2,14,False,8,22,9,False,False,False
1,-0.5,0.0,-0.5,-0.5,uncertain,10-2-2-2,16,False,10,26,8,False,False,False
1,-0.5,0.0,-0.5,-0.5,uncertain,10-2-2-2,16,False,10,26,9,False,False,False
1,-0.5,0.0,-0.5,-0.5,uncertain,10-2-2-2,16,False,10,26,A,False,False,False
1,-0.5,0.0,-0.5,-0.5,uncertain,10-2-2-2,16,False,6,22,9,False,False,False
1,-0.5,0.0,-0.5,-0.5,uncertain,10-2-2-A,15,False,10,25,7,False,False,False
1,-0.5,0.0,-0.5,-0.5,uncertain,10-2-3,15,False,7,22,A,False,False,False
1,-0.5,0.0,-0.5,-0.5,uncertain,10-2-3,15,False,8,23,8,False,False,False
1,-0.5,0.0,-0.5,-0.5,uncertain,10-2-3,15,False,8,23,9,False,False,False
1,-0.5,0.0,-0.5,-0.5,uncertain,10-2-3-A,16,False,10,26,A,False,False,False
1,-0.5,0.0,-0.5,-0.5,uncertain,10-2-4,16,False,6,22,7,False,False,False
1,-0.5,0.0,-0.5,-0.5,uncertain,10-2-4,16,False,7,23,8,False,False,False
1,-0.5,0.0,-0.5,-0.5,uncertain,10-2-4,16,False,7,23,9,False,False,False
1,-0.5,0.0,-0.5,-0.5,uncertain,10-2-4,16,False,7,23,A,False,False,False
1,-0.5,0.0,-0.5,-0.5,uncertain,10-2-4,16,False,8,24,9,False,False,False
1,-0.5,0.0,-0.5,-0.5,uncertain,10-2-4,16,False,9,25,9,False,False,False
1,-0.5,0.0,-0.5,-0.5,uncertain,10-2-A,13,False,10,23,A,False,False,False
1,-0.5,0.0,-0.5,-0.5,uncertain,10-2-A-2,15,False,10,25,8,False,False,False
1,-0.5,0.0,-0.5,-0.5,uncertain,10-2-A-2,15,False,7,22,7,False,False,False
1,-0.5,0.0,-0.5,-0.5,uncertain,10-2-A-2,15,False,7,22,9,False,False,False
1,-0.5,0.0,-0.5,-0.5,uncertain,10-2-A-3,16,False,10,26,10,False,False,False
1,-0.5,0.0,-0.5,-0.5,uncertain,10-2-A-3,16,False,10,26,7,False,False,False
1,-0.5,0.0,-0.5,-0.5,uncertain,10-2-A-3,16,False,7,23,A,False,False,False
1,-0.5,0.0,-0.5,-0.5,uncertain,10-2-A-A,14,False,10,24,8,False,False,False
1,-0.5,0.0,-0.5,-0.5,uncertain,10-2-A-A,14,False,9,23,9,False,False,False
1,-0.5,0.0,-0.5,-0.5,uncertain,10-3-2-A,16,False,6,22,9,False,False,False
1,-0.5,0.0,-0.5,-0.5,uncertain,10-3-2-A,16,False,6,22,A,False,False,False
1,-0.5,0.0,-0.5,-0.5,uncertain,10-3-3,16,False,6,22,8,False,False,False
1,-0.5,0.0,-0.5,-0.5,uncertain,10-3-3,16,False,7,23,7,False,False,False
1,-0.5,0.0,-0.5,-0.5,uncertain,10-3-3,16,False,7,23,9,False,False,False
1,-0.5,0.0,-0.5,-0.5,uncertain,10-3-3,16,False,9,25,7,False,False,False
1,-0.5,0.0,-0.5,-0.5,uncertain,10-3-3,16,False,9,25,8,False,False,False
1,-0.5,0.0,-0.5,-0.5,uncertain,10-3-A,14,False,8,22,9,False,False,False
1,-0.5,0.0,-0.5,-0.5,uncertain,10-3-A,14,False,9,23,7,False,False,False
1,-0.5,0.0,-0.5,-0.5,uncertain,10-3-A,14,False,9,23,8,False,False,False
1,-0.5,0.0,-0.5,-0.5,uncertain,10-3-A-A,15,False,10,25,10,False,False,False
1,-0.5,0.0,-0.5,-0.5,uncertain,10-3-A-A,15,False,8,23,7,False,False,False
1,-0.5,0.0,-0.5,-0.5,uncertain,10-3-A-A,15,False,8,23,8,False,False,False
1,-0.5,0.0,-0.5,-0.5,uncertain,10-3-A-A-A,16,False,6,22,10,False,False,False
1,-0.5,0.0,-0.5,-0.5,uncertain,10-4-2,16,False,6,22,10,False,False,False
1,-0.5,0.0,-0.5,-0.5,uncertain,10-4-2,16,False,7,23,9,False,False,False
1,-0.5,0.0,-0.5,-0.5,uncertain,10-4-2,16,False,7,23,A,False,False,False
1,-0.5,0.0,-0.5,-0.5,uncertain,10-4-2,16,False,8,24,9,False,False,False
1,-0.5,0.0,-0.5,-0.5,uncertain,10-4-2,16,False,8,24,A,False,False,False
1,-0.5,0.0,-0.5,-0.5,uncertain,10-4-2,16,False,9,25,7,False,False,False
1,-0.5,0.0,-0.5,-0.5,uncertain,10-4-A,15,False,7,22,A,False,False,False
1,-0.5,0.0,-0.5,-0.5,uncertain,10-4-A,15,False,8,23,7,False,False,False
1,-0.5,0.0,-0.5,-0.5,uncertain,10-4-A-A,16,False,9,25,10,False,False,False
1,-0.5,0.0,-0.5,-0.5,uncertain,10-5-A,16,False,6,22,9,False,False,False
1,-0.5,0.0,-0.5,-0.5,uncertain,10-5-A,16,False,7,23,7,False,False,False
1,-0.5,0.0,-0.5,-0.5,uncertain,10-5-A,16,False,8,24,10,False,False,False
1,-0.5,0.0,-0.5,-0.5,uncertain,10-5-A,16,False,9,25,9,False,False,False
1,-0.5,0.0,-0.5,-0.5,uncertain,2-10-2,14,False,10,24,A,False,False,False
1,-0.5,0.0,-0.5,-0.5,uncertain,2-10-2,14,False,8,22,9,False,False,False
1,-0.5,0.0,-0.5,-0.5,uncertain,2-10-2,14,False,9,23,7,False,False,False
1,-0.5,0.0,-0.5,-0.5,uncertain,2-10-2-2,16,False,9,25,10,False,False,False
1,-0.5,0.0,-0.5,-0.5,uncertain,2-10-2-A,15,False,10,25,8,False,False,False
1,-0.5,0.0,-0.5,-0.5,uncertain,2-10-2-A,15,False,10,25,9,False,False,False
1,-0.5,0.0,-0.5,-0.5,uncertain,2-10-2-A,15,False,10,25,A,False,False,False
1,-0.5,0.0,-0.5,-0.5,uncertain,2-10-2-A,15,False,8,23,A,False,False,False
1,-0.5,0.0,-0.5,-0.5,uncertain,2-10-2-A-A,16,False,6,22,8,False,False,False
1,-0.5,0.0,-0.5,-0.5,uncertain,2-10-3,15,False,7,22,7,False,False,False
1,-0.5,0.0,-0.5,-0.5,uncertain,2-10-3,15,False,7,22,8,False,False,False
1,-0.5,0.0,-0.5,-0.5,uncertain,2-10-3,15,False,8,23,8,False,False,False
1,-0.5,0.0,-0.5,-0.5,uncertain,2-10-3,15,False,8,23,9,False,False,False
1,-0.5,0.0,-0.5,-0.5,uncertain,2-10-3-A,16,False,10,26,7,False,False,False
1,-0.5,0.0,-0.5,-0.5,uncertain,2-10-3-A,16,False,10,26,8,False,False,False
1,-0.5,0.0,-0.5,-0.5,uncertain,2-10-3-A,16,False,6,22,A,False,False,False
1,-0.5,0.0,-0.5,-0.5,uncertain,2-10-3-A,16,False,7,23,10,False,False,False
1,-0.5,0.0,-0.5,-0.5,uncertain,2-10-3-A,16,False,8,24,A,False,False,False
1,-0.5,0.0,-0.5,-0.5,uncertain,2-10-4,16,False,10,26,7,True,False,False
1,-0.5,0.0,-0.5,-0.5,uncertain,2-10-4,16,False,6,22,7,True,False,False
1,-0.5,0.0,-0.5,-0.5,uncertain,2-10-4,16,False,6,22,9,False,False,False
1,-0.5,0.0,-0.5,-0.5,uncertain,2-10-4,16,False,6,22,A,False,False,False
1,-0.5,0.0,-0.5,-0.5,uncertain,2-10-4,16,False,7,23,8,False,False,False
1,-0.5,0.0,-0.5,-0.5,uncertain,2-10-4,16,False,8,24,9,False,False,False
1,-0.5,0.0,-0.5,-0.5,uncertain,2-10-4,16,False,9,25,10,False,False,False
1,-0.5,0.0,-0.5,-0.5,uncertain,2-10-4,16,False,9,25,8,False,False,False
1,-0.5,0.0,-0.5,-0.5,uncertain,2-10-4,16,False,9,25,A,False,False,False
1,-0.5,0.0,-0.5,-0.5,uncertain,2-10-A-2,15,False,10,25,A,False,False,False
1,-0.5,0.0,-0.5,-0.5,uncertain,2-10-A-3,16,False,10,26,8,False,False,False
1,-0.5,0.0,-0.5,-0.5,uncertain,2-10-A-3,16,False,7,23,10,False,False,False
1,-0.5,0.0,-0.5,-0.5,uncertain,2-10-A-A,14,False,10,24,9,False,False,False
1,-0.5,0.0,-0.5,-0.5,uncertain,2-10-A-A,14,False,9,23,9,False,False,False
1,-0.5,0.0,-0.5,-0.5,uncertain,2-2-10,14,False,9,23,8,False,False,False
1,-0.5,0.0,-0.5,-0.5,uncertain,2-2-10,14,False,9,23,9,False,False,False
1,-0.5,0.0,-0.5,-0.5,uncertain,2-2-10-2,16,False,10,26,A,False,False,False
1,-0.5,0.0,-0.5,-0.5,uncertain,2-2-10-A,15,False,10,25,A,False,False,False
1,-0.5,0.0,-0.5,-0.5,uncertain,2-2-10-A,15,False,9,24,10,False,False,False
1,-0.5,0.0,-0.5,-0.5,uncertain,2-2-2-10,16,False,10,26,10,False,False,False
1,-0.5,0.0,-0.5,-0.5,uncertain,2-2-2-10,16,False,7,23,9,False,False,False
1,-0.5,0.0,-0.5,-0.5,uncertain,2-2-2-6,12,False,10,22,A,False,False,False
1,-0.5,0.0,-0.5,-0.5,uncertain,2-2-2-7,13,False,10,23,10,False,False,False
1,-0.5,0.0,-0.5,-0.5,uncertain,2-2-2-8,14,False,10,24,10,False,False,False
1,-0.5,0.0,-0.5,-0.5,uncertain,2-2-3-8,15,False,9,24,10,False,False,False
1,-0.5,0.0,-0.5,-0.5,uncertain,2-2-3-9,16,False,8,24,10,False,False,False
1,-0.5,0.0,-0.5,-0.5,uncertain,2-2-4-4,12,False,10,22,9,False,False,False
1,-0.5,0.0,-0.5,-0.5,uncertain,2-2-5-3-A-A,14,False,10,24,A,False,False,False
1,-0.5,0.0,-0.5,-0.5,uncertain,2-2-5-5,14,False,10,24,A,False,False,False
1,-0.5,0.0,-0.5,-0.5,uncertain,2-2-5-6,15,False,10,25,10,False,False,False
1,-0.5,0.0,-0.5,-0.5,uncertain,2-2-5-6,15,False,7,22,10,False,False,False
1,-0.5,0.0,-0.5,-0.5,uncertain,2-2-5-7,16,False,10,26,8,False,False,False
1,-0.5,0.0,-0.5,-0.5,uncertain,2-2-5-7,16,False,8,24,A,False,False,False
1,-0.5,0.0,-0.5,-0.5,uncertain,2-2-6-5,15,False,10,25,10,False,False,False
1,-0.5,0.0,-0.5,-0.5,uncertain,2-2-6-6,16,False,10,26,9,False,False,False
1,-0.5,0.0,-0.5,-0.5,uncertain,2-2-6-6,16,False,6,22,9,False,False,False
1,-0.5,0.0,-0.5,-0.5,uncertain,2-2-8,12,False,10,22,9,False,False,False
1,-0.5,0.0,-0.5,-0.5,uncertain,2-2-8-A,13,False,10,23,10,False,False,False
1,-0.5,0.0,-0.5,-0.5,uncertain,2-2-9,13,False,9,22,10,False,False,False
1,-0.5,0.0,-0.5,-0.5,uncertain,2-2-A-10,15,False,8,23,10,False,False,False
1,-0.5,0.0,-0.5,-0.5,uncertain,2-2-A-7-4,16,False,10,26,8,False,False,False
1,-0.5,0.0,-0.5,-0.5,uncertain,2-2-A-A-9,15,False,7,22,10,False,False,False
1,-0.5,0.0,-0.5,-0.5,uncertain,2-3-10,15,False,10,25,7,True,False,False
1,-0.5,0.0,-0.5,-0.5,uncertain,2-3-10,15,False,10,25,A,False,False,False
1,-0.5,0.0,-0.5,-0.5,uncertain,2-3-10,15,False,7,22,A,False,False,False
1,-0.5,0.0,-0.5,-0.5,uncertain,2-3-10,15,False,9,24,9,False,False,False
1,-0.5,0.0,-0.5,-0.5,uncertain,2-3-2-4-4,15,False,9,24,10,False,False,False
1,-0.5,0.0,-0.5,-0.5,uncertain,2-3-2-5,12,False,10,22,10,False,False,False
1,-0.5,0.0,-0.5,-0.5,uncertain,2-3-2-9,16,False,10,26,10,False,False,False
1,-0.5,0.0,-0.5,-0.5,uncertain,2-3-2-9,16,False,10,26,8,False,False,False
1,-0.5,0.0,-0.5,-0.5,uncertain,2-3-3-4,12,False,10,22,A,False,False,False
1,-0.5,0.0,-0.5,-0.5,uncertain,2-3-3-5,13,False,9,22,10,False,False,False
1,-0.5,0.0,-0.5,-0.5,uncertain,2-3-3-6,14,False,10,24,10,False,False,False
1,-0.5,0.0,-0.5,-0.5,uncertain,2-3-3-6,14,False,10,24,8,False,False,False
1,-0.5,0.0,-0.5,-0.5,uncertain,2-3-3-7,15,False,10,25,10,False,False,False
1,-0.5,0.0,-0.5,-0.5,uncertain,2-3-3-8,16,False,7,23,10,False,False,False
1,-0.5,0.0,-0.5,-0.5,uncertain,2-3-3-8,16,False,8,24,10,False,False,False
1,-0.5,0.0,-0.5,-0.5,uncertain,2-3-4-3,12,False,10,22,10,False,False,False
1,-0.5,0.0,-0.5,-0.5,uncertain,2-3-4-4,13,False,10,23,7,False,False,False
1,-0.5,0.0,-0.5,-0.5,uncertain,2-3-4-4-3,16,False,10,26,A,False,False,False
1,-0.5,0.0,-0.5,-0.5,uncertain,2-3-4-5,14,False,10,24,9,False,False,False
1,-0.5,0.0,-0.5,-0.5,uncertain,2-3-4-6,15,False,9,24,10,False,False,False
1,-0.5,0.0,-0.5,-0.5,uncertain,2-3-5-5-A,16,False,10,26,10,False,False,False
1,-0.5,0.0,-0.5,-0.5,uncertain,2-3-6-2,13,False,10,23,10,False,False,False
1,-0.5,0.0,-0.5,-0.5,uncertain,2-3-6-2,13,False,10,23,8,False,False,False
1,-0.5,0.0,-0.5,-0.5,uncertain,2-3-6-4,15,False,10,25,A,False,False,False
1,-0.5,0.0,-0.5,-0.5,uncertain,2-3-6-5,16,False,10,26,A,False,False,False
1,-0.5,0.0,-0.5,-0.5,uncertain,2-3-6-5,16,False,6,22,10,False,False,False
1,-0.5,0.0,-0.5,-0.5,uncertain,2-3-6-A-A,13,False,10,23,7,False,False,False
1,-0.5,0.0,-0.5,-0.5,uncertain,2-3-7,12,False,10,22,2,True,False,False
1,-0.5,0.0,-0.5,-0.5,uncertain,2-3-7,12,False,10,22,8,False,False,False
1,-0.5,0.0,-0.5,-0.5,uncertain,2-3-7-2,14,False,9,23,8,False,False,False
1,-0.5,0.0,-0.5,-0.5,uncertain,2-3-7-2,14,False,9,23,9,False,False,False
1,-0.5,0.0,-0.5,-0.5,uncertain,2-3-7-A-3,16,False,6,22,10,False,False,False
1,-0.5,0.0,-0.5,-0.5,uncertain,2-3-8,13,False,10,23,7,False,False,False
1,-0.5,0.0,-0.5,-0.5,uncertain,2-3-8,13,False,10,23,9,False,False,False
1,-0.5,0.0,-0.5,-0.5,uncertain,2-3-8,13,False,9,22,7,True,False,False
1,-0.5,0.0,-0.5,-0.5,uncertain,2-3-8-3,16,False,10,26,10,False,False,False
1,-0.5,0.0,-0.5,-0.5,uncertain,2-3-8-3,16,False,10,26,7,False,False,False
1,-0.5,0.0,-0.5,-0.5,uncertain,2-3-8-3,16,False,7,23,7,False,False,False
1,-0.5,0.0,-0.5,-0.5,uncertain,2-3-8-A,14,False,10,24,7,False,False,False
1,-0.5,0.0,-0.5,-0.5,uncertain,2-3-8-A,14,False,8,22,10,False,False,False
1,-0.5,0.0,-0.5,-0.5,uncertain,2-3-9,14,False,8,22,8,False,False,False
1,-0.5,0.0,-0.5,-0.5,uncertain,2-3-9,14,False,8,22,A,False,False,False
1,-0.5,0.0,-0.5,-0.5,uncertain,2-3-A-10,16,False,6,22,10,False,False,False
1,-0.5,0.0,-0.5,-0.5,uncertain,2-3-A-6,12,False,10,22,8,False,False,False
1,-0.5,0.0,-0.5,-0.5,uncertain,2-3-A-6-4,16,False,7,23,7,False,False,False
1,-0.5,0.0,-0.5,-0.5,uncertain,2-3-A-7,13,False,10,23,7,False,False,False
1,-0.5,0.0,-0.5,-0.5,uncertain,2-3-A-8,14,False,10,24,7,False,False,False
1,-0.5,0.0,-0.5,-0.5,uncertain,2-3-A-8,14,False,10,24,9,False,False,False
1,-0.5,0.0,-0.5,-0.5,uncertain,2-3-A-9,15,False,7,22,A,False,False,False
1,-0.5,0.0,-0.5,-0.5,uncertain,2-4-10,16,False,6,22,7,False,False,False
1,-0.5,0.0,-0.5,-0.5,uncertain,2-4-10,16,False,6,22,9,False,False,False
1,-0.5,0.0,-0.5,-0.5,uncertain,2-4-10,16,False,7,23,7,False,False,False
1,-0.5,0.0,-0.5,-0.5,uncertain,2-4-10,16,False,7,23,8,False,False,False
1,-0.5,0.0,-0.5,-0.5,uncertain,2-4-10,16,False,7,23,A,False,False,False
1,-0.5,0.0,-0.5,-0.5,uncertain,2-4-10,16,False,8,24,7,False,False,False
1,-0.5,0.0,-0.5,-0.5,uncertain,2-4-10,16,False,9,25,7,False,False,False
1,-0.5,0.0,-0.5,-0.5,uncertain,2-4-2-5,13,False,9,22,10,False,False,False
1,-0.5,0.0,-0.5,-0.5,uncertain,2-4-2-7,15,False,10,25,A,False,False,False
1,-0.5,0.0,-0.5,-0.5,uncertain,2-4-2-7,15,False,9,24,8,False,False,False
1,-0.5,0.0,-0.5,-0.5,uncertain,2-4-2-8,16,False,6,22,8,False,False,False
1,-0.5,0.0,-0.5,-0.5,uncertain,2-4-3-4-3,16,False,9,25,A,False,False,False
1,-0.5,0.0,-0.5,-0.5,uncertain,2-4-3-5,14,False,10,24,7,False,False,False
1,-0.5,0.0,-0.5,-0.5,uncertain,2-4-3-7,16,False,10,26,7,False,False,False
1,-0.5,0.0,-0.5,-0.5,uncertain,2-4-4-3,13,False,10,23,A,False,False,False
1,-0.5,0.0,-0.5,-0.5,uncertain,2-4-4-4,14,False,9,23,10,False,False,False
1,-0.5,0.0,-0.5,-0.5,uncertain,2-4-4-6,16,False,10,26,A,False,False,False
1,-0.5,0.0,-0.5,-0.5,uncertain,2-4-4-6,16,False,8,24,7,True,False,False
1,-0.5,0.0,-0.5,-0.5,uncertain,2-4-5-2,13,False,10,23,10,False,False,False
1,-0.5,0.0,-0.5,-0.5,uncertain,2-4-5-3,14,False,10,24,10,False,False,False
1,-0.5,0.0,-0.5,-0.5,uncertain,2-4-5-5,16,False,10,26,7,False,False,False
1,-0.5,0.0,-0.5,-0.5,uncertain,2-4-5-5,16,False,10,26,9,False,False,False
1,-0.5,0.0,-0.5,-0.5,uncertain,2-4-6-A,13,False,10,23,10,False,False,False
1,-0.5,0.0,-0.5,-0.5,uncertain,2-4-7-2,15,False,7,22,9,False,False,False
1,-0.5,0.0,-0.5,-0.5,uncertain,2-4-7-3,16,False,10,26,7,False,False,False
1,-0.5,0.0,-0.5,-0.5,uncertain,2-4-7-3,16,False,6,22,10,False,False,False
1,-0.5,0.0,-0.5,-0.5,uncertain,2-4-7-A,14,False,10,24,10,False,False,False
1,-0.5,0.0,-0.5,-0.5,uncertain,2-4-7-A,14,False,10,24,9,False,False,False
1,-0.5,0.0,-0.5,-0.5,uncertain,2-4-8,14,False,10,24,9,False,False,False
1,-0.5,0.0,-0.5,-0.5,uncertain,2-4-8,14,False,10,24,A,False,False,False
1,-0.5,0.0,-0.5,-0.5,uncertain,2-4-8,14,False,8,22,10,False,False,False
1,-0.5,0.0,-0.5,-0.5,uncertain,2-4-8,14,False,8,22,9,False,False,False
1,-0.5,0.0,-0.5,-0.5,uncertain,2-4-8-2,16,False,10,26,10,False,False,False
1,-0.5,0.0,-0.5,-0.5,uncertain,2-4-8-A,15,False,7,22,A,False,False,False
1,-0.5,0.0,-0.5,-0.5,uncertain,2-4-9-A,16,False,10,26,10,False,False,False
1,-0.5,0.0,-0.5,-0.5,uncertain,2-4-A-8,15,False,10,25,A,False,False,False
1,-0.5,0.0,-0.5,-0.5,uncertain,2-4-A-9,16,False,10,26,10,False,False,False
1,-0.5,0.0,-0.5,-0.5,uncertain,2-4-A-9,16,False,10,26,8,False,False,False
1,-0.5,0.0,-0.5,-0.5,uncertain,2-4-A-A-7,15,False,9,24,10,False,False,False
1,-0.5,0.0,-0.5,-0.5,uncertain,2-5-2-3,12,False,10,22,10,False,False,False
1,-0.5,0.0,-0.5,-0.5,uncertain,2-5-2-3-2,14,False,9,23,10,False,False,False
1,-0.5,0.0,-0.5,-0.5,uncertain,2-5-2-3-4,16,False,6,22,10,False,False,False
1,-0.5,0.0,-0.5,-0.5,uncertain,2-5-2-6,15,False,7,22,10,False,False,False
1,-0.5,0.0,-0.5,-0.5,uncertain,2-5-2-6,15,False,7,22,A,False,False,False
1,-0.5,0.0,-0.5,-0.5,uncertain,2-5-2-7,16,False,9,25,8,False,False,False
1,-0.5,0.0,-0.5,-0.5,uncertain,2-5-3-3-3,16,False,7,23,A,False,False,False
1,-0.5,0.0,-0.5,-0.5,uncertain,2-5-3-4-2,16,False,6,22,10,False,False,False
1,-0.5,0.0,-0.5,-0.5,uncertain,2-5-3-6,16,False,10,26,10,False,False,False
1,-0.5,0.0,-0.5,-0.5,uncertain,2-5-3-6,16,False,9,25,7,False,False,False
1,-0.5,0.0,-0.5,-0.5,uncertain,2-5-4-2,13,False,10,23,10,False,False,False
1,-0.5,0.0,-0.5,-0.5,uncertain,2-5-4-2,13,False,10,23,8,False,False,False
1,-0.5,0.0,-0.5,-0.5,uncertain,2-5-4-3,14,False,8,22,10,False,False,False
1,-0.5,0.0,-0.5,-0.5,uncertain,2-5-4-4,15,False,10,25,7,False,False,False
1,-0.5,0.0,-0.5,-0.5,uncertain,2-5-4-A,12,False,10,22,7,False,False,False
1,-0.5,0.0,-0.5,-0.5,uncertain,2-5-4-A-2,14,False,10,24,10,False,False,False
1,-0.5,0.0,-0.5,-0.5,uncertain,2-5-5,12,False,10,22,8,False,False,False
1,-0.5,0.0,-0.5,-0.5,uncertain,2-5-5-2-2,16,False,10,26,10,False,False,False
1,-0.5,0.0,-0.5,-0.5,uncertain,2-5-5-A,13,False,10,23,7,False,False,False
1,-0.5,0.0,-0.5,-0.5,uncertain,2-5-5-A-3,16,False,9,25,8,False,False,False
1,-0.5,0.0,-0.5,-0.5,uncertain,2-5-6,13,False,9,22,10,False,False,False
1,-0.5,0.0,-0.5,-0.5,uncertain,2-5-7,14,False,10,24,A,False,False,False
1,-0.5,0.0,-0.5,-0.5,uncertain,2-5-7,14,False,8,22,7,False,False,False
1,-0.5,0.0,-0.5,-0.5,uncertain,2-5-7,14,False,9,23,10,False,False,False
1,-0.5,0.0,-0.5,-0.5,uncertain,2-5-7,14,False,9,23,9,False,False,False
1,-0.5,0.0,-0.5,-0.5,uncertain,2-5-7-2,16,False,7,23,10,False,False,False
1,-0.5,0.0,-0.5,-0.5,uncertain,2-5-8,15,False,10,25,8,False,False,False
1,-0.5,0.0,-0.5,-0.5,uncertain,2-5-8,15,False,8,23,7,False,False,False
1,-0.5,0.0,-0.5,-0.5,uncertain,2-5-8,15,False,8,23,8,False,False,False
1,-0.5,0.0,-0.5,-0.5,uncertain,2-5-8,15,False,9,24,10,False,False,False
1,-0.5,0.0,-0.5,-0.5,uncertain,2-5-9,16,False,6,22,10,False,False,False
1,-0.5,0.0,-0.5,-0.5,uncertain,2-5-9,16,False,8,24,A,False,False,False
1,-0.5,0.0,-0.5,-0.5,uncertain,2-5-9,16,False,9,25,10,False,False,False
1,-0.5,0.0,-0.5,-0.5,uncertain,2-5-9,16,False,9,25,9,False,False,False
1,-0.5,0.0,-0.5,-0.5,uncertain,2-5-A-7,15,False,9,24,10,False,False,False
1,-0.5,0.0,-0.5,-0.5,uncertain,2-6-2-4,14,False,9,23,10,False,False,False
1,-0.5,0.0,-0.5,-0.5,uncertain,2-6-2-4,14,False,9,23,A,False,False,False
1,-0.5,0.0,-0.5,-0.5,uncertain,2-6-2-5,15,False,10,25,10,False,False,False
1,-0.5,0.0,-0.5,-0.5,uncertain,2-6-2-6,16,False,6,22,10,False,False,False
1,-0.5,0.0,-0.5,-0.5,uncertain,2-6-2-6,16,False,7,23,10,False,False,False
1,-0.5,0.0,-0.5,-0.5,uncertain,2-6-3-5,16,False,9,25,10,False,False,False
1,-0.5,0.0,-0.5,-0.5,uncertain,2-6-3-A-4,16,False,10,26,10,False,False,False
1,-0.5,0.0,-0.5,-0.5,uncertain,2-6-4,12,False,10,22,10,False,False,False
1,-0.5,0.0,-0.5,-0.5,uncertain,2-6-4,12,False,10,22,3,True,False,False
1,-0.5,0.0,-0.5,-0.5,uncertain,2-6-4,12,False,10,22,8,False,False,False
1,-0.5,0.0,-0.5,-0.5,uncertain,2-6-4,12,False,10,22,A,False,False,False
1,-0.5,0.0,-0.5,-0.5,uncertain,2-6-4-2,14,False,10,24,10,False,False,False
1,-0.5,0.0,-0.5,-0.5,uncertain,2-6-4-2-2,16,False,10,26,7,False,False,False
1,-0.5,0.0,-0.5,-0.5,uncertain,2-6-4-4,16,False,8,24,7,False,False,False
1,-0.5,0.0,-0.5,-0.5,uncertain,2-6-4-4,16,False,9,25,9,False,False,False
1,-0.5,0.0,-0.5,-0.5,uncertain,2-6-4-A,13,False,10,23,10,False,False,False
1,-0.5,0.0,-0.5,-0.5,uncertain,2-6-5,13,False,10,23,A,False,False,False
1,-0.5,0.0,-0.5,-0.5,uncertain,2-6-5,13,False,9,22,7,False,False,False
1,-0.5,0.0,-0.5,-0.5,uncertain,2-6-5,13,False,9,22,8,False,False,False
1,-0.5,0.0,-0.5,-0.5,uncertain,2-6-5-2,15,False,10,25,10,False,False,False
1,-0.5,0.0,-0.5,-0.5,uncertain,2-6-5-2,15,False,10,25,7,False,False,False
1,-0.5,0.0,-0.5,-0.5,uncertain,2-6-5-A,14,False,10,24,10,False,False,False
1,-0.5,0.0,-0.5,-0.5,uncertain,2-6-6,14,False,10,24,9,False,False,False
1,-0.5,0.0,-0.5,-0.5,uncertain,2-6-6,14,False,8,22,7,False,False,False
1,-0.5,0.0,-0.5,-0.5,uncertain,2-6-6,14,False,9,23,7,True,False,False
1,-0.5,0.0,-0.5,-0.5,uncertain,2-6-6-A,15,False,10,25,10,False,False,False
1,-0.5,0.0,-0.5,-0.5,uncertain,2-6-7,15,False,10,25,10,False,False,False
1,-0.5,0.0,-0.5,-0.5,uncertain,2-6-7,15,False,10,25,7,True,False,False
1,-0.5,0.0,-0.5,-0.5,uncertain,2-6-7,15,False,7,22,10,False,False,False
1,-0.5,0.0,-0.5,-0.5,uncertain,2-6-7,15,False,8,23,9,False,False,False
1,-0.5,0.0,-0.5,-0.5,uncertain,2-6-7,15,False,9,24,7,False,False,False
1,-0.5,0.0,-0.5,-0.5,uncertain,2-6-7-A,16,False,10,26,8,False,False,False
1,-0.5,0.0,-0.5,-0.5,uncertain,2-6-8,16,False,10,26,8,False,False,False
1,-0.5,0.0,-0.5,-0.5,uncertain,2-6-8,16,False,7,23,8,False,False,False
1,-0.5,0.0,-0.5,-0.5,uncertain,2-6-8,16,False,7,23,A,False,False,False
1,-0.5,0.0,-0.5,-0.5,uncertain,2-6-8,16,False,8,24,8,False,False,False
1,-0.5,0.0,-0.5,-0.5,uncertain,2-7-2-4,15,False,10,25,A,False,False,False
1,-0.5,0.0,-0.5,-0.5,uncertain,2-7-2-5,16,False,10,26,9,False,False,False
1,-0.5,0.0,-0.5,-0.5,uncertain,2-7-2-5,16,False,10,26,A,False,False,False
1,-0.5,0.0,-0.5,-0.5,uncertain,2-7-3,12,False,10,22,A,False,False,False
1,-0.5,0.0,-0.5,-0.5,uncertain,2-7-3-3,15,False,10,25,7,False,False,False
1,-0.5,0.0,-0.5,-0.5,uncertain,2-7-3-4,16,False,10,26,7,False,False,False
1,-0.5,0.0,-0.5,-0.5,uncertain,2-7-3-4,16,False,6,22,10,False,False,False
1,-0.5,0.0,-0.5,-0.5,uncertain,2-7-3-A,13,False,10,23,8,False,False,False
1,-0.5,0.0,-0.5,-0.5,uncertain,2-7-3-A,13,False,10,23,9,False,False,False
1,-0.5,0.0,-0.5,-0.5,uncertain,2-7-4,13,False,10,23,7,False,False,False
1,-0.5,0.0,-0.5,-0.5,uncertain,2-7-4-3,16,False,8,24,A,False,False,False
1,-0.5,0.0,-0.5,-0.5,uncertain,2-7-4-A,14,False,8,22,10,False,False,False
1,-0.5,0.0,-0.5,-0.5,uncertain,2-7-5,14,False,10,24,A,False,False,False
1,-0.5,0.0,-0.5,-0.5,uncertain,2-7-5-2,16,False,10,26,8,False,False,False
1,-0.5,0.0,-0.5,-0.5,uncertain,2-7-6,15,False,10,25,9,False,False,False
1,-0.5,0.0,-0.5,-0.5,uncertain,2-7-6,15,False,7,22,10,False,False,False
1,-0.5,0.0,-0.5,-0.5,uncertain,2-7-6,15,False,7,22,9,False,False,False
1,-0.5,0.0,-0.5,-0.5,uncertain,2-7-6,15,False,9,24,10,False,False,False
1,-0.5,0.0,-0.5,-0.5,uncertain,2-7-7,16,False,10,26,7,True,False,False
1,-0.5,0.0,-0.5,-0.5,uncertain,2-7-7,16,False,6,22,8,False,False,False
1,-0.5,0.0,-0.5,-0.5,uncertain,2-7-7,16,False,6,22,9,False,False,False
1,-0.5,0.0,-0.5,-0.5,uncertain,2-7-7,16,False,7,23,7,False,False,False
1,-0.5,0.0,-0.5,-0.5,uncertain,2-7-7,16,False,7,23,8,False,False,False
1,-0.5,0.0,-0.5,-0.5,uncertain,2-7-7,16,False,7,23,A,False,False,False
1,-0.5,0.0,-0.5,-0.5,uncertain,2-7-7,16,False,8,24,7,False,False,False
1,-0.5,0.0,-0.5,-0.5,uncertain,2-7-7,16,False,8,24,8,False,False,False
1,-0.5,0.0,-0.5,-0.5,uncertain,2-7-7,16,False,9,25,9,False,False,False
1,-0.5,0.0,-0.5,-0.5,uncertain,2-8-2,12,False,10,22,A,False,False,False
1,-0.5,0.0,-0.5,-0.5,uncertain,2-8-4,14,False,10,24,10,False,False,False
1,-0.5,0.0,-0.5,-0.5,uncertain,2-8-4-2,16,False,8,24,10,False,False,False
1,-0.5,0.0,-0.5,-0.5,uncertain,2-8-4-A,15,False,9,24,10,False,False,False
1,-0.5,0.0,-0.5,-0.5,uncertain,2-8-5,15,False,8,23,10,False,False,False
1,-0.5,0.0,-0.5,-0.5,uncertain,2-8-6,16,False,6,22,10,False,False,False
1,-0.5,0.0,-0.5,-0.5,uncertain,2-8-6,16,False,7,23,10,False,False,False
1,-0.5,0.0,-0.5,-0.5,uncertain,2-8-6,16,False,8,24,A,False,False,False
1,-0.5,0.0,-0.5,-0.5,uncertain,2-A-10-2,15,False,10,25,9,False,False,False
1,-0.5,0.0,-0.5,-0.5,uncertain,2-A-10-2,15,False,7,22,7,False,False,False
1,-0.5,0.0,-0.5,-0.5,uncertain,2-A-10-2,15,False,7,22,8,False,False,False
1,-0.5,0.0,-0.5,-0.5,uncertain,2-A-10-3,16,False,10,26,7,False,False,False
1,-0.5,0.0,-0.5,-0.5,uncertain,2-A-10-3,16,False,6,22,A,False,False,False
1,-0.5,0.0,-0.5,-0.5,uncertain,2-A-10-3,16,False,9,25,9,False,False,False
1,-0.5,0.0,-0.5,-0.5,uncertain,2-A-10-A,14,False,9,23,10,False,False,False
1,-0.5,0.0,-0.5,-0.5,uncertain,2-A-2-10-A,16,False,10,26,7,False,False,False
1,-0.5,0.0,-0.5,-0.5,uncertain,2-A-3-10,16,False,10,26,10,False,False,False
1,-0.5,0.0,-0.5,-0.5,uncertain,2-A-3-10,16,False,10,26,7,False,False,False
1,-0.5,0.0,-0.5,-0.5,uncertain,2-A-3-10,16,False,10,26,9,False,False,False
1,-0.5,0.0,-0.5,-0.5,uncertain,2-A-3-10,16,False,8,24,10,False,False,False
1,-0.5,0.0,-0.5,-0.5,uncertain,2-A-3-7-2,15,False,10,25,10,False,False,False
1,-0.5,0.0,-0.5,-0.5,uncertain,2-A-3-9,15,False,8,23,10,False,False,False
1,-0.5,0.0,-0.5,-0.5,uncertain,2-A-4-6,13,False,10,23,7,False,False,False
1,-0.5,0.0,-0.5,-0.5,uncertain,2-A-4-6,13,False,9,22,A,False,False,False
1,-0.5,0.0,-0.5,-0.5,uncertain,2-A-4-7,14,False,10,24,10,False,False,False
1,-0.5,0.0,-0.5,-0.5,uncertain,2-A-4-8,15,False,10,25,10,False,False,False
1,-0.5,0.0,-0.5,-0.5,uncertain,2-A-4-8,15,False,9,24,7,False,False,False
1,-0.5,0.0,-0.5,-0.5,uncertain,2-A-4-A-6,14,False,8,22,10,False,False,False
1,-0.5,0.0,-0.5,-0.5,uncertain,2-A-5-6,14,False,10,24,A,False,False,False
1,-0.5,0.0,-0.5,-0.5,uncertain,2-A-5-8,16,False,10,26,A,False,False,False
1,-0.5,0.0,-0.5,-0.5,uncertain,2-A-9,12,False,10,22,9,False,False,False
1,-0.5,0.0,-0.5,-0.5,uncertain,2-A-9-3,15,False,10,25,8,False,False,False
1,-0.5,0.0,-0.5,-0.5,uncertain,2-A-9-4,16,False,10,26,8,False,False,False
1,-0.5,0.0,-0.5,-0.5,uncertain,2-A-9-A,13,False,9,22,8,False,False,False
1,-0.5,0.0,-0.5,-0.5,uncertain,2-A-A-10,14,False,10,24,7,False,False,False
1,-0.5,0.0,-0.5,-0.5,uncertain,2-A-A-10,14,False,8,22,10,False,False,False
1,-0.5,0.0,-0.5,-0.5,uncertain,2-A-A-10-A,15,False,9,24,10,False,False,False
1,-0.5,0.0,-0.5,-0.5,uncertain,3-10-2,15,False,7,22,7,False,False,False
1,-0.5,0.0,-0.5,-0.5,uncertain,3-10-2,15,False,7,22,9,False,False,False
1,-0.5,0.0,-0.5,-0.5,uncertain,3-10-2,15,False,8,23,7,False,False,False
1,-0.5,0.0,-0.5,-0.5,uncertain,3-10-2,15,False,8,23,7,True,False,False
1,-0.5,0.0,-0.5,-0.5,uncertain,3-10-2,15,False,9,24,A,False,False,False
1,-0.5,0.0,-0.5,-0.5,uncertain,3-10-2-A,16,False,10,26,8,False,False,False
1,-0.5,0.0,-0.5,-0.5,uncertain,3-10-2-A,16,False,10,26,A,False,False,False
1,-0.5,0.0,-0.5,-0.5,uncertain,3-10-2-A,16,False,6,22,7,False,False,False
1,-0.5,0.0,-0.5,-0.5,uncertain,3-10-3,16,False,6,22,9,False,False,False
1,-0.5,0.0,-0.5,-0.5,uncertain,3-10-3,16,False,6,22,A,False,False,False
1,-0.5,0.0,-0.5,-0.5,uncertain,3-10-3,16,False,7,23,7,True,False,False
1,-0.5,0.0,-0.5,-0.5,uncertain,3-10-3,16,False,9,25,7,False,False,False
1,-0.5,0.0,-0.5,-0.5,uncertain,3-10-3,16,False,9,25,8,False,False,False
1,-0.5,0.0,-0.5,-0.5,uncertain,3-10-3,16,False,9,25,A,False,False,False
1,-0.5,0.0,-0.5,-0.5,uncertain,3-10-A,14,False,10,24,7,True,False,False
1,-0.5,0.0,-0.5,-0.5,uncertain,3-10-A,14,False,10,24,A,False,False,False
1,-0.5,0.0,-0.5,-0.5,uncertain,3-10-A,14,False,8,22,8,False,False,False
1,-0.5,0.0,-0.5,-0.5,uncertain,3-10-A-2,16,False,10,26,9,False,False,False
1,-0.5,0.0,-0.5,-0.5,uncertain,3-10-A-2,16,False,8,24,10,False,False,False
1,-0.5,0.0,-0.5,-0.5,uncertain,3-10-A-A,15,False,7,22,10,False,False,False
1,-0.5,0.0,-0.5,-0.5,uncertain,3-10-A-A,15,False,7,22,A,False,False,False
1,-0.5,0.0,-0.5,-0.5,uncertain,3-2-10,15,False,7,22,A,False,False,False
1,-0.5,0.0,-0.5,-0.5,uncertain,3-2-10,15,False,9,24,7,False,False,False
1,-0.5,0.0,-0.5,-0.5,uncertain,3-2-10,15,False,9,24,7,True,False,False
1,-0.5,0.0,-0.5,-0.5,uncertain,3-2-10-A,16,False,10,26,10,False,False,False
1,-0.5,0.0,-0.5,-0.5,uncertain,3-2-10-A,16,False,10,26,9,False,False,False
1,-0.5,0.0,-0.5,-0.5,uncertain,3-2-10-A,16,False,7,23,9,False,False,False
1,-0.5,0.0,-0.5,-0.5,uncertain,3-2-10-A,16,False,8,24,10,False,False,False
1,-0.5,0.0,-0.5,-0.5,uncertain,3-2-2-3-4,14,False,10,24,10,False,False,False
1,-0.5,0.0,-0.5,-0.5,uncertain,3-2-2-5,12,False,10,22,10,False,False,False
1,-0.5,0.0,-0.5,-0.5,uncertain,3-2-2-6-3,16,False,6,22,10,False,False,False
1,-0.5,0.0,-0.5,-0.5,uncertain,3-2-2-7,14,False,9,23,9,False,False,False
1,-0.5,0.0,-0.5,-0.5,uncertain,3-2-3-5,13,False,10,23,10,False,False,False
1,-0.5,0.0,-0.5,-0.5,uncertain,3-2-3-7,15,False,10,25,10,False,False,False
1,-0.5,0.0,-0.5,-0.5,uncertain,3-2-3-8,16,False,10,26,10,False,False,False
1,-0.5,0.0,-0.5,-0.5,uncertain,3-2-3-8,16,False,6,22,10,False,False,False
1,-0.5,0.0,-0.5,-0.5,uncertain,3-2-4-2-5,16,False,10,26,10,False,False,False
1,-0.5,0.0,-0.5,-0.5,uncertain,3-2-4-2-A,12,False,10,22,7,False,False,False
1,-0.5,0.0,-0.5,-0.5,uncertain,3-2-4-3,12,False,10,22,9,False,False,False
1,-0.5,0.0,-0.5,-0.5,uncertain,3-2-4-4-A,14,False,9,23,10,False,False,False
1,-0.5,0.0,-0.5,-0.5,uncertain,3-2-4-6,15,False,10,25,10,False,False,False
1,-0.5,0.0,-0.5,-0.5,uncertain,3-2-4-6,15,False,10,25,A,False,False,False
1,-0.5,0.0,-0.5,-0.5,uncertain,3-2-4-7,16,False,10,26,9,False,False,False
1,-0.5,0.0,-0.5,-0.5,uncertain,3-2-5-4,14,False,10,24,10,False,False,False
1,-0.5,0.0,-0.5,-0.5,uncertain,3-2-5-4,14,False,10,24,8,False,False,False
1,-0.5,0.0,-0.5,-0.5,uncertain,3-2-5-5,15,False,8,23,10,False,False,False
1,-0.5,0.0,-0.5,-0.5,uncertain,3-2-6-2,13,False,10,23,8,False,False,False
1,-0.5,0.0,-0.5,-0.5,uncertain,3-2-6-2-2,15,False,9,24,10,False,False,False
1,-0.5,0.0,-0.5,-0.5,uncertain,3-2-6-2-A,14,False,8,22,9,False,False,False
1,-0.5,0.0,-0.5,-0.5,uncertain,3-2-6-4,15,False,7,22,10,False,False,False
1,-0.5,0.0,-0.5,-0.5,uncertain,3-2-6-5,16,False,6,22,7,False,False,False
1,-0.5,0.0,-0.5,-0.5,uncertain,3-2-6-A,12,False,10,22,10,False,False,False
1,-0.5,0.0,-0.5,-0.5,uncertain,3-2-7,12,False,10,22,3,False,False,False
1,-0.5,0.0,-0.5,-0.5,uncertain,3-2-7,12,False,10,22,9,False,False,False
1,-0.5,0.0,-0.5,-0.5,uncertain,3-2-7,12,False,10,22,A,False,False,False
1,-0.5,0.0,-0.5,-0.5,uncertain,3-2-7-3,15,False,8,23,10,False,False,False
1,-0.5,0.0,-0.5,-0.5,uncertain,3-2-7-4,16,False,7,23,10,False,False,False
1,-0.5,0.0,-0.5,-0.5,uncertain,3-2-7-A,13,False,10,23,A,False,False,False
1,-0.5,0.0,-0.5,-0.5,uncertain,3-2-8,13,False,10,23,9,False,False,False
1,-0.5,0.0,-0.5,-0.5,uncertain,3-2-8,13,False,9,22,9,False,False,False
1,-0.5,0.0,-0.5,-0.5,uncertain,3-2-9,14,False,10,24,7,False,False,False
1,-0.5,0.0,-0.5,-0.5,uncertain,3-2-9,14,False,10,24,9,False,False,False
1,-0.5,0.0,-0.5,-0.5,uncertain,3-2-A-10,16,False,10,26,8,False,False,False
1,-0.5,0.0,-0.5,-0.5,uncertain,3-2-A-10,16,False,6,22,8,False,False,False
1,-0.5,0.0,-0.5,-0.5,uncertain,3-2-A-10,16,False,6,22,9,False,False,False
1,-0.5,0.0,-0.5,-0.5,uncertain,3-2-A-10,16,False,7,23,10,False,False,False
1,-0.5,0.0,-0.5,-0.5,uncertain,3-2-A-6,12,False,10,22,2,False,False,False
1,-0.5,0.0,-0.5,-0.5,uncertain,3-2-A-6-4,16,False,8,24,A,False,False,False
1,-0.5,0.0,-0.5,-0.5,uncertain,3-2-A-7-2,15,False,9,24,10,False,False,False
1,-0.5,0.0,-0.5,-0.5,uncertain,3-2-A-8,14,False,10,24,10,False,False,False
1,-0.5,0.0,-0.5,-0.5,uncertain,3-2-A-8,14,False,10,24,A,False,False,False
1,-0.5,0.0,-0.5,-0.5,uncertain,3-2-A-8,14,False,9,23,7,False,False,False
1,-0.5,0.0,-0.5,-0.5,uncertain,3-2-A-9,15,False,8,23,10,False,False,False
1,-0.5,0.0,-0.5,-0.5,uncertain,3-2-A-9,15,False,9,24,10,False,False,False
1,-0.5,0.0,-0.5,-0.5,uncertain,3-3-10,16,False,6,22,10,False,False,False
1,-0.5,0.0,-0.5,-0.5,uncertain,3-3-10,16,False,7,23,8,False,False,False
1,-0.5,0.0,-0.5,-0.5,uncertain,3-3-10,16,False,8,24,10,False,False,False
1,-0.5,0.0,-0.5,-0.5,uncertain,3-3-10,16,False,9,25,8,False,False,False
1,-0.5,0.0,-0.5,-0.5,uncertain,3-3-10,16,False,9,25,9,False,False,False
1,-0.5,0.0,-0.5,-0.5,uncertain,3-3-10,16,False,9,25,A,False,False,False
1,-0.5,0.0,-0.5,-0.5,uncertain,3-3-3-3-4,16,False,6,22,10,False,False,False
1,-0.5,0.0,-0.5,-0.5,uncertain,3-3-3-4-3,16,False,10,26,10,False,False,False
1,-0.5,0.0,-0.5,-0.5,uncertain,3-3-3-6,15,False,10,25,10,False,False,False
1,-0.5,0.0,-0.5,-0.5,uncertain,3-3-3-6,15,False,8,23,10,False,False,False
1,-0.5,0.0,-0.5,-0.5,uncertain,3-3-4-2-4,16,False,10,26,10,False,False,False
1,-0.5,0.0,-0.5,-0.5,uncertain,3-3-4-6,16,False,6,22,8,False,False,False
1,-0.5,0.0,-0.5,-0.5,uncertain,3-3-4-6,16,False,9,25,10,False,False,False
1,-0.5,0.0,-0.5,-0.5,uncertain,3-3-5-2-3,16,False,10,26,10,False,False,False
1,-0.5,0.0,-0.5,-0.5,uncertain,3-3-5-3,14,False,9,23,10,False,False,False
1,-0.5,0.0,-0.5,-0.5,uncertain,3-3-5-A,12,False,10,22,10,False,False,False
1,-0.5,0.0,-0.5,-0.5,uncertain,3-3-5-A-2,14,False,10,24,10,False,False,False
1,-0.5,0.0,-0.5,-0.5,uncertain,3-3-6,12,False,10,22,A,False,False,False
1,-0.5,0.0,-0.5,-0.5,uncertain,3-3-7,13,False,10,23,9,False,False,False
1,-0.5,0.0,-0.5,-0.5,uncertain,3-3-7,13,False,9,22,10,False,False,False
1,-0.5,0.0,-0.5,-0.5,uncertain,3-3-7-2,15,False,10,25,A,False,False,False
1,-0.5,0.0,-0.5,-0.5,uncertain,3-3-7-3,16,False,6,22,8,False,False,False
1,-0.5,0.0,-0.5,-0.5,uncertain,3-3-7-A,14,False,10,24,9,False,False,False
1,-0.5,0.0,-0.5,-0.5,uncertain,3-3-8,14,False,10,24,A,False,False,False
1,-0.5,0.0,-0.5,-0.5,uncertain,3-3-8,14,False,9,23,9,False,False,False
1,-0.5,0.0,-0.5,-0.5,uncertain,3-3-8,14,False,9,23,A,False,False,False
1,-0.5,0.0,-0.5,-0.5,uncertain,3-3-9,15,False,10,25,8,False,False,False
1,-0.5,0.0,-0.5,-0.5,uncertain,3-3-9,15,False,7,22,A,False,False,False
1,-0.5,0.0,-0.5,-0.5,uncertain,3-3-9,15,False,8,23,A,False,False,False
1,-0.5,0.0,-0.5,-0.5,uncertain,3-3-9-A,16,False,7,23,10,False,False,False
1,-0.5,0.0,-0.5,-0.5,uncertain,3-3-A-8,15,False,10,25,10,False,False,False
1,-0.5,0.0,-0.5,-0.5,uncertain,3-4-2-3,12,False,10,22,9,False,False,False
1,-0.5,0.0,-0.5,-0.5,uncertain,3-4-2-4-3,16,False,6,22,7,False,False,False
1,-0.5,0.0,-0.5,-0.5,uncertain,3-4-2-4-A-A-A,16,False,8,24,10,False,False,False
1,-0.5,0.0,-0.5,-0.5,uncertain,3-4-2-7,16,False,10,26,A,False,False,False
1,-0.5,0.0,-0.5,-0.5,uncertain,3-4-2-7,16,False,6,22,A,False,False,False
1,-0.5,0.0,-0.5,-0.5,uncertain,3-4-2-7,16,False,8,24,7,False,False,False
1,-0.5,0.0,-0.5,-0.5,uncertain,3-4-3-2,12,False,10,22,9,False,False,False
1,-0.5,0.0,-0.5,-0.5,uncertain,3-4-3-3,13,False,10,23,10,False,False,False
1,-0.5,0.0,-0.5,-0.5,uncertain,3-4-3-3,13,False,10,23,8,False,False,False
1,-0.5,0.0,-0.5,-0.5,uncertain,3-4-4-3-2,16,False,6,22,A,False,False,False
1,-0.5,0.0,-0.5,-0.5,uncertain,3-4-4-4-A,16,False,9,25,8,False,False,False
1,-0.5,0.0,-0.5,-0.5,uncertain,3-4-4-5,16,False,10,26,8,False,False,False
1,-0.5,0.0,-0.5,-0.5,uncertain,3-4-5,12,False,10,22,2,False,False,False
1,-0.5,0.0,-0.5,-0.5,uncertain,3-4-5,12,False,10,22,3,False,False,False
1,-0.5,0.0,-0.5,-0.5,uncertain,3-4-5-2,14,False,9,23,7,True,False,False
1,-0.5,0.0,-0.5,-0.5,uncertain,3-4-5-4,16,False,8,24,10,False,False,False
1,-0.5,0.0,-0.5,-0.5,uncertain,3-4-5-A,13,False,10,23,8,False,False,False
1,-0.5,0.0,-0.5,-0.5,uncertain,3-4-6,13,False,9,22,10,False,False,False
1,-0.5,0.0,-0.5,-0.5,uncertain,3-4-7,14,False,10,24,9,False,False,False
1,-0.5,0.0,-0.5,-0.5,uncertain,3-4-7,14,False,8,22,8,False,False,False
1,-0.5,0.0,-0.5,-0.5,uncertain,3-4-7,14,False,9,23,8,False,False,False
1,-0.5,0.0,-0.5,-0.5,uncertain,3-4-7,14,False,9,23,A,False,False,False
1,-0.5,0.0,-0.5,-0.5,uncertain,3-4-7-2,16,False,10,26,10,False,False,False
1,-0.5,0.0,-0.5,-0.5,uncertain,3-4-7-2,16,False,7,23,10,False,False,False
1,-0.5,0.0,-0.5,-0.5,uncertain,3-4-7-2,16,False,7,23,7,False,False,False
1,-0.5,0.0,-0.5,-0.5,uncertain,3-4-7-A,15,False,10,25,7,False,False,False
1,-0.5,0.0,-0.5,-0.5,uncertain,3-4-8,15,False,10,25,8,False,False,False
1,-0.5,0.0,-0.5,-0.5,uncertain,3-4-8,15,False,7,22,7,False,False,False
1,-0.5,0.0,-0.5,-0.5,uncertain,3-4-8,15,False,8,23,9,False,False,False
1,-0.5,0.0,-0.5,-0.5,uncertain,3-4-9,16,False,10,26,10,False,False,False
1,-0.5,0.0,-0.5,-0.5,uncertain,3-4-9,16,False,10,26,7,False,False,False
1,-0.5,0.0,-0.5,-0.5,uncertain,3-4-9,16,False,10,26,7,True,False,False
1,-0.5,0.0,-0.5,-0.5,uncertain,3-4-9,16,False,10,26,9,False,False,False
1,-0.5,0.0,-0.5,-0.5,uncertain,3-4-9,16,False,6,22,7,False,False,False
1,-0.5,0.0,-0.5,-0.5,uncertain,3-4-9,16,False,6,22,A,False,False,False
1,-0.5,0.0,-0.5,-0.5,uncertain,3-4-9,16,False,7,23,10,False,False,False
1,-0.5,0.0,-0.5,-0.5,uncertain,3-4-9,16,False,7,23,7,True,False,False
1,-0.5,0.0,-0.5,-0.5,uncertain,3-4-9,16,False,8,24,10,False,False,False
1,-0.5,0.0,-0.5,-0.5,uncertain,3-4-9,16,False,9,25,7,False,False,False
1,-0.5,0.0,-0.5,-0.5,uncertain,3-4-9,16,False,9,25,9,False,False,False
1,-0.5,0.0,-0.5,-0.5,uncertain,3-4-A-5-3,16,False,6,22,9,False,False,False
1,-0.5,0.0,-0.5,-0.5,uncertain,3-5-2-2,12,False,10,22,10,False,False,False
1,-0.5,0.0,-0.5,-0.5,uncertain,3-5-2-3,13,False,10,23,10,False,False,False
1,-0.5,0.0,-0.5,-0.5,uncertain,3-5-2-3,13,False,10,23,A,False,False,False
1,-0.5,0.0,-0.5,-0.5,uncertain,3-5-2-4,14,False,10,24,7,True,False,False
1,-0.5,0.0,-0.5,-0.5,uncertain,3-5-2-5,15,False,10,25,7,False,False,False
1,-0.5,0.0,-0.5,-0.5,uncertain,3-5-2-5,15,False,7,22,10,False,False,False
1,-0.5,0.0,-0.5,-0.5,uncertain,3-5-2-5,15,False,7,22,A,False,False,False
1,-0.5,0.0,-0.5,-0.5,uncertain,3-5-2-6,16,False,10,26,10,False,False,False
1,-0.5,0.0,-0.5,-0.5,uncertain,3-5-3-3,14,False,9,23,10,False,False,False
1,-0.5,0.0,-0.5,-0.5,uncertain,3-5-3-A,12,False,10,22,2,False,False,False
1,-0.5,0.0,-0.5,-0.5,uncertain,3-5-3-A,12,False,10,22,8,False,False,False
1,-0.5,0.0,-0.5,-0.5,uncertain,3-5-4,12,False,10,22,A,False,False,False
1,-0.5,0.0,-0.5,-0.5,uncertain,3-5-4-2,14,False,9,23,A,False,False,False
1,-0.5,0.0,-0.5,-0.5,uncertain,3-5-4-3,15,False,7,22,A,False,False,False
1,-0.5,0.0,-0.5,-0.5,uncertain,3-5-5,13,False,10,23,8,False,False,False
1,-0.5,0.0,-0.5,-0.5,uncertain,3-5-5,13,False,9,22,10,False,False,False
1,-0.5,0.0,-0.5,-0.5,uncertain,3-5-5-3,16,False,8,24,9,False,False,False
1,-0.5,0.0,-0.5,-0.5,uncertain,3-5-6,14,False,10,24,9,False,False,False
1,-0.5,0.0,-0.5,-0.5,uncertain,3-5-6,14,False,8,22,9,False,False,False
1,-0.5,0.0,-0.5,-0.5,uncertain,3-5-6,14,False,9,23,7,False,False,False
1,-0.5,0.0,-0.5,-0.5,uncertain,3-5-6-A,15,False,7,22,8,False,False,False
1,-0.5,0.0,-0.5,-0.5,uncertain,3-5-7,15,False,9,24,7,False,False,False
1,-0.5,0.0,-0.5,-0.5,uncertain,3-5-8,16,False,10,26,A,False,False,False
1,-0.5,0.0,-0.5,-0.5,uncertain,3-5-8,16,False,6,22,10,False,False,False
1,-0.5,0.0,-0.5,-0.5,uncertain,3-5-8,16,False,7,23,7,False,False,False
1,-0.5,0.0,-0.5,-0.5,uncertain,3-5-8,16,False,9,25,9,False,False,False
1,-0.5,0.0,-0.5,-0.5,uncertain,3-6-2-4-A,16,False,10,26,10,False,False,False
1,-0.5,0.0,-0.5,-0.5,uncertain,3-6-3,12,False,10,22,9,False,False,False
1,-0.5,0.0,-0.5,-0.5,uncertain,3-6-3,12,False,10,22,A,False,False,False
1,-0.5,0.0,-0.5,-0.5,uncertain,3-6-3-2,14,False,10,24,10,False,False,False
1,-0.5,0.0,-0.5,-0.5,uncertain,3-6-3-A,13,False,10,23,7,False,False,False
1,-0.5,0.0,-0.5,-0.5,uncertain,3-6-4,13,False,10,23,10,False,False,False
1,-0.5,0.0,-0.5,-0.5,uncertain,3-6-4,13,False,10,23,9,False,False,False
1,-0.5,0.0,-0.5,-0.5,uncertain,3-6-4,13,False,10,23,A,False,False,False
1,-0.5,0.0,-0.5,-0.5,uncertain,3-6-4,13,False,9,22,9,False,False,False
1,-0.5,0.0,-0.5,-0.5,uncertain,3-6-4-2,15,False,10,25,10,False,False,False
1,-0.5,0.0,-0.5,-0.5,uncertain,3-6-5,14,False,10,24,10,False,False,False
1,-0.5,0.0,-0.5,-0.5,uncertain,3-6-5,14,False,10,24,7,True,False,False
1,-0.5,0.0,-0.5,-0.5,uncertain,3-6-5,14,False,10,24,8,False,False,False
1,-0.5,0.0,-0.5,-0.5,uncertain,3-6-5-A,15,False,10,25,10,False,False,False
1,-0.5,0.0,-0.5,-0.5,uncertain,3-6-5-A,15,False,8,23,10,False,False,False
1,-0.5,0.0,-0.5,-0.5,uncertain,3-6-6,15,False,8,23,9,False,False,False
1,-0.5,0.0,-0.5,-0.5,uncertain,3-6-6,15,False,9,24,10,False,False,False
1,-0.5,0.0,-0.5,-0.5,uncertain,3-6-6,15,False,9,24,7,False,False,False
1,-0.5,0.0,-0.5,-0.5,uncertain,3-6-6-A,16,False,10,26,9,False,False,False
1,-0.5,0.0,-0.5,-0.5,uncertain,3-6-7,16,False,10,26,A,False,False,False
1,-0.5,0.0,-0.5,-0.5,uncertain,3-6-7,16,False,6,22,10,False,False,False
1,-0.5,0.0,-0.5,-0.5,uncertain,3-6-7,16,False,6,22,7,False,False,False
1,-0.5,0.0,-0.5,-0.5,uncertain,3-6-7,16,False,7,23,7,False,False,False
1,-0.5,0.0,-0.5,-0.5,uncertain,3-6-7,16,False,7,23,9,False,False,False
1,-0.5,0.0,-0.5,-0.5,uncertain,3-7-2-2,14,False,10,24,10,False,False,False
1,-0.5,0.0,-0.5,-0.5,uncertain,3-7-2-2,14,False,10,24,A,False,False,False
1,-0.5,0.0,-0.5,-0.5,uncertain,3-7-3,13,False,10,23,A,False,False,False
1,-0.5,0.0,-0.5,-0.5,uncertain,3-7-3-2,15,False,9,24,10,False,False,False
1,-0.5,0.0,-0.5,-0.5,uncertain,3-7-3-3,16,False,10,26,10,False,False,False
1,-0.5,0.0,-0.5,-0.5,uncertain,3-7-3-3,16,False,9,25,10,False,False,False
1,-0.5,0.0,-0.5,-0.5,uncertain,3-7-4,14,False,10,24,A,False,False,False
1,-0.5,0.0,-0.5,-0.5,uncertain,3-7-4-A,15,False,10,25,10,False,False,False
1,-0.5,0.0,-0.5,-0.5,uncertain,3-7-5,15,False,8,23,10,False,False,False
1,-0.5,0.0,-0.5,-0.5,uncertain,3-7-5,15,False,9,24,A,False,False,False
1,-0.5,0.0,-0.5,-0.5,uncertain,3-7-6,16,False,10,26,A,False,False,False
1,-0.5,0.0,-0.5,-0.5,uncertain,3-7-6,16,False,8,24,A,False,False,False
1,-0.5,0.0,-0.5,-0.5,uncertain,3-9-2,14,False,10,24,10,False,False,False
1,-0.5,0.0,-0.5,-0.5,uncertain,3-9-2,14,False,10,24,A,False,False,False
1,-0.5,0.0,-0.5,-0.5,uncertain,3-9-2-A,15,False,10,25,10,False,False,False
1,-0.5,0.0,-0.5,-0.5,uncertain,3-9-2-A,15,False,7,22,10,False,False,False
1,-0.5,0.0,-0.5,-0.5,uncertain,3-9-3,15,False,8,23,7,False,False,False
1,-0.5,0.0,-0.5,-0.5,uncertain,3-9-4,16,False,10,26,9,False,False,False
1,-0.5,0.0,-0.5,-0.5,uncertain,3-9-4,16,False,6,22,10,False,False,False
1,-0.5,0.0,-0.5,-0.5,uncertain,3-9-4,16,False,6,22,9,False,False,False
1,-0.5,0.0,-0.5,-0.5,uncertain,3-9-4,16,False,8,24,10,False,False,False
1,-0.5,0.0,-0.5,-0.5,uncertain,3-9-4,16,False,9,25,9,False,False,False
1,-0.5,0.0,-0.5,-0.5,uncertain,3-9-4,16,False,9,25,A,False,False,False
1,-0.5,0.0,-0.5,-0.5,uncertain,3-9-A,13,False,10,23,7,False,False,False
1,-0.5,0.0,-0.5,-0.5,uncertain,3-9-A-A,14,False,8,22,10,False,False,False
1,-0.5,0.0,-0.5,-0.5,uncertain,3-9-A-A,14,False,9,23,10,False,False,False
1,-0.5,0.0,-0.5,-0.5,uncertain,3-A-10,14,False,10,24,A,False,False,False
1,-0.5,0.0,-0.5,-0.5,uncertain,3-A-10,14,False,9,23,7,False,False,False
1,-0.5,0.0,-0.5,-0.5,uncertain,3-A-10,14,False,9,23,8,False,False,False
1,-0.5,0.0,-0.5,-0.5,uncertain,3-A-10,14,False,9,23,A,False,False,False
1,-0.5,0.0,-0.5,-0.5,uncertain,3-A-10-A-A,16,False,7,23,8,False,False,False
1,-0.5,0.0,-0.5,-0.5,uncertain,3-A-2-10,16,False,10,26,10,False,False,False
1,-0.5,0.0,-0.5,-0.5,uncertain,3-A-2-10,16,False,10,26,7,False,False,False
1,-0.5,0.0,-0.5,-0.5,uncertain,3-A-2-10,16,False,10,26,8,False,False,False
1,-0.5,0.0,-0.5,-0.5,uncertain,3-A-2-10,16,False,8,24,9,False,False,False
1,-0.5,0.0,-0.5,-0.5,uncertain,3-A-2-2-4-4,16,False,6,22,10,False,False,False
1,-0.5,0.0,-0.5,-0.5,uncertain,3-A-2-7,13,False,10,23,10,False,False,False
1,-0.5,0.0,-0.5,-0.5,uncertain,3-A-2-7,13,False,10,23,A,False,False,False
1,-0.5,0.0,-0.5,-0.5,uncertain,3-A-2-9,15,False,10,25,7,False,False,False
1,-0.5,0.0,-0.5,-0.5,uncertain,3-A-2-A-9,16,False,7,23,10,False,False,False
1,-0.5,0.0,-0.5,-0.5,uncertain,3-A-3-5,12,False,10,22,2,False,False,False
1,-0.5,0.0,-0.5,-0.5,uncertain,3-A-3-7,14,False,10,24,10,False,False,False
1,-0.5,0.0,-0.5,-0.5,uncertain,3-A-3-7,14,False,9,23,A,False,False,False
1,-0.5,0.0,-0.5,-0.5,uncertain,3-A-3-9,16,False,6,22,10,False,False,False
1,-0.5,0.0,-0.5,-0.5,uncertain,3-A-4-6,14,False,10,24,10,False,False,False
1,-0.5,0.0,-0.5,-0.5,uncertain,3-A-8,12,False,10,22,3,False,False,False
1,-0.5,0.0,-0.5,-0.5,uncertain,3-A-8,12,False,10,22,8,False,False,False
1,-0.5,0.0,-0.5,-0.5,uncertain,3-A-8-3,15,False,10,25,A,False,False,False
1,-0.5,0.0,-0.5,-0.5,uncertain,3-A-8-4,16,False,8,24,10,False,False,False
1,-0.5,0.0,-0.5,-0.5,uncertain,3-A-8-4,16,False,9,25,9,False,False,False
1,-0.5,0.0,-0.5,-0.5,uncertain,3-A-9,13,False,10,23,8,False,False,False
1,-0.5,0.0,-0.5,-0.5,uncertain,3-A-9,13,False,10,23,A,False,False,False
1,-0.5,0.0,-0.5,-0.5,uncertain,3-A-9,13,False,9,22,10,False,False,False
1,-0.5,0.0,-0.5,-0.5,uncertain,3-A-9,13,False,9,22,7,False,False,False
1,-0.5,0.0,-0.5,-0.5,uncertain,3-A-9-3,16,False,10,26,10,False,False,False
1,-0.5,0.0,-0.5,-0.5,uncertain,3-A-9-3,16,False,10,26,7,False,False,False
1,-0.5,0.0,-0.5,-0.5,uncertain,3-A-9-3,16,False,6,22,7,False,False,False
1,-0.5,0.0,-0.5,-0.5,uncertain,3-A-9-A,14,False,10,24,10,False,False,False
1,-0.5,0.0,-0.5,-0.5,uncertain,3-A-9-A,14,False,10,24,8,False,False,False
1,-0.5,0.0,-0.5,-0.5,uncertain,3-A-9-A,14,False,8,22,10,False,False,False
1,-0.5,0.0,-0.5,-0.5,uncertain,3-A-9-A,14,False,9,23,10,False,False,False
1,-0.5,0.0,-0.5,-0.5,uncertain,3-A-A-10,15,False,7,22,9,False,False,False
1,-0.5,0.0,-0.5,-0.5,uncertain,3-A-A-10,15,False,8,23,7,False,False,False
1,-0.5,0.0,-0.5,-0.5,uncertain,3-A-A-10,15,False,8,23,8,False,False,False
1,-0.5,0.0,-0.5,-0.5,uncertain,3-A-A-10,15,False,9,24,10,False,False,False
1,-0.5,0.0,-0.5,-0.5,uncertain,3-A-A-10-A,16,False,6,22,10,False,False,False
1,-0.5,0.0,-0.5,-0.5,uncertain,3-A-A-2-5,12,False,10,22,8,False,False,False
1,-0.5,0.0,-0.5,-0.5,uncertain,3-A-A-3-7,15,False,10,25,A,False,False,False
1,-0.5,0.0,-0.5,-0.5,uncertain,3-A-A-A-10,16,False,10,26,10,False,False,False
1,-0.5,0.0,-0.5,-0.5,uncertain,4-10-2,16,False,6,22,10,False,False,False
1,-0.5,0.0,-0.5,-0.5,uncertain,4-10-2,16,False,7,23,A,False,False,False
1,-0.5,0.0,-0.5,-0.5,uncertain,4-10-2,16,False,9,25,9,False,False,False
1,-0.5,0.0,-0.5,-0.5,uncertain,4-10-2,16,False,9,25,A,False,False,False
1,-0.5,0.0,-0.5,-0.5,uncertain,4-10-A,15,False,7,22,9,False,False,False
1,-0.5,0.0,-0.5,-0.5,uncertain,4-10-A,15,False,8,23,A,False,False,False
1,-0.5,0.0,-0.5,-0.5,uncertain,4-10-A,15,False,9,24,7,False,False,False
1,-0.5,0.0,-0.5,-0.5,uncertain,4-10-A,15,False,9,24,A,False,False,False
1,-0.5,0.0,-0.5,-0.5,uncertain,4-10-A-A,16,False,10,26,7,False,False,False
1,-0.5,0.0,-0.5,-0.5,uncertain,4-10-A-A,16,False,10,26,A,False,False,False
1,-0.5,0.0,-0.5,-0.5,uncertain,4-2-10,16,False,6,22,8,False,False,False
1,-0.5,0.0,-0.5,-0.5,uncertain,4-2-10,16,False,7,23,8,False,False,False
1,-0.5,0.0,-0.5,-0.5,uncertain,4-2-10,16,False,8,24,8,False,False,False
1,-0.5,0.0,-0.5,-0.5,uncertain,4-2-10,16,False,8,24,9,False,False,False
1,-0.5,0.0,-0.5,-0.5,uncertain,4-2-10,16,False,9,25,7,False,False,False
1,-0.5,0.0,-0.5,-0.5,uncertain,4-2-10,16,False,9,25,8,False,False,False
1,-0.5,0.0,-0.5,-0.5,uncertain,4-2-2-3-4,15,False,10,25,10,False,False,False
1,-0.5,0.0,-0.5,-0.5,uncertain,4-2-2-3-4,15,False,9,24,10,False,False,False
1,-0.5,0.0,-0.5,-0.5,uncertain,4-2-2-8,16,False,8,24,8,False,False,False
1,-0.5,0.0,-0.5,-0.5,uncertain,4-2-3-3-A-2,15,False,8,23,10,False,False,False
1,-0.5,0.0,-0.5,-0.5,uncertain,4-2-4-2,12,False,10,22,10,False,False,False
1,-0.5,0.0,-0.5,-0.5,uncertain,4-2-4-2,12,False,10,22,8,False,False,False
1,-0.5,0.0,-0.5,-0.5,uncertain,4-2-4-2-4,16,False,9,25,7,False,False,False
1,-0.5,0.0,-0.5,-0.5,uncertain,4-2-4-5,15,False,10,25,8,False,False,False
1,-0.5,0.0,-0.5,-0.5,uncertain,4-2-4-5-A,16,False,6,22,10,False,False,False
1,-0.5,0.0,-0.5,-0.5,uncertain,4-2-4-6,16,False,8,24,10,False,False,False
1,-0.5,0.0,-0.5,-0.5,uncertain,4-2-5-2-3,16,False,10,26,10,False,False,False
1,-0.5,0.0,-0.5,-0.5,uncertain,4-2-5-4,15,False,10,25,10,False,False,False
1,-0.5,0.0,-0.5,-0.5,uncertain,4-2-5-4,15,False,8,23,9,False,False,False
1,-0.5,0.0,-0.5,-0.5,uncertain,4-2-5-5,16,False,7,23,10,False,False,False
1,-0.5,0.0,-0.5,-0.5,uncertain,4-2-6,12,False,10,22,3,False,False,False
1,-0.5,0.0,-0.5,-0.5,uncertain,4-2-6,12,False,10,22,7,False,False,False
1,-0.5,0.0,-0.5,-0.5,uncertain,4-2-6-2,14,False,10,24,7,False,False,False
1,-0.5,0.0,-0.5,-0.5,uncertain,4-2-6-3,15,False,10,25,7,False,False,False
1,-0.5,0.0,-0.5,-0.5,uncertain,4-2-6-4,16,False,10,26,7,False,False,False
1,-0.5,0.0,-0.5,-0.5,uncertain,4-2-6-4,16,False,8,24,10,False,False,False
1,-0.5,0.0,-0.5,-0.5,uncertain,4-2-7,13,False,10,23,A,False,False,False
1,-0.5,0.0,-0.5,-0.5,uncertain,4-2-7,13,False,9,22,10,False,False,False
1,-0.5,0.0,-0.5,-0.5,uncertain,4-2-7,13,False,9,22,8,False,False,False
1,-0.5,0.0,-0.5,-0.5,uncertain,4-2-7,13,False,9,22,A,False,False,False
1,-0.5,0.0,-0.5,-0.5,uncertain,4-2-7-2,15,False,10,25,10,False,False,False
1,-0.5,0.0,-0.5,-0.5,uncertain,4-2-7-A,14,False,8,22,10,False,False,False
1,-0.5,0.0,-0.5,-0.5,uncertain,4-2-7-A,14,False,8,22,8,False,False,False
1,-0.5,0.0,-0.5,-0.5,uncertain,4-2-8,14,False,10,24,10,False,False,False
1,-0.5,0.0,-0.5,-0.5,uncertain,4-2-8,14,False,10,24,9,False,False,False
1,-0.5,0.0,-0.5,-0.5,uncertain,4-2-8,14,False,8,22,10,False,False,False
1,-0.5,0.0,-0.5,-0.5,uncertain,4-2-8-2,16,False,10,26,10,False,False,False
1,-0.5,0.0,-0.5,-0.5,uncertain,4-2-8-A,15,False,10,25,8,False,False,False
1,-0.5,0.0,-0.5,-0.5,uncertain,4-2-8-A,15,False,10,25,9,False,False,False
1,-0.5,0.0,-0.5,-0.5,uncertain,4-2-9,15,False,10,25,9,False,False,False
1,-0.5,0.0,-0.5,-0.5,uncertain,4-2-9,15,False,7,22,8,False,False,False
1,-0.5,0.0,-0.5,-0.5,uncertain,4-2-9,15,False,7,22,9,False,False,False
1,-0.5,0.0,-0.5,-0.5,uncertain,4-2-9,15,False,8,23,10,False,False,False
1,-0.5,0.0,-0.5,-0.5,uncertain,4-2-9-A,16,False,10,26,10,False,False,False
1,-0.5,0.0,-0.5,-0.5,uncertain,4-2-9-A,16,False,10,26,7,False,False,False
1,-0.5,0.0,-0.5,-0.5,uncertain,4-2-A-8,15,False,8,23,10,False,False,False
1,-0.5,0.0,-0.5,-0.5,uncertain,4-2-A-9,16,False,7,23,10,False,False,False
1,-0.5,0.0,-0.5,-0.5,uncertain,4-3-2-2-5,16,False,6,22,10,False,False,False
1,-0.5,0.0,-0.5,-0.5,uncertain,4-3-2-2-A-2,14,False,10,24,10,False,False,False
1,-0.5,0.0,-0.5,-0.5,uncertain,4-3-2-3,12,False,10,22,10,False,False,False
1,-0.5,0.0,-0.5,-0.5,uncertain,4-3-2-6,15,False,10,25,10,False,False,False
1,-0.5,0.0,-0.5,-0.5,uncertain,4-3-3-2,12,False,10,22,2,False,False,False
1,-0.5,0.0,-0.5,-0.5,uncertain,4-3-3-3,13,False,10,23,10,False,False,False
1,-0.5,0.0,-0.5,-0.5,uncertain,4-3-3-3,13,False,10,23,9,False,False,False
1,-0.5,0.0,-0.5,-0.5,uncertain,4-3-4-3-2,16,False,10,26,10,False,False,False
1,-0.5,0.0,-0.5,-0.5,uncertain,4-3-4-4,15,False,10,25,10,False,False,False
1,-0.5,0.0,-0.5,-0.5,uncertain,4-3-4-5,16,False,10,26,7,False,False,False
1,-0.5,0.0,-0.5,-0.5,uncertain,4-3-5,12,False,10,22,2,False,False,False
1,-0.5,0.0,-0.5,-0.5,uncertain,4-3-5,12,False,10,22,3,False,False,False
1,-0.5,0.0,-0.5,-0.5,uncertain,4-3-5,12,False,10,22,A,False,False,False
1,-0.5,0.0,-0.5,-0.5,uncertain,4-3-5-2,14,False,8,22,10,False,False,False
1,-0.5,0.0,-0.5,-0.5,uncertain,4-3-5-4,16,False,6,22,10,False,False,False
1,-0.5,0.0,-0.5,-0.5,uncertain,4-3-5-A,13,False,10,23,8,False,False,False
1,-0.5,0.0,-0.5,-0.5,uncertain,4-3-6,13,False,10,23,7,False,False,False
1,-0.5,0.0,-0.5,-0.5,uncertain,4-3-6,13,False,10,23,9,False,False,False
1,-0.5,0.0,-0.5,-0.5,uncertain,4-3-6,13,False,9,22,10,False,False,False
1,-0.5,0.0,-0.5,-0.5,uncertain,4-3-6,13,False,9,22,A,False,False,False
1,-0.5,0.0,-0.5,-0.5,uncertain,4-3-6-2,15,False,7,22,9,False,False,False
1,-0.5,0.0,-0.5,-0.5,uncertain,4-3-6-3,16,False,10,26,10,False,False,False
1,-0.5,0.0,-0.5,-0.5,uncertain,4-3-6-A,14,False,10,24,10,False,False,False
1,-0.5,0.0,-0.5,-0.5,uncertain,4-3-6-A,14,False,9,23,10,False,False,False
1,-0.5,0.0,-0.5,-0.5,uncertain,4-3-7,14,False,10,24,A,False,False,False
1,-0.5,0.0,-0.5,-0.5,uncertain,4-3-7,14,False,9,23,8,False,False,False
1,-0.5,0.0,-0.5,-0.5,uncertain,4-3-7-A,15,False,10,25,8,False,False,False
1,-0.5,0.0,-0.5,-0.5,uncertain,4-3-7-A,15,False,7,22,9,False,False,False
1,-0.5,0.0,-0.5,-0.5,uncertain,4-3-8,15,False,9,24,9,False,False,False
1,-0.5,0.0,-0.5,-0.5,uncertain,4-3-8-A,16,False,10,26,8,False,False,False
1,-0.5,0.0,-0.5,-0.5,uncertain,4-3-9,16,False,8,24,9,False,False,False
1,-0.5,0.0,-0.5,-0.5,uncertain,4-3-A-8,16,False,10,26,10,False,False,False
1,-0.5,0.0,-0.5,-0.5,uncertain,4-4-2-2-3,15,False,10,25,9,False,False,False
1,-0.5,0.0,-0.5,-0.5,uncertain,4-4-2-4,14,False,8,22,9,False,False,False
1,-0.5,0.0,-0.5,-0.5,uncertain,4-4-2-5,15,False,9,24,10,False,False,False
1,-0.5,0.0,-0.5,-0.5,uncertain,4-4-3-2-2,15,False,10,25,9,False,False,False
1,-0.5,0.0,-0.5,-0.5,uncertain,4-4-3-4,15,False,10,25,10,False,False,False
1,-0.5,0.0,-0.5,-0.5,uncertain,4-4-3-4,15,False,10,25,7,False,False,False
1,-0.5,0.0,-0.5,-0.5,uncertain,4-4-3-4,15,False,10,25,9,False,False,False
1,-0.5,0.0,-0.5,-0.5,uncertain,4-4-4,12,False,10,22,3,False,False,False
1,-0.5,0.0,-0.5,-0.5,uncertain,4-4-4,12,False,10,22,8,False,False,False
1,-0.5,0.0,-0.5,-0.5,uncertain,4-4-4,12,False,10,22,A,False,False,False
1,-0.5,0.0,-0.5,-0.5,uncertain,4-4-4-2,14,False,9,23,7,False,False,False
1,-0.5,0.0,-0.5,-0.5,uncertain,4-4-4-3,15,False,10,25,10,False,False,False
1,-0.5,0.0,-0.5,-0.5,uncertain,4-4-4-3,15,False,7,22,8,False,False,False
1,-0.5,0.0,-0.5,-0.5,uncertain,4-4-4-3,15,False,9,24,7,False,False,False
1,-0.5,0.0,-0.5,-0.5,uncertain,4-4-4-A-3,16,False,8,24,9,False,False,False
1,-0.5,0.0,-0.5,-0.5,uncertain,4-4-5,13,False,9,22,7,False,False,False
1,-0.5,0.0,-0.5,-0.5,uncertain,4-4-5,13,False,9,22,8,False,False,False
1,-0.5,0.0,-0.5,-0.5,uncertain,4-4-5-2,15,False,10,25,10,False,False,False
1,-0.5,0.0,-0.5,-0.5,uncertain,4-4-5-2,15,False,10,25,A,False,False,False
1,-0.5,0.0,-0.5,-0.5,uncertain,4-4-6,14,False,10,24,7,False,False,False
1,-0.5,0.0,-0.5,-0.5,uncertain,4-4-6,14,False,8,22,8,False,False,False
1,-0.5,0.0,-0.5,-0.5,uncertain,4-4-6-2,16,False,6,22,A,False,False,False
1,-0.5,0.0,-0.5,-0.5,uncertain,4-4-6-2,16,False,9,25,10,False,False,False
1,-0.5,0.0,-0.5,-0.5,uncertain,4-4-6-2,16,False,9,25,9,False,False,False
1,-0.5,0.0,-0.5,-0.5,uncertain,4-4-6-A,15,False,9,24,10,False,False,False
1,-0.5,0.0,-0.5,-0.5,uncertain,4-4-7,15,False,10,25,A,False,False,False
1,-0.5,0.0,-0.5,-0.5,uncertain,4-4-7,15,False,7,22,9,False,False,False
1,-0.5,0.0,-0.5,-0.5,uncertain,4-4-7-A,16,False,10,26,10,False,False,False
1,-0.5,0.0,-0.5,-0.5,uncertain,4-4-8,16,False,8,24,8,False,False,False
1,-0.5,0.0,-0.5,-0.5,uncertain,4-4-8,16,False,9,25,7,False,False,False
1,-0.5,0.0,-0.5,-0.5,uncertain,4-4-8,16,False,9,25,A,False,False,False
1,-0.5,0.0,-0.5,-0.5,uncertain,4-5-2-2,13,False,10,23,10,False,False,False
1,-0.5,0.0,-0.5,-0.5,uncertain,4-5-2-2,13,False,10,23,8,False,False,False
1,-0.5,0.0,-0.5,-0.5,uncertain,4-5-2-3,14,False,10,24,10,False,False,False
1,-0.5,0.0,-0.5,-0.5,uncertain,4-5-2-3,14,False,8,22,10,False,False,False
1,-0.5,0.0,-0.5,-0.5,uncertain,4-5-3,12,False,10,22,8,False,False,False
1,-0.5,0.0,-0.5,-0.5,uncertain,4-5-3,12,False,10,22,9,False,False,False
1,-0.5,0.0,-0.5,-0.5,uncertain,4-5-3-2-2,16,False,10,26,10,False,False,False
1,-0.5,0.0,-0.5,-0.5,uncertain,4-5-3-3,15,False,10,25,A,False,False,False
1,-0.5,0.0,-0.5,-0.5,uncertain,4-5-3-4,16,False,10,26,A,False,False,False
1,-0.5,0.0,-0.5,-0.5,uncertain,4-5-3-4,16,False,9,25,8,False,False,False
1,-0.5,0.0,-0.5,-0.5,uncertain,4-5-4,13,False,10,23,8,False,False,False
1,-0.5,0.0,-0.5,-0.5,uncertain,4-5-4,13,False,10,23,A,False,False,False
1,-0.5,0.0,-0.5,-0.5,uncertain,4-5-4-2-A,16,False,10,26,10,False,False,False
1,-0.5,0.0,-0.5,-0.5,uncertain,4-5-4-A,14,False,10,24,10,False,False,False
1,-0.5,0.0,-0.5,-0.5,uncertain,4-5-4-A,14,False,9,23,10,False,False,False
1,-0.5,0.0,-0.5,-0.5,uncertain,4-5-5,14,False,10,24,7,False,False,False
1,-0.5,0.0,-0.5,-0.5,uncertain,4-5-5-A,15,False,10,25,8,False,False,False
1,-0.5,0.0,-0.5,-0.5,uncertain,4-5-5-A,15,False,10,25,9,False,False,False
1,-0.5,0.0,-0.5,-0.5,uncertain,4-5-5-A,15,False,7,22,8,False,False,False
1,-0.5,0.0,-0.5,-0.5,uncertain,4-5-6,15,False,8,23,7,False,False,False
1,-0.5,0.0,-0.5,-0.5,uncertain,4-5-6,15,False,9,24,10,False,False,False
1,-0.5,0.0,-0.5,-0.5,uncertain,4-5-6-A,16,False,10,26,10,False,False,False
1,-0.5,0.0,-0.5,-0.5,uncertain,4-5-6-A,16,False,8,24,10,False,False,False
1,-0.5,0.0,-0.5,-0.5,uncertain,4-5-7,16,False,10,26,A,False,False,False
1,-0.5,0.0,-0.5,-0.5,uncertain,4-5-7,16,False,6,22,10,False,False,False
1,-0.5,0.0,-0.5,-0.5,uncertain,4-5-7,16,False,8,24,7,False,False,False
1,-0.5,0.0,-0.5,-0.5,uncertain,4-5-7,16,False,9,25,9,False,False,False
1,-0.5,0.0,-0.5,-0.5,uncertain,4-6-2-2,14,False,10,24,10,False,False,False
1,-0.5,0.0,-0.5,-0.5,uncertain,4-6-2-4,16,False,10,26,A,False,False,False
1,-0.5,0.0,-0.5,-0.5,uncertain,4-6-2-A,13,False,10,23,10,False,False,False
1,-0.5,0.0,-0.5,-0.5,uncertain,4-6-3-3,16,False,8,24,A,False,False,False
1,-0.5,0.0,-0.5,-0.5,uncertain,4-6-3-3,16,False,9,25,10,False,False,False
1,-0.5,0.0,-0.5,-0.5,uncertain,4-6-4,14,False,9,23,10,False,False,False
1,-0.5,0.0,-0.5,-0.5,uncertain,4-6-5,15,False,8,23,10,False,False,False
1,-0.5,0.0,-0.5,-0.5,uncertain,4-6-5-A,16,False,10,26,10,False,False,False
1,-0.5,0.0,-0.5,-0.5,uncertain,4-6-5-A,16,False,6,22,10,False,False,False
1,-0.5,0.0,-0.5,-0.5,uncertain,4-6-6,16,False,8,24,A,False,False,False
1,-0.5,0.0,-0.5,-0.5,uncertain,4-6-6,16,False,9,25,10,False,False,False
1,-0.5,0.0,-0.5,-0.5,uncertain,4-8-2,14,False,10,24,9,False,False,False
1,-0.5,0.0,-0.5,-0.5,uncertain,4-8-2,14,False,9,23,A,False,False,False
1,-0.5,0.0,-0.5,-0.5,uncertain,4-8-2-2,16,False,6,22,7,False,False,False
1,-0.5,0.0,-0.5,-0.5,uncertain,4-8-2-A,15,False,10,25,10,False,False,False
1,-0.5,0.0,-0.5,-0.5,uncertain,4-8-3,15,False,10,25,8,False,False,False
1,-0.5,0.0,-0.5,-0.5,uncertain,4-8-3,15,False,7,22,8,False,False,False
1,-0.5,0.0,-0.5,-0.5,uncertain,4-8-3,15,False,8,23,10,False,False,False
1,-0.5,0.0,-0.5,-0.5,uncertain,4-8-3,15,False,8,23,8,False,False,False
1,-0.5,0.0,-0.5,-0.5,uncertain,4-8-3,15,False,9,24,9,False,False,False
1,-0.5,0.0,-0.5,-0.5,uncertain,4-8-3-A,16,False,10,26,10,False,False,False
1,-0.5,0.0,-0.5,-0.5,uncertain,4-8-3-A,16,False,8,24,10,False,False,False
1,-0.5,0.0,-0.5,-0.5,uncertain,4-8-4,16,False,10,26,9,False,False,False
1,-0.5,0.0,-0.5,-0.5,uncertain,4-8-4,16,False,6,22,10,False,False,False
1,-0.5,0.0,-0.5,-0.5,uncertain,4-8-4,16,False,6,22,A,False,False,False
1,-0.5,0.0,-0.5,-0.5,uncertain,4-8-4,16,False,8,24,9,False,False,False
1,-0.5,0.0,-0.5,-0.5,uncertain,4-8-A,13,False,10,23,7,False,False,False
1,-0.5,0.0,-0.5,-0.5,uncertain,4-8-A-3,16,False,10,26,10,False,False,False
1,-0.5,0.0,-0.5,-0.5,uncertain,4-8-A-3,16,False,9,25,8,False,False,False
1,-0.5,0.0,-0.5,-0.5,uncertain,4-8-A-A,14,False,8,22,8,False,False,False
1,-0.5,0.0,-0.5,-0.5,uncertain,4-9-2,15,False,10,25,A,False,False,False
1,-0.5,0.0,-0.5,-0.5,uncertain,4-9-2,15,False,7,22,8,False,False,False
1,-0.5,0.0,-0.5,-0.5,uncertain,4-9-3,16,False,10,26,9,False,False,False
1,-0.5,0.0,-0.5,-0.5,uncertain,4-9-3,16,False,6,22,9,False,False,False
1,-0.5,0.0,-0.5,-0.5,uncertain,4-9-3,16,False,8,24,10,False,False,False
1,-0.5,0.0,-0.5,-0.5,uncertain,4-9-3,16,False,8,24,A,False,False,False
1,-0.5,0.0,-0.5,-0.5,uncertain,4-9-A,14,False,9,23,A,False,False,False
1,-0.5,0.0,-0.5,-0.5,uncertain,4-9-A-2,16,False,7,23,10,False,False,False
1,-0.5,0.0,-0.5,-0.5,uncertain,4-A-10,15,False,7,22,8,False,False,False
1,-0.5,0.0,-0.5,-0.5,uncertain,4-A-10,15,False,8,23,9,False,False,False
1,-0.5,0.0,-0.5,-0.5,uncertain,4-A-10-A,16,False,10,26,7,False,False,False
1,-0.5,0.0,-0.5,-0.5,uncertain,4-A-10-A,16,False,10,26,9,False,False,False
1,-0.5,0.0,-0.5,-0.5,uncertain,4-A-10-A,16,False,6,22,10,False,False,False
1,-0.5,0.0,-0.5,-0.5,uncertain,4-A-10-A,16,False,8,24,10,False,False,False
1,-0.5,0.0,-0.5,-0.5,uncertain,4-A-10-A,16,False,9,25,10,False,False,False
1,-0.5,0.0,-0.5,-0.5,uncertain,4-A-2-5-3,15,False,8,23,8,False,False,False
1,-0.5,0.0,-0.5,-0.5,uncertain,4-A-2-6-A,14,False,10,24,10,False,False,False
1,-0.5,0.0,-0.5,-0.5,uncertain,4-A-2-7,14,False,10,24,10,False,False,False
1,-0.5,0.0,-0.5,-0.5,uncertain,4-A-2-7,14,False,10,24,8,False,False,False
1,-0.5,0.0,-0.5,-0.5,uncertain,4-A-2-8,15,False,10,25,10,False,False,False
1,-0.5,0.0,-0.5,-0.5,uncertain,4-A-2-9,16,False,10,26,10,False,False,False
1,-0.5,0.0,-0.5,-0.5,uncertain,4-A-2-9,16,False,9,25,9,False,False,False
1,-0.5,0.0,-0.5,-0.5,uncertain,4-A-3-4,12,False,10,22,10,False,False,False
1,-0.5,0.0,-0.5,-0.5,uncertain,4-A-3-4,12,False,10,22,2,False,False,False
1,-0.5,0.0,-0.5,-0.5,uncertain,4-A-3-5,13,False,10,23,10,False,False,False
1,-0.5,0.0,-0.5,-0.5,uncertain,4-A-3-7,15,False,10,25,10,False,False,False
1,-0.5,0.0,-0.5,-0.5,uncertain,4-A-3-8,16,False,6,22,9,False,False,False
1,-0.5,0.0,-0.5,-0.5,uncertain,4-A-3-8,16,False,9,25,9,False,False,False
1,-0.5,0.0,-0.5,-0.5,uncertain,4-A-7,12,False,10,22,9,False,False,False
1,-0.5,0.0,-0.5,-0.5,uncertain,4-A-7-4,16,False,10,26,10,False,False,False
1,-0.5,0.0,-0.5,-0.5,uncertain,4-A-7-A-A,14,False,9,23,7,False,False,False
1,-0.5,0.0,-0.5,-0.5,uncertain,4-A-8,13,False,9,22,10,False,False,False
1,-0.5,0.0,-0.5,-0.5,uncertain,4-A-8,13,False,9,22,9,False,False,False
1,-0.5,0.0,-0.5,-0.5,uncertain,4-A-8-3,16,False,6,22,10,False,False,False
1,-0.5,0.0,-0.5,-0.5,uncertain,4-A-9,14,False,8,22,10,False,False,False
1,-0.5,0.0,-0.5,-0.5,uncertain,4-A-9,14,False,8,22,A,False,False,False
1,-0.5,0.0,-0.5,-0.5,uncertain,4-A-9,14,False,9,23,8,False,False,False
1,-0.5,0.0,-0.5,-0.5,uncertain,4-A-A-10,16,False,10,26,10,False,False,False
1,-0.5,0.0,-0.5,-0.5,uncertain,4-A-A-10,16,False,10,26,9,False,False,False
1,-0.5,0.0,-0.5,-0.5,uncertain,4-A-A-10,16,False,10,26,A,False,False,False
1,-0.5,0.0,-0.5,-0.5,uncertain,4-A-A-10,16,False,6,22,10,False,False,False
1,-0.5,0.0,-0.5,-0.5,uncertain,4-A-A-10,16,False,9,25,A,False,False,False
1,-0.5,0.0,-0.5,-0.5,uncertain,4-A-A-9,15,False,8,23,8,False,False,False
1,-0.5,0.0,-0.5,-0.5,uncertain,5-10-A,16,False,10,26,7,False,False,False
1,-0.5,0.0,-0.5,-0.5,uncertain,5-10-A,16,False,8,24,A,False,False,False
1,-0.5,0.0,-0.5,-0.5,uncertain,5-10-A,16,False,9,25,8,False,False,False
1,-0.5,0.0,-0.5,-0.5,uncertain,5-2-2-4,13,False,10,23,8,False,False,False
1,-0.5,0.0,-0.5,-0.5,uncertain,5-2-2-6,15,False,10,25,8,False,False,False
1,-0.5,0.0,-0.5,-0.5,uncertain,5-2-3-2,12,False,10,22,9,False,False,False
1,-0.5,0.0,-0.5,-0.5,uncertain,5-2-3-3,13,False,10,23,10,False,False,False
1,-0.5,0.0,-0.5,-0.5,uncertain,5-2-3-4,14,False,10,24,10,False,False,False
1,-0.5,0.0,-0.5,-0.5,uncertain,5-2-3-6,16,False,10,26,10,False,False,False
1,-0.5,0.0,-0.5,-0.5,uncertain,5-2-4-2-A,14,False,8,22,7,False,False,False
1,-0.5,0.0,-0.5,-0.5,uncertain,5-2-4-4,15,False,9,24,8,False,False,False
1,-0.5,0.0,-0.5,-0.5,uncertain,5-2-4-5,16,False,9,25,10,False,False,False
1,-0.5,0.0,-0.5,-0.5,uncertain,5-2-5,12,False,10,22,2,False,False,False
1,-0.5,0.0,-0.5,-0.5,uncertain,5-2-5-3,15,False,10,25,10,False,False,False
1,-0.5,0.0,-0.5,-0.5,uncertain,5-2-5-4,16,False,10,26,8,False,False,False
1,-0.5,0.0,-0.5,-0.5,uncertain,5-2-5-4,16,False,6,22,8,False,False,False
1,-0.5,0.0,-0.5,-0.5,uncertain,5-2-6,13,False,10,23,A,False,False,False
1,-0.5,0.0,-0.5,-0.5,uncertain,5-2-6,13,False,9,22,9,False,False,False
1,-0.5,0.0,-0.5,-0.5,uncertain,5-2-6-2,15,False,10,25,9,False,False,False
1,-0.5,0.0,-0.5,-0.5,uncertain,5-2-6-A,14,False,10,24,7,False,False,False
1,-0.5,0.0,-0.5,-0.5,uncertain,5-2-6-A,14,False,10,24,8,False,False,False
1,-0.5,0.0,-0.5,-0.5,uncertain,5-2-6-A,14,False,9,23,9,False,False,False
1,-0.5,0.0,-0.5,-0.5,uncertain,5-2-7,14,False,10,24,7,False,False,False
1,-0.5,0.0,-0.5,-0.5,uncertain,5-2-7,14,False,8,22,10,False,False,False
1,-0.5,0.0,-0.5,-0.5,uncertain,5-2-7,14,False,8,22,7,False,False,False
1,-0.5,0.0,-0.5,-0.5,uncertain,5-2-7,14,False,8,22,8,False,False,False
1,-0.5,0.0,-0.5,-0.5,uncertain,5-2-7,14,False,9,23,8,False,False,False
1,-0.5,0.0,-0.5,-0.5,uncertain,5-2-7-2,16,False,10,26,10,False,False,False
1,-0.5,0.0,-0.5,-0.5,uncertain,5-2-7-A,15,False,8,23,7,False,False,False
1,-0.5,0.0,-0.5,-0.5,uncertain,5-2-7-A,15,False,8,23,9,False,False,False
1,-0.5,0.0,-0.5,-0.5,uncertain,5-2-8,15,False,8,23,10,False,False,False
1,-0.5,0.0,-0.5,-0.5,uncertain,5-2-8,15,False,9,24,9,False,False,False
1,-0.5,0.0,-0.5,-0.5,uncertain,5-2-9,16,False,10,26,7,False,False,False
1,-0.5,0.0,-0.5,-0.5,uncertain,5-2-9,16,False,10,26,8,False,False,False
1,-0.5,0.0,-0.5,-0.5,uncertain,5-2-9,16,False,6,22,8,False,False,False
1,-0.5,0.0,-0.5,-0.5,uncertain,5-2-9,16,False,8,24,7,False,False,False
1,-0.5,0.0,-0.5,-0.5,uncertain,5-2-9,16,False,9,25,8,False,False,False
1,-0.5,0.0,-0.5,-0.5,uncertain,5-2-A-4,12,False,10,22,A,False,False,False
1,-0.5,0.0,-0.5,-0.5,uncertain,5-2-A-5,13,False,10,23,A,False,False,False
1,-0.5,0.0,-0.5,-0.5,uncertain,5-2-A-6,14,False,8,22,10,False,False,False
1,-0.5,0.0,-0.5,-0.5,uncertain,5-2-A-7,15,False,8,23,10,False,False,False
1,-0.5,0.0,-0.5,-0.5,uncertain,5-2-A-7,15,False,9,24,9,False,False,False
1,-0.5,0.0,-0.5,-0.5,uncertain,5-2-A-8,16,False,7,23,10,False,False,False
1,-0.5,0.0,-0.5,-0.5,uncertain,5-2-A-8,16,False,9,25,10,False,False,False
1,-0.5,0.0,-0.5,-0.5,uncertain,5-3-2-3,13,False,9,22,8,False,False,False
1,-0.5,0.0,-0.5,-0.5,uncertain,5-3-2-4-2,16,False,10,26,10,False,False,False
1,-0.5,0.0,-0.5,-0.5,uncertain,5-3-2-6,16,False,10,26,10,False,False,False
1,-0.5,0.0,-0.5,-0.5,uncertain,5-3-3-2-3,16,False,7,23,10,False,False,False
1,-0.5,0.0,-0.5,-0.5,uncertain,5-3-3-4,15,False,10,25,10,False,False,False
1,-0.5,0.0,-0.5,-0.5,uncertain,5-3-3-A,12,False,10,22,10,False,False,False
1,-0.5,0.0,-0.5,-0.5,uncertain,5-3-4,12,False,10,22,2,False,False,False
1,-0.5,0.0,-0.5,-0.5,uncertain,5-3-4,12,False,10,22,7,False,False,False
1,-0.5,0.0,-0.5,-0.5,uncertain,5-3-4,12,False,10,22,A,False,False,False
1,-0.5,0.0,-0.5,-0.5,uncertain,5-3-4-2,14,False,10,24,8,False,False,False
1,-0.5,0.0,-0.5,-0.5,uncertain,5-3-4-2,14,False,8,22,7,False,False,False
1,-0.5,0.0,-0.5,-0.5,uncertain,5-3-4-4,16,False,10,26,10,False,False,False
1,-0.5,0.0,-0.5,-0.5,uncertain,5-3-4-4,16,False,10,26,7,False,False,False
1,-0.5,0.0,-0.5,-0.5,uncertain,5-3-4-4,16,False,9,25,A,False,False,False
1,-0.5,0.0,-0.5,-0.5,uncertain,5-3-5,13,False,10,23,A,False,False,False
1,-0.5,0.0,-0.5,-0.5,uncertain,5-3-5,13,False,9,22,8,False,False,False
1,-0.5,0.0,-0.5,-0.5,uncertain,5-3-5-2,15,False,9,24,9,False,False,False
1,-0.5,0.0,-0.5,-0.5,uncertain,5-3-6,14,False,8,22,7,False,False,False
1,-0.5,0.0,-0.5,-0.5,uncertain,5-3-6,14,False,8,22,9,False,False,False
1,-0.5,0.0,-0.5,-0.5,uncertain,5-3-6,14,False,9,23,7,False,False,False
1,-0.5,0.0,-0.5,-0.5,uncertain,5-3-6-2,16,False,10,26,7,False,False,False
1,-0.5,0.0,-0.5,-0.5,uncertain,5-3-6-2,16,False,10,26,8,False,False,False
1,-0.5,0.0,-0.5,-0.5,uncertain,5-3-7,15,False,10,25,9,False,False,False
1,-0.5,0.0,-0.5,-0.5,uncertain,5-3-7,15,False,8,23,10,False,False,False
1,-0.5,0.0,-0.5,-0.5,uncertain,5-3-7,15,False,9,24,7,False,False,False
1,-0.5,0.0,-0.5,-0.5,uncertain,5-3-8,16,False,10,26,8,False,False,False
1,-0.5,0.0,-0.5,-0.5,uncertain,5-3-8,16,False,10,26,A,False,False,False
1,-0.5,0.0,-0.5,-0.5,uncertain,5-3-8,16,False,6,22,7,False,False,False
1,-0.5,0.0,-0.5,-0.5,uncertain,5-3-8,16,False,6,22,9,False,False,False
1,-0.5,0.0,-0.5,-0.5,uncertain,5-3-8,16,False,7,23,10,False,False,False
1,-0.5,0.0,-0.5,-0.5,uncertain,5-3-8,16,False,9,25,10,False,False,False
1,-0.5,0.0,-0.5,-0.5,uncertain,5-3-8,16,False,9,25,8,False,False,False
1,-0.5,0.0,-0.5,-0.5,uncertain,5-4-2-2,13,False,10,23,9,False,False,False
1,-0.5,0.0,-0.5,-0.5,uncertain,5-4-2-4,15,False,7,22,10,False,False,False
1,-0.5,0.0,-0.5,-0.5,uncertain,5-4-2-4,15,False,7,22,9,False,False,False
1,-0.5,0.0,-0.5,-0.5,uncertain,5-4-2-A,12,False,10,22,10,False,False,False
1,-0.5,0.0,-0.5,-0.5,uncertain,5-4-2-A-2,14,False,9,23,A,False,False,False
1,-0.5,0.0,-0.5,-0.5,uncertain,5-4-2-A-A,13,False,10,23,10,False,False,False
1,-0.5,0.0,-0.5,-0.5,uncertain,5-4-3-2,14,False,9,23,10,False,False,False
1,-0.5,0.0,-0.5,-0.5,uncertain,5-4-3-4,16,False,10,26,10,False,False,False
1,-0.5,0.0,-0.5,-0.5,uncertain,5-4-4,13,False,10,23,8,False,False,False
1,-0.5,0.0,-0.5,-0.5,uncertain,5-4-4,13,False,10,23,9,False,False,False
1,-0.5,0.0,-0.5,-0.5,uncertain,5-4-4-2,15,False,8,23,8,False,False,False
1,-0.5,0.0,-0.5,-0.5,uncertain,5-4-5,14,False,8,22,8,False,False,False
1,-0.5,0.0,-0.5,-0.5,uncertain,5-4-5,14,False,8,22,9,False,False,False
1,-0.5,0.0,-0.5,-0.5,uncertain,5-4-5,14,False,9,23,10,False,False,False
1,-0.5,0.0,-0.5,-0.5,uncertain,5-4-5-2,16,False,10,26,10,False,False,False
1,-0.5,0.0,-0.5,-0.5,uncertain,5-4-5-A,15,False,10,25,10,False,False,False
1,-0.5,0.0,-0.5,-0.5,uncertain,5-4-5-A,15,False,8,23,10,False,False,False
1,-0.5,0.0,-0.5,-0.5,uncertain,5-4-5-A-A,16,False,10,26,10,False,False,False
1,-0.5,0.0,-0.5,-0.5,uncertain,5-4-6,15,False,10,25,9,False,False,False
1,-0.5,0.0,-0.5,-0.5,uncertain,5-4-6,15,False,7,22,10,False,False,False
1,-0.5,0.0,-0.5,-0.5,uncertain,5-4-6,15,False,7,22,8,False,False,False
1,-0.5,0.0,-0.5,-0.5,uncertain,5-4-6,15,False,8,23,9,False,False,False
1,-0.5,0.0,-0.5,-0.5,uncertain,5-4-6-A,16,False,10,26,10,False,False,False
1,-0.5,0.0,-0.5,-0.5,uncertain,5-4-7,16,False,7,23,9,False,False,False
1,-0.5,0.0,-0.5,-0.5,uncertain,5-4-7,16,False,8,24,10,False,False,False
1,-0.5,0.0,-0.5,-0.5,uncertain,5-5-2,12,False,10,22,A,False,False,False
1,-0.5,0.0,-0.5,-0.5,uncertain,5-5-2-A,13,False,9,22,10,False,False,False
1,-0.5,0.0,-0.5,-0.5,uncertain,5-5-3,13,False,9,22,A,False,False,False
1,-0.5,0.0,-0.5,-0.5,uncertain,5-5-3-3,16,False,10,26,A,False,False,False
1,-0.5,0.0,-0.5,-0.5,uncertain,5-5-4,14,False,9,23,A,False,False,False
1,-0.5,0.0,-0.5,-0.5,uncertain,5-5-4-2,16,False,10,26,10,False,False,False
1,-0.5,0.0,-0.5,-0.5,uncertain,5-5-4-2,16,False,10,26,A,False,False,False
1,-0.5,0.0,-0.5,-0.5,uncertain,5-5-4-A-A,16,False,8,24,10,False,False,False
1,-0.5,0.0,-0.5,-0.5,uncertain,5-5-6,16,False,7,23,10,False,False,False
1,-0.5,0.0,-0.5,-0.5,uncertain,5-5-6,16,False,9,25,A,False,False,False
1,-0.5,0.0,-0.5,-0.5,uncertain,5-7-2,14,False,9,23,10,False,False,False
1,-0.5,0.0,-0.5,-0.5,uncertain,5-7-3,15,False,10,25,7,False,False,False
1,-0.5,0.0,-0.5,-0.5,uncertain,5-7-3,15,False,7,22,A,False,False,False
1,-0.5,0.0,-0.5,-0.5,uncertain,5-7-3,15,False,9,24,10,False,False,False
1,-0.5,0.0,-0.5,-0.5,uncertain,5-7-3-A,16,False,10,26,10,False,False,False
1,-0.5,0.0,-0.5,-0.5,uncertain,5-7-4,16,False,10,26,A,False,False,False
1,-0.5,0.0,-0.5,-0.5,uncertain,5-7-4,16,False,8,24,7,False,False,False
1,-0.5,0.0,-0.5,-0.5,uncertain,5-7-4,16,False,9,25,10,False,False,False
1,-0.5,0.0,-0.5,-0.5,uncertain,5-7-4,16,False,9,25,7,False,False,False
1,-0.5,0.0,-0.5,-0.5,uncertain,5-7-A,13,False,10,23,9,False,False,False
1,-0.5,0.0,-0.5,-0.5,uncertain,5-7-A,13,False,9,22,A,False,False,False
1,-0.5,0.0,-0.5,-0.5,uncertain,5-7-A-2,15,False,10,25,9,False,False,False
1,-0.5,0.0,-0.5,-0.5,uncertain,5-7-A-2,15,False,8,23,10,False,False,False
1,-0.5,0.0,-0.5,-0.5,uncertain,5-7-A-A,14,False,10,24,10,False,False,False
1,-0.5,0.0,-0.5,-0.5,uncertain,5-7-A-A,14,False,9,23,8,False,False,False
1,-0.5,0.0,-0.5,-0.5,uncertain,5-8-2,15,False,10,25,8,False,False,False
1,-0.5,0.0,-0.5,-0.5,uncertain,5-8-2,15,False,10,25,A,False,False,False
1,-0.5,0.0,-0.5,-0.5,uncertain,5-8-2,15,False,8,23,8,False,False,False
1,-0.5,0.0,-0.5,-0.5,uncertain,5-8-2,15,False,9,24,10,False,False,False
1,-0.5,0.0,-0.5,-0.5,uncertain,5-8-2-A,16,False,7,23,10,False,False,False
1,-0.5,0.0,-0.5,-0.5,uncertain,5-8-3,16,False,10,26,8,False,False,False
1,-0.5,0.0,-0.5,-0.5,uncertain,5-8-3,16,False,10,26,A,False,False,False
1,-0.5,0.0,-0.5,-0.5,uncertain,5-8-3,16,False,6,22,10,False,False,False
1,-0.5,0.0,-0.5,-0.5,uncertain,5-8-3,16,False,6,22,A,False,False,False
1,-0.5,0.0,-0.5,-0.5,uncertain,5-8-3,16,False,8,24,10,False,False,False
1,-0.5,0.0,-0.5,-0.5,uncertain,5-8-3,16,False,8,24,7,False,False,False
1,-0.5,0.0,-0.5,-0.5,uncertain,5-8-A,14,False,10,24,8,False,False,False
1,-0.5,0.0,-0.5,-0.5,uncertain,5-8-A,14,False,10,24,A,False,False,False
1,-0.5,0.0,-0.5,-0.5,uncertain,5-8-A,14,False,8,22,10,False,False,False
1,-0.5,0.0,-0.5,-0.5,uncertain,5-8-A,14,False,8,22,7,False,False,False
1,-0.5,0.0,-0.5,-0.5,uncertain,5-8-A,14,False,9,23,7,False,False,False
1,-0.5,0.0,-0.5,-0.5,uncertain,5-8-A-A,15,False,9,24,7,False,False,False
1,-0.5,0.0,-0.5,-0.5,uncertain,5-9-2,16,False,10,26,10,False,False,False
1,-0.5,0.0,-0.5,-0.5,uncertain,5-9-2,16,False,10,26,A,False,False,False
1,-0.5,0.0,-0.5,-0.5,uncertain,5-9-2,16,False,6,22,7,False,False,False
1,-0.5,0.0,-0.5,-0.5,uncertain,5-9-2,16,False,7,23,10,False,False,False
1,-0.5,0.0,-0.5,-0.5,uncertain,5-9-2,16,False,7,23,A,False,False,False
1,-0.5,0.0,-0.5,-0.5,uncertain,5-9-2,16,False,8,24,10,False,False,False
1,-0.5,0.0,-0.5,-0.5,uncertain,5-9-2,16,False,9,25,10,False,False,False
1,-0.5,0.0,-0.5,-0.5,uncertain,5-9-A,15,False,10,25,7,False,False,False
1,-0.5,0.0,-0.5,-0.5,uncertain,5-9-A,15,False,10,25,9,False,False,False
1,-0.5,0.0,-0.5,-0.5,uncertain,5-9-A,15,False,8,23,10,False,False,False
1,-0.5,0.0,-0.5,-0.5,uncertain,5-9-A,15,False,8,23,7,False,False,False
1,-0.5,0.0,-0.5,-0.5,uncertain,5-9-A,15,False,8,23,8,False,False,False
1,-0.5,0.0,-0.5,-0.5,uncertain,5-9-A,15,False,9,24,9,False,False,False
1,-0.5,0.0,-0.5,-0.5,uncertain,5-9-A-A,16,False,6,22,9,False,False,False
1,-0.5,0.0,-0.5,-0.5,uncertain,5-A-10,16,False,7,23,A,False,False,False
1,-0.5,0.0,-0.5,-0.5,uncertain,5-A-10,16,False,8,24,9,False,False,False
1,-0.5,0.0,-0.5,-0.5,uncertain,5-A-10,16,False,9,25,7,False,False,False
1,-0.5,0.0,-0.5,-0.5,uncertain,5-A-2-4,12,False,10,22,10,False,False,False
1,-0.5,0.0,-0.5,-0.5,uncertain,5-A-2-4,12,False,10,22,3,False,False,False
1,-0.5,0.0,-0.5,-0.5,uncertain,5-A-2-4-4,16,False,10,26,A,False,False,False
1,-0.5,0.0,-0.5,-0.5,uncertain,5-A-2-5,13,False,10,23,10,False,False,False
1,-0.5,0.0,-0.5,-0.5,uncertain,5-A-2-7,15,False,7,22,10,False,False,False
1,-0.5,0.0,-0.5,-0.5,uncertain,5-A-2-8,16,False,7,23,10,False,False,False
1,-0.5,0.0,-0.5,-0.5,uncertain,5-A-7,13,False,10,23,8,False,False,False
1,-0.5,0.0,-0.5,-0.5,uncertain,5-A-7,13,False,10,23,A,False,False,False
1,-0.5,0.0,-0.5,-0.5,uncertain,5-A-7,13,False,9,22,10,False,False,False
1,-0.5,0.0,-0.5,-0.5,uncertain,5-A-7,13,False,9,22,8,False,False,False
1,-0.5,0.0,-0.5,-0.5,uncertain,5-A-7-2,15,False,7,22,10,False,False,False
1,-0.5,0.0,-0.5,-0.5,uncertain,5-A-7-2-A,16,False,9,25,A,False,False,False
1,-0.5,0.0,-0.5,-0.5,uncertain,5-A-7-3,16,False,10,26,9,False,False,False
1,-0.5,0.0,-0.5,-0.5,uncertain,5-A-8,14,False,8,22,10,False,False,False
1,-0.5,0.0,-0.5,-0.5,uncertain,5-A-8-A,15,False,9,24,10,False,False,False
1,-0.5,0.0,-0.5,-0.5,uncertain,5-A-8-A-A,16,False,9,25,10,False,False,False
1,-0.5,0.0,-0.5,-0.5,uncertain,5-A-9,15,False,10,25,A,False,False,False
1,-0.5,0.0,-0.5,-0.5,uncertain,5-A-9,15,False,9,24,10,False,False,False
1,-0.5,0.0,-0.5,-0.5,uncertain,5-A-A-7,14,False,10,24,9,False,False,False
1,-0.5,0.0,-0.5,-0.5,uncertain,5-A-A-9,16,False,10,26,10,False,False,False
1,-0.5,0.0,-0.5,-0.5,uncertain,5-A-A-9,16,False,10,26,8,False,False,False
1,-0.5,0.0,-0.5,-0.5,uncertain,5-A-A-9,16,False,8,24,10,False,False,False
1,-0.5,0.0,-0.5,-0.5,uncertain,5-A-A-9,16,False,8,24,A,False,False,False
1,-0.5,0.0,-0.5,-0.5,uncertain,5-A-A-A-8,16,False,8,24,9,False,False,False
1,-0.5,0.0,-0.5,-0.5,uncertain,6-2-2-2,12,False,10,22,2,False,False,False
1,-0.5,0.0,-0.5,-0.5,uncertain,6-2-2-4,14,False,8,22,8,False,False,False
1,-0.5,0.0,-0.5,-0.5,uncertain,6-2-2-4-2,16,False,7,23,10,False,False,False
1,-0.5,0.0,-0.5,-0.5,uncertain,6-2-2-5,15,False,10,25,10,False,False,False
1,-0.5,0.0,-0.5,-0.5,uncertain,6-2-2-5,15,False,10,25,7,False,False,False
1,-0.5,0.0,-0.5,-0.5,uncertain,6-2-3-2,13,False,10,23,8,False,False,False
1,-0.5,0.0,-0.5,-0.5,uncertain,6-2-3-3-2,16,False,7,23,7,False,False,False
1,-0.5,0.0,-0.5,-0.5,uncertain,6-2-3-5,16,False,10,26,7,False,False,False
1,-0.5,0.0,-0.5,-0.5,uncertain,6-2-3-A,12,False,10,22,10,False,False,False
1,-0.5,0.0,-0.5,-0.5,uncertain,6-2-3-A,12,False,10,22,9,False,False,False
1,-0.5,0.0,-0.5,-0.5,uncertain,6-2-4-2,14,False,10,24,9,False,False,False
1,-0.5,0.0,-0.5,-0.5,uncertain,6-2-4-4,16,False,10,26,10,False,False,False
1,-0.5,0.0,-0.5,-0.5,uncertain,6-2-4-4,16,False,9,25,10,False,False,False
1,-0.5,0.0,-0.5,-0.5,uncertain,6-2-5,13,False,10,23,7,False,False,False
1,-0.5,0.0,-0.5,-0.5,uncertain,6-2-5,13,False,10,23,8,False,False,False
1,-0.5,0.0,-0.5,-0.5,uncertain,6-2-5-2,15,False,7,22,9,False,False,False
1,-0.5,0.0,-0.5,-0.5,uncertain,6-2-5-2-A,16,False,9,25,10,False,False,False
1,-0.5,0.0,-0.5,-0.5,uncertain,6-2-5-3,16,False,8,24,10,False,False,False
1,-0.5,0.0,-0.5,-0.5,uncertain,6-2-5-A,14,False,10,24,10,False,False,False
1,-0.5,0.0,-0.5,-0.5,uncertain,6-2-6,14,False,8,22,7,False,False,False
1,-0.5,0.0,-0.5,-0.5,uncertain,6-2-6,14,False,8,22,A,False,False,False
1,-0.5,0.0,-0.5,-0.5,uncertain,6-2-6,14,False,9,23,10,False,False,False
1,-0.5,0.0,-0.5,-0.5,uncertain,6-2-6,14,False,9,23,8,False,False,False
1,-0.5,0.0,-0.5,-0.5,uncertain,6-2-6-A,15,False,10,25,A,False,False,False
1,-0.5,0.0,-0.5,-0.5,uncertain,6-2-7,15,False,7,22,10,False,False,False
1,-0.5,0.0,-0.5,-0.5,uncertain,6-2-7,15,False,8,23,8,False,False,False
1,-0.5,0.0,-0.5,-0.5,uncertain,6-2-7,15,False,9,24,7,False,False,False
1,-0.5,0.0,-0.5,-0.5,uncertain,6-2-8,16,False,10,26,7,False,False,False
1,-0.5,0.0,-0.5,-0.5,uncertain,6-2-8,16,False,10,26,9,False,False,False
1,-0.5,0.0,-0.5,-0.5,uncertain,6-2-8,16,False,6,22,10,False,False,False
1,-0.5,0.0,-0.5,-0.5,uncertain,6-2-8,16,False,8,24,10,False,False,False
1,-0.5,0.0,-0.5,-0.5,uncertain,6-3-2-2,13,False,10,23,A,False,False,False
1,-0.5,0.0,-0.5,-0.5,uncertain,6-3-2-2-3,16,False,8,24,9,False,False,False
1,-0.5,0.0,-0.5,-0.5,uncertain,6-3-2-4,15,False,10,25,10,False,False,False
1,-0.5,0.0,-0.5,-0.5,uncertain,6-3-2-5,16,False,8,24,9,False,False,False
1,-0.5,0.0,-0.5,-0.5,uncertain,6-3-2-A,12,False,10,22,8,False,False,False
1,-0.5,0.0,-0.5,-0.5,uncertain,6-3-3,12,False,10,22,2,False,False,False
1,-0.5,0.0,-0.5,-0.5,uncertain,6-3-3,12,False,10,22,8,False,False,False
1,-0.5,0.0,-0.5,-0.5,uncertain,6-3-3-2,14,False,10,24,10,False,False,False
1,-0.5,0.0,-0.5,-0.5,uncertain,6-3-3-3-A,16,False,7,23,9,False,False,False
1,-0.5,0.0,-0.5,-0.5,uncertain,6-3-3-4,16,False,10,26,10,False,False,False
1,-0.5,0.0,-0.5,-0.5,uncertain,6-3-3-4,16,False,10,26,9,False,False,False
1,-0.5,0.0,-0.5,-0.5,uncertain,6-3-3-4,16,False,6,22,10,False,False,False
1,-0.5,0.0,-0.5,-0.5,uncertain,6-3-4,13,False,9,22,7,False,False,False
1,-0.5,0.0,-0.5,-0.5,uncertain,6-3-4-2,15,False,8,23,9,False,False,False
1,-0.5,0.0,-0.5,-0.5,uncertain,6-3-4-3,16,False,10,26,A,False,False,False
1,-0.5,0.0,-0.5,-0.5,uncertain,6-3-4-A,14,False,10,24,8,False,False,False
1,-0.5,0.0,-0.5,-0.5,uncertain,6-3-5,14,False,10,24,A,False,False,False
1,-0.5,0.0,-0.5,-0.5,uncertain,6-3-5,14,False,8,22,7,False,False,False
1,-0.5,0.0,-0.5,-0.5,uncertain,6-3-5,14,False,9,23,10,False,False,False
1,-0.5,0.0,-0.5,-0.5,uncertain,6-3-5,14,False,9,23,7,False,False,False
1,-0.5,0.0,-0.5,-0.5,uncertain,6-3-5,14,False,9,23,A,False,False,False
1,-0.5,0.0,-0.5,-0.5,uncertain,6-3-6,15,False,10,25,9,False,False,False
1,-0.5,0.0,-0.5,-0.5,uncertain,6-3-6,15,False,7,22,8,False,False,False
1,-0.5,0.0,-0.5,-0.5,uncertain,6-3-6-A,16,False,10,26,10,False,False,False
1,-0.5,0.0,-0.5,-0.5,uncertain,6-3-6-A,16,False,7,23,9,False,False,False
1,-0.5,0.0,-0.5,-0.5,uncertain,6-3-7,16,False,7,23,10,False,False,False
1,-0.5,0.0,-0.5,-0.5,uncertain,6-4-4,14,False,10,24,10,False,False,False
1,-0.5,0.0,-0.5,-0.5,uncertain,6-4-4,14,False,8,22,10,False,False,False
1,-0.5,0.0,-0.5,-0.5,uncertain,6-4-4,14,False,9,23,10,False,False,False
1,-0.5,0.0,-0.5,-0.5,uncertain,6-4-4,14,False,9,23,A,False,False,False
1,-0.5,0.0,-0.5,-0.5,uncertain,6-4-4-A,15,False,10,25,10,False,False,False
1,-0.5,0.0,-0.5,-0.5,uncertain,6-4-5,15,False,10,25,10,False,False,False
1,-0.5,0.0,-0.5,-0.5,uncertain,6-4-5,15,False,7,22,10,False,False,False
1,-0.5,0.0,-0.5,-0.5,uncertain,6-4-5,15,False,7,22,A,False,False,False
1,-0.5,0.0,-0.5,-0.5,uncertain,6-4-5,15,False,8,23,10,False,False,False
1,-0.5,0.0,-0.5,-0.5,uncertain,6-4-6,16,False,8,24,10,False,False,False
1,-0.5,0.0,-0.5,-0.5,uncertain,6-6-2,14,False,10,24,8,False,False,False
1,-0.5,0.0,-0.5,-0.5,uncertain,6-6-2,14,False,10,24,9,False,False,False
1,-0.5,0.0,-0.5,-0.5,uncertain,6-6-2,14,False,8,22,10,False,False,False
1,-0.5,0.0,-0.5,-0.5,uncertain,6-6-2-A,15,False,10,25,10,False,False,False
1,-0.5,0.0,-0.5,-0.5,uncertain,6-6-2-A,15,False,10,25,8,False,False,False
1,-0.5,0.0,-0.5,-0.5,uncertain,6-6-3,15,False,10,25,7,False,False,False
1,-0.5,0.0,-0.5,-0.5,uncertain,6-6-3,15,False,7,22,10,False,False,False
1,-0.5,0.0,-0.5,-0.5,uncertain,6-6-3,15,False,7,22,A,False,False,False
1,-0.5,0.0,-0.5,-0.5,uncertain,6-6-4,16,False,10,26,9,False,False,False
1,-0.5,0.0,-0.5,-0.5,uncertain,6-6-4,16,False,10,26,A,False,False,False
1,-0.5,0.0,-0.5,-0.5,uncertain,6-6-4,16,False,6,22,10,False,False,False
1,-0.5,0.0,-0.5,-0.5,uncertain,6-6-4,16,False,9,25,10,False,False,False
1,-0.5,0.0,-0.5,-0.5,uncertain,6-6-4,16,False,9,25,A,False,False,False
1,-0.5,0.0,-0.5,-0.5,uncertain,6-6-A,13,False,10,23,9,False,False,False
1,-0.5,0.0,-0.5,-0.5,uncertain,6-7-2,15,False,10,25,8,False,False,False
1,-0.5,0.0,-0.5,-0.5,uncertain,6-7-2,15,False,7,22,7,False,False,False
1,-0.5,0.0,-0.5,-0.5,uncertain,6-7-2,15,False,7,22,9,False,False,False
1,-0.5,0.0,-0.5,-0.5,uncertain,6-7-2,15,False,8,23,7,False,False,False
1,-0.5,0.0,-0.5,-0.5,uncertain,6-7-3,16,False,10,26,10,False,False,False
1,-0.5,0.0,-0.5,-0.5,uncertain,6-7-3,16,False,10,26,9,False,False,False
1,-0.5,0.0,-0.5,-0.5,uncertain,6-7-3,16,False,10,26,A,False,False,False
1,-0.5,0.0,-0.5,-0.5,uncertain,6-7-3,16,False,6,22,10,False,False,False
1,-0.5,0.0,-0.5,-0.5,uncertain,6-7-3,16,False,7,23,10,False,False,False
1,-0.5,0.0,-0.5,-0.5,uncertain,6-7-3,16,False,8,24,10,False,False,False
1,-0.5,0.0,-0.5,-0.5,uncertain,6-7-3,16,False,9,25,10,False,False,False
1,-0.5,0.0,-0.5,-0.5,uncertain,6-7-3,16,False,9,25,A,False,False,False
1,-0.5,0.0,-0.5,-0.5,uncertain,6-7-A,14,False,10,24,8,False,False,False
1,-0.5,0.0,-0.5,-0.5,uncertain,6-7-A,14,False,10,24,9,False,False,False
1,-0.5,0.0,-0.5,-0.5,uncertain,6-7-A,14,False,8,22,10,False,False,False
1,-0.5,0.0,-0.5,-0.5,uncertain,6-7-A-2,16,False,9,25,A,False,False,False
1,-0.5,0.0,-0.5,-0.5,uncertain,6-7-A-A,15,False,10,25,10,False,False,False
1,-0.5,0.0,-0.5,-0.5,uncertain,6-8-2,16,False,7,23,10,False,False,False
1,-0.5,0.0,-0.5,-0.5,uncertain,6-8-A,15,False,10,25,7,False,False,False
1,-0.5,0.0,-0.5,-0.5,uncertain,6-8-A,15,False,10,25,8,False,False,False
1,-0.5,0.0,-0.5,-0.5,uncertain,6-8-A,15,False,7,22,8,False,False,False
1,-0.5,0.0,-0.5,-0.5,uncertain,6-8-A,15,False,9,24,A,False,False,False
1,-0.5,0.0,-0.5,-0.5,uncertain,6-9-A,16,False,10,26,9,False,False,False
1,-0.5,0.0,-0.5,-0.5,uncertain,6-9-A,16,False,6,22,A,False,False,False
1,-0.5,0.0,-0.5,-0.5,uncertain,6-9-A,16,False,7,23,A,False,False,False
1,-0.5,0.0,-0.5,-0.5,uncertain,6-9-A,16,False,9,25,10,False,False,False
1,-0.5,0.0,-0.5,-0.5,uncertain,6-9-A,16,False,9,25,7,False,False,False
1,-0.5,0.0,-0.5,-0.5,uncertain,6-A-5,12,False,10,22,2,True,False,False
1,-0.5,0.0,-0.5,-0.5,uncertain,6-A-5,12,False,10,22,7,False,False,False
1,-0.5,0.0,-0.5,-0.5,uncertain,6-A-5,12,False,10,22,9,False,False,False
1,-0.5,0.0,-0.5,-0.5,uncertain,6-A-5-2,14,False,10,24,8,False,False,False
1,-0.5,0.0,-0.5,-0.5,uncertain,6-A-5-3,15,False,10,25,10,False,False,False
1,-0.5,0.0,-0.5,-0.5,uncertain,6-A-5-4,16,False,7,23,9,False,False,False
1,-0.5,0.0,-0.5,-0.5,uncertain,6-A-5-A,13,False,10,23,10,False,False,False
1,-0.5,0.0,-0.5,-0.5,uncertain,6-A-5-A,13,False,10,23,7,False,False,False
1,-0.5,0.0,-0.5,-0.5,uncertain,6-A-6,13,False,10,23,7,False,False,False
1,-0.5,0.0,-0.5,-0.5,uncertain,6-A-6,13,False,10,23,9,False,False,False
1,-0.5,0.0,-0.5,-0.5,uncertain,6-A-6-A,14,False,10,24,8,False,False,False
1,-0.5,0.0,-0.5,-0.5,uncertain,6-A-7,14,False,10,24,10,False,False,False
1,-0.5,0.0,-0.5,-0.5,uncertain,6-A-7,14,False,9,23,9,False,False,False
1,-0.5,0.0,-0.5,-0.5,uncertain,6-A-7-2,16,False,10,26,8,False,False,False
1,-0.5,0.0,-0.5,-0.5,uncertain,6-A-8,15,False,10,25,8,False,False,False
1,-0.5,0.0,-0.5,-0.5,uncertain,6-A-8,15,False,7,22,9,False,False,False
1,-0.5,0.0,-0.5,-0.5,uncertain,6-A-8,15,False,8,23,10,False,False,False
1,-0.5,0.0,-0.5,-0.5,uncertain,6-A-8,15,False,9,24,7,False,False,False
1,-0.5,0.0,-0.5,-0.5,uncertain,6-A-9,16,False,10,26,7,False,False,False
1,-0.5,0.0,-0.5,-0.5,uncertain,6-A-9,16,False,10,26,A,False,False,False
1,-0.5,0.0,-0.5,-0.5,uncertain,6-A-9,16,False,7,23,A,False,False,False
1,-0.5,0.0,-0.5,-0.5,uncertain,6-A-A-8,16,False,10,26,10,False,False,False
1,-0.5,0.0,-0.5,-0.5,uncertain,6-A-A-8,16,False,6,22,10,False,False,False
1,-0.5,0.0,-0.5,-0.5,uncertain,7-2-2-4,15,False,8,23,10,False,False,False
1,-0.5,0.0,-0.5,-0.5,uncertain,7-2-2-5,16,False,10,26,9,False,False,False
1,-0.5,0.0,-0.5,-0.5,uncertain,7-2-2-5,16,False,6,22,10,False,False,False
1,-0.5,0.0,-0.5,-0.5,uncertain,7-2-2-5,16,False,8,24,10,False,False,False
1,-0.5,0.0,-0.5,-0.5,uncertain,7-2-3,12,False,10,22,7,False,False,False
1,-0.5,0.0,-0.5,-0.5,uncertain,7-2-3,12,False,10,22,8,False,False,False
1,-0.5,0.0,-0.5,-0.5,uncertain,7-2-3-2,14,False,10,24,10,False,False,False
1,-0.5,0.0,-0.5,-0.5,uncertain,7-2-3-4,16,False,7,23,8,False,False,False
1,-0.5,0.0,-0.5,-0.5,uncertain,7-2-4,13,False,10,23,9,False,False,False
1,-0.5,0.0,-0.5,-0.5,uncertain,7-2-4-2,15,False,9,24,7,False,False,False
1,-0.5,0.0,-0.5,-0.5,uncertain,7-2-4-3,16,False,6,22,9,False,False,False
1,-0.5,0.0,-0.5,-0.5,uncertain,7-2-4-A,14,False,10,24,10,False,False,False
1,-0.5,0.0,-0.5,-0.5,uncertain,7-2-5,14,False,10,24,7,False,False,False
1,-0.5,0.0,-0.5,-0.5,uncertain,7-2-5-2,16,False,10,26,10,False,False,False
1,-0.5,0.0,-0.5,-0.5,uncertain,7-2-5-2,16,False,10,26,7,False,False,False
1,-0.5,0.0,-0.5,-0.5,uncertain,7-2-6,15,False,10,25,7,False,False,False
1,-0.5,0.0,-0.5,-0.5,uncertain,7-2-6,15,False,8,23,10,False,False,False
1,-0.5,0.0,-0.5,-0.5,uncertain,7-2-6,15,False,8,23,9,False,False,False
1,-0.5,0.0,-0.5,-0.5,uncertain,7-2-7,16,False,6,22,7,False,False,False
1,-0.5,0.0,-0.5,-0.5,uncertain,7-2-7,16,False,7,23,10,False,False,False
1,-0.5,0.0,-0.5,-0.5,uncertain,7-3-2,12,False,10,22,A,False,False,False
1,-0.5,0.0,-0.5,-0.5,uncertain,7-3-2-3,15,False,10,25,10,False,False,False
1,-0.5,0.0,-0.5,-0.5,uncertain,7-3-2-4,16,False,10,26,10,False,False,False
1,-0.5,0.0,-0.5,-0.5,uncertain,7-3-3-3,16,False,7,23,10,False,False,False
1,-0.5,0.0,-0.5,-0.5,uncertain,7-3-4,14,False,10,24,A,False,False,False
1,-0.5,0.0,-0.5,-0.5,uncertain,7-3-4-2,16,False,10,26,10,False,False,False
1,-0.5,0.0,-0.5,-0.5,uncertain,7-3-5,15,False,8,23,10,False,False,False
1,-0.5,0.0,-0.5,-0.5,uncertain,7-3-5,15,False,9,24,10,False,False,False
1,-0.5,0.0,-0.5,-0.5,uncertain,7-3-5-A,16,False,6,22,10,False,False,False
1,-0.5,0.0,-0.5,-0.5,uncertain,7-3-6,16,False,10,26,A,False,False,False
1,-0.5,0.0,-0.5,-0.5,uncertain,7-3-6,16,False,6,22,A,False,False,False
1,-0.5,0.0,-0.5,-0.5,uncertain,7-3-6,16,False,7,23,10,False,False,False
1,-0.5,0.0,-0.5,-0.5,uncertain,7-5,12,False,10,22,7,True,False,True
1,-0.5,0.0,-0.5,-0.5,uncertain,7-5-2,14,False,10,24,7,False,False,False
1,-0.5,0.0,-0.5,-0.5,uncertain,7-5-2,14,False,8,22,7,False,False,False
1,-0.5,0.0,-0.5,-0.5,uncertain,7-5-2,14,False,8,22,8,False,False,False
1,-0.5,0.0,-0.5,-0.5,uncertain,7-5-2,14,False,9,23,10,False,False,False
1,-0.5,0.0,-0.5,-0.5,uncertain,7-5-2-2,16,False,10,26,10,False,False,False
1,-0.5,0.0,-0.5,-0.5,uncertain,7-5-2-2,16,False,10,26,7,False,False,False
1,-0.5,0.0,-0.5,-0.5,uncertain,7-5-3,15,False,7,22,9,False,False,False
1,-0.5,0.0,-0.5,-0.5,uncertain,7-5-3,15,False,8,23,8,False,False,False
1,-0.5,0.0,-0.5,-0.5,uncertain,7-5-3,15,False,9,24,7,False,False,False
1,-0.5,0.0,-0.5,-0.5,uncertain,7-5-3,15,False,9,24,8,False,False,False
1,-0.5,0.0,-0.5,-0.5,uncertain,7-5-3,15,False,9,24,9,False,False,False
1,-0.5,0.0,-0.5,-0.5,uncertain,7-5-4,16,False,10,26,8,False,False,False
1,-0.5,0.0,-0.5,-0.5,uncertain,7-5-4,16,False,10,26,A,False,False,False
1,-0.5,0.0,-0.5,-0.5,uncertain,7-5-4,16,False,6,22,7,True,False,False
1,-0.5,0.0,-0.5,-0.5,uncertain,7-5-4,16,False,7,23,10,False,False,False
1,-0.5,0.0,-0.5,-0.5,uncertain,7-5-4,16,False,7,23,9,False,False,False
1,-0.5,0.0,-0.5,-0.5,uncertain,7-5-4,16,False,8,24,8,False,False,False
1,-0.5,0.0,-0.5,-0.5,uncertain,7-5-4,16,False,9,25,10,False,False,False
1,-0.5,0.0,-0.5,-0.5,uncertain,7-5-4,16,False,9,25,8,False,False,False
1,-0.5,0.0,-0.5,-0.5,uncertain,7-5-A,13,False,10,23,8,False,False,False
1,-0.5,0.0,-0.5,-0.5,uncertain,7-5-A,13,False,9,22,10,False,False,False
1,-0.5,0.0,-0.5,-0.5,uncertain,7-6-2,15,False,10,25,7,False,False,False
1,-0.5,0.0,-0.5,-0.5,uncertain,7-6-2,15,False,7,22,9,False,False,False
1,-0.5,0.0,-0.5,-0.5,uncertain,7-6-3,16,False,10,26,8,False,False,False
1,-0.5,0.0,-0.5,-0.5,uncertain,7-6-3,16,False,6,22,8,False,False,False
1,-0.5,0.0,-0.5,-0.5,uncertain,7-6-3,16,False,7,23,7,False,False,False
1,-0.5,0.0,-0.5,-0.5,uncertain,7-6-3,16,False,7,23,8,False,False,False
1,-0.5,0.0,-0.5,-0.5,uncertain,7-6-3,16,False,8,24,8,False,False,False
1,-0.5,0.0,-0.5,-0.5,uncertain,7-6-3,16,False,8,24,A,False,False,False
1,-0.5,0.0,-0.5,-0.5,uncertain,7-6-3,16,False,9,25,10,False,False,False
1,-0.5,0.0,-0.5,-0.5,uncertain,7-6-A,14,False,10,24,9,False,False,False
1,-0.5,0.0,-0.5,-0.5,uncertain,7-6-A,14,False,8,22,8,False,False,False
1,-0.5,0.0,-0.5,-0.5,uncertain,7-6-A,14,False,8,22,9,False,False,False
1,-0.5,0.0,-0.5,-0.5,uncertain,7-6-A-2,16,False,10,26,10,False,False,False
1,-0.5,0.0,-0.5,-0.5,uncertain,7-7-2,16,False,7,23,10,False,False,False
1,-0.5,0.0,-0.5,-0.5,uncertain,7-7-2,16,False,8,24,10,False,False,False
1,-0.5,0.0,-0.5,-0.5,uncertain,7-7-A,15,False,10,25,8,False,False,False
1,-0.5,0.0,-0.5,-0.5,uncertain,7-7-A,15,False,7,22,10,False,False,False
1,-0.5,0.0,-0.5,-0.5,uncertain,7-7-A,15,False,7,22,8,False,False,False
1,-0.5,0.0,-0.5,-0.5,uncertain,7-7-A,15,False,9,24,10,False,False,False
1,-0.5,0.0,-0.5,-0.5,uncertain,7-7-A-A,16,False,10,26,10,False,False,False
1,-0.5,0.0,-0.5,-0.5,uncertain,7-8,15,False,8,23,7,True,False,True
1,-0.5,0.0,-0.5,-0.5,uncertain,7-8,15,False,8,23,8,False,False,True
1,-0.5,0.0,-0.5,-0.5,uncertain,7-8,15,False,9,24,7,True,False,True
1,-0.5,0.0,-0.5,-0.5,uncertain,7-8-A,16,False,10,26,9,False,False,False
1,-0.5,0.0,-0.5,-0.5,uncertain,7-8-A,16,False,6,22,8,False,False,False
1,-0.5,0.0,-0.5,-0.5,uncertain,7-8-A,16,False,8,24,10,False,False,False
1,-0.5,0.0,-0.5,-0.5,uncertain,7-9,16,False,10,26,7,True,False,True
1,-0.5,0.0,-0.5,-0.5,uncertain,7-9,16,False,6,22,7,True,False,True
1,-0.5,0.0,-0.5,-0.5,uncertain,7-9,16,False,9,25,7,False,False,True
1,-0.5,0.0,-0.5,-0.5,uncertain,7-A-4-3,15,False,10,25,10,False,False,False
1,-0.5,0.0,-0.5,-0.5,uncertain,7-A-5-3,16,False,10,26,9,False,False,False
1,-0.5,0.0,-0.5,-0.5,uncertain,7-A-5-A,14,False,8,22,10,False,False,False
1,-0.5,0.0,-0.5,-0.5,uncertain,7-A-5-A,14,False,8,22,9,False,False,False
1,-0.5,0.0,-0.5,-0.5,uncertain,7-A-6,14,False,8,22,10,False,False,False
1,-0.5,0.0,-0.5,-0.5,uncertain,7-A-6,14,False,8,22,9,False,False,False
1,-0.5,0.0,-0.5,-0.5,uncertain,7-A-7,15,False,10,25,A,False,False,False
1,-0.5,0.0,-0.5,-0.5,uncertain,7-A-7,15,False,7,22,10,False,False,False
1,-0.5,0.0,-0.5,-0.5,uncertain,7-A-7,15,False,8,23,9,False,False,False
1,-0.5,0.0,-0.5,-0.5,uncertain,7-A-7,15,False,8,23,A,False,False,False
1,-0.5,0.0,-0.5,-0.5,uncertain,7-A-7,15,False,9,24,9,False,False,False
1,-0.5,0.0,-0.5,-0.5,uncertain,7-A-7,15,False,9,24,A,False,False,False
1,-0.5,0.0,-0.5,-0.5,uncertain,7-A-7-A,16,False,10,26,10,False,False,False
1,-0.5,0.0,-0.5,-0.5,uncertain,7-A-8,16,False,10,26,9,False,False,False
1,-0.5,0.0,-0.5,-0.5,uncertain,7-A-8,16,False,7,23,10,False,False,False
1,-0.5,0.0,-0.5,-0.5,uncertain,7-A-8,16,False,8,24,10,False,False,False
1,-0.5,0.0,-0.5,-0.5,uncertain,7-A-8,16,False,9,25,10,False,False,False
1,-0.5,0.0,-0.5,-0.5,uncertain,8-2-2-A,13,False,10,23,10,False,False,False
1,-0.5,0.0,-0.5,-0.5,uncertain,8-2-3,13,False,10,23,10,False,False,False
1,-0.5,0.0,-0.5,-0.5,uncertain,8-2-3,13,False,10,23,10,True,False,False
1,-0.5,0.0,-0.5,-0.5,uncertain,8-2-3-A,14,False,10,24,A,False,False,False
1,-0.5,0.0,-0.5,-0.5,uncertain,8-2-4,14,False,9,23,10,False,False,False
1,-0.5,0.0,-0.5,-0.5,uncertain,8-2-4-2,16,False,10,26,10,False,False,False
1,-0.5,0.0,-0.5,-0.5,uncertain,8-2-5,15,False,10,25,A,False,False,False
1,-0.5,0.0,-0.5,-0.5,uncertain,8-2-5,15,False,7,22,10,False,False,False
1,-0.5,0.0,-0.5,-0.5,uncertain,8-2-5,15,False,7,22,10,True,False,False
1,-0.5,0.0,-0.5,-0.5,uncertain,8-2-5-A,16,False,9,25,10,False,False,False
1,-0.5,0.0,-0.5,-0.5,uncertain,8-2-6,16,False,10,26,10,True,False,False
1,-0.5,0.0,-0.5,-0.5,uncertain,8-2-6,16,False,10,26,A,False,False,False
1,-0.5,0.0,-0.5,-0.5,uncertain,8-2-6,16,False,7,23,10,True,False,False
1,-0.5,0.0,-0.5,-0.5,uncertain,8-4-2,14,False,10,24,10,True,False,False
1,-0.5,0.0,-0.5,-0.5,uncertain,8-4-2,14,False,10,24,9,False,False,False
1,-0.5,0.0,-0.5,-0.5,uncertain,8-4-2,14,False,9,23,10,False,False,False
1,-0.5,0.0,-0.5,-0.5,uncertain,8-4-2-2,16,False,10,26,9,True,False,False
1,-0.5,0.0,-0.5,-0.5,uncertain,8-4-2-A,15,False,10,25,10,True,False,False
1,-0.5,0.0,-0.5,-0.5,uncertain,8-4-3,15,False,10,25,7,True,False,False
1,-0.5,0.0,-0.5,-0.5,uncertain,8-4-3,15,False,8,23,10,False,False,False
1,-0.5,0.0,-0.5,-0.5,uncertain,8-4-3,15,False,8,23,A,False,False,False
1,-0.5,0.0,-0.5,-0.5,uncertain,8-4-3-A,16,False,10,26,10,False,False,False
1,-0.5,0.0,-0.5,-0.5,uncertain,8-4-3-A,16,False,10,26,A,False,False,False
1,-0.5,0.0,-0.5,-0.5,uncertain,8-4-3-A,16,False,7,23,10,False,False,False
1,-0.5,0.0,-0.5,-0.5,uncertain,8-4-4,16,False,10,26,10,True,False,False
1,-0.5,0.0,-0.5,-0.5,uncertain,8-4-4,16,False,10,26,7,False,False,False
1,-0.5,0.0,-0.5,-0.5,uncertain,8-4-4,16,False,10,26,7,True,False,False
1,-0.5,0.0,-0.5,-0.5,uncertain,8-4-4,16,False,10,26,8,False,False,False
1,-0.5,0.0,-0.5,-0.5,uncertain,8-4-4,16,False,10,26,A,False,False,False
1,-0.5,0.0,-0.5,-0.5,uncertain,8-4-4,16,False,6,22,10,False,False,False
1,-0.5,0.0,-0.5,-0.5,uncertain,8-4-4,16,False,7,23,10,False,False,False
1,-0.5,0.0,-0.5,-0.5,uncertain,8-4-4,16,False,7,23,7,False,False,False
1,-0.5,0.0,-0.5,-0.5,uncertain,8-4-4,16,False,7,23,9,False,False,False
1,-0.5,0.0,-0.5,-0.5,uncertain,8-4-4,16,False,8,24,9,False,False,False
1,-0.5,0.0,-0.5,-0.5,uncertain,8-4-4,16,False,9,25,10,False,False,False
1,-0.5,0.0,-0.5,-0.5,uncertain,8-4-4,16,False,9,25,7,False,False,False
1,-0.5,0.0,-0.5,-0.5,uncertain,8-4-A,13,False,10,23,A,False,False,False
1,-0.5,0.0,-0.5,-0.5,uncertain,8-4-A,13,False,9,22,A,False,False,False
1,-0.5,0.0,-0.5,-0.5,uncertain,8-4-A-2,15,False,10,25,10,False,False,False
1,-0.5,0.0,-0.5,-0.5,uncertain,8-4-A-2,15,False,10,25,9,True,False,False
1,-0.5,0.0,-0.5,-0.5,uncertain,8-4-A-3,16,False,6,22,10,False,False,False
1,-0.5,0.0,-0.5,-0.5,uncertain,8-4-A-A,14,False,9,23,10,False,False,False
1,-0.5,0.0,-0.5,-0.5,uncertain,8-5,13,False,10,23,8,True,False,True
1,-0.5,0.0,-0.5,-0.5,uncertain,8-5,13,False,9,22,10,True,False,True
1,-0.5,0.0,-0.5,-0.5,uncertain,8-5,13,False,9,22,7,True,False,True
1,-0.5,0.0,-0.5,-0.5,uncertain,8-5,13,False,9,22,8,False,False,True
1,-0.5,0.0,-0.5,-0.5,uncertain,8-5-2,15,False,10,25,10,False,False,False
1,-0.5,0.0,-0.5,-0.5,uncertain,8-5-2,15,False,10,25,A,False,False,False
1,-0.5,0.0,-0.5,-0.5,uncertain,8-5-2,15,False,7,22,8,False,False,False
1,-0.5,0.0,-0.5,-0.5,uncertain,8-5-2,15,False,8,23,9,False,False,False
1,-0.5,0.0,-0.5,-0.5,uncertain,8-5-2,15,False,9,24,8,False,False,False
1,-0.5,0.0,-0.5,-0.5,uncertain,8-5-2-A,16,False,8,24,10,False,False,False
1,-0.5,0.0,-0.5,-0.5,uncertain,8-5-3,16,False,10,26,8,False,False,False
1,-0.5,0.0,-0.5,-0.5,uncertain,8-5-3,16,False,6,22,10,False,False,False
1,-0.5,0.0,-0.5,-0.5,uncertain,8-5-3,16,False,6,22,8,False,False,False
1,-0.5,0.0,-0.5,-0.5,uncertain,8-5-3,16,False,8,24,10,False,False,False
1,-0.5,0.0,-0.5,-0.5,uncertain,8-5-A,14,False,8,22,8,True,False,False
1,-0.5,0.0,-0.5,-0.5,uncertain,8-5-A-A,15,False,10,25,8,False,False,False
1,-0.5,0.0,-0.5,-0.5,uncertain,8-5-A-A,15,False,8,23,10,False,False,False
1,-0.5,0.0,-0.5,-0.5,uncertain,8-6,14,False,8,22,10,True,False,True
1,-0.5,0.0,-0.5,-0.5,uncertain,8-6,14,False,8,22,9,False,False,True
1,-0.5,0.0,-0.5,-0.5,uncertain,8-6,14,False,9,23,7,True,False,True
1,-0.5,0.0,-0.5,-0.5,uncertain,8-6,14,False,9,23,A,False,False,True
1,-0.5,0.0,-0.5,-0.5,uncertain,8-6-2,16,False,6,22,7,True,False,False
1,-0.5,0.0,-0.5,-0.5,uncertain,8-6-2,16,False,7,23,10,False,False,False
1,-0.5,0.0,-0.5,-0.5,uncertain,8-6-2,16,False,7,23,10,True,False,False
1,-0.5,0.0,-0.5,-0.5,uncertain,8-6-2,16,False,7,23,A,False,False,False
1,-0.5,0.0,-0.5,-0.5,uncertain,8-6-A,15,False,10,25,10,True,False,False
1,-0.5,0.0,-0.5,-0.5,uncertain,8-6-A,15,False,10,25,9,False,False,False
1,-0.5,0.0,-0.5,-0.5,uncertain,8-6-A,15,False,10,25,A,False,False,False
1,-0.5,0.0,-0.5,-0.5,uncertain,8-7,15,False,10,25,7,True,False,True
1,-0.5,0.0,-0.5,-0.5,uncertain,8-7,15,False,7,22,10,True,False,True
1,-0.5,0.0,-0.5,-0.5,uncertain,8-7,15,False,7,22,7,True,False,True
1,-0.5,0.0,-0.5,-0.5,uncertain,8-7,15,False,7,22,8,True,False,True
1,-0.5,0.0,-0.5,-0.5,uncertain,8-7,15,False,7,22,A,True,False,True
1,-0.5,0.0,-0.5,-0.5,uncertain,8-7,15,False,8,23,7,True,False,True
1,-0.5,0.0,-0.5,-0.5,uncertain,8-7,15,False,8,23,9,True,False,True
1,-0.5,0.0,-0.5,-0.5,uncertain,8-7,15,False,8,23,A,True,False,True
1,-0.5,0.0,-0.5,-0.5,uncertain,8-7-A,16,False,10,26,8,False,False,False
1,-0.5,0.0,-0.5,-0.5,uncertain,8-7-A,16,False,10,26,9,False,False,False
1,-0.5,0.0,-0.5,-0.5,uncertain,8-7-A,16,False,10,26,9,True,False,False
1,-0.5,0.0,-0.5,-0.5,uncertain,8-7-A,16,False,10,26,A,True,False,False
1,-0.5,0.0,-0.5,-0.5,uncertain,9-3,12,False,10,22,9,True,False,True
1,-0.5,0.0,-0.5,-0.5,uncertain,9-3-2,14,False,9,23,7,False,False,False
1,-0.5,0.0,-0.5,-0.5,uncertain,9-3-2-2,16,False,10,26,9,False,False,False
1,-0.5,0.0,-0.5,-0.5,uncertain,9-3-2-A,15,False,8,23,7,False,False,False
1,-0.5,0.0,-0.5,-0.5,uncertain,9-3-3,15,False,10,25,8,False,False,False
1,-0.5,0.0,-0.5,-0.5,uncertain,9-3-3,15,False,10,25,8,True,False,False
1,-0.5,0.0,-0.5,-0.5,uncertain,9-3-3,15,False,9,24,9,False,False,False
1,-0.5,0.0,-0.5,-0.5,uncertain,9-3-4,16,False,10,26,9,False,False,False
1,-0.5,0.0,-0.5,-0.5,uncertain,9-3-4,16,False,6,22,10,False,False,False
1,-0.5,0.0,-0.5,-0.5,uncertain,9-3-4,16,False,7,23,8,False,False,False
1,-0.5,0.0,-0.5,-0.5,uncertain,9-3-4,16,False,8,24,10,False,False,False
1,-0.5,0.0,-0.5,-0.5,uncertain,9-3-4,16,False,8,24,7,False,False,False
1,-0.5,0.0,-0.5,-0.5,uncertain,9-3-4,16,False,8,24,A,False,False,False
1,-0.5,0.0,-0.5,-0.5,uncertain,9-3-4,16,False,9,25,A,False,False,False
1,-0.5,0.0,-0.5,-0.5,uncertain,9-3-A,13,False,10,23,A,False,False,False
1,-0.5,0.0,-0.5,-0.5,uncertain,9-3-A,13,False,9,22,10,False,False,False
1,-0.5,0.0,-0.5,-0.5,uncertain,9-3-A,13,False,9,22,8,False,False,False
1,-0.5,0.0,-0.5,-0.5,uncertain,9-3-A-A-2,16,False,8,24,10,False,False,False
1,-0.5,0.0,-0.5,-0.5,uncertain,9-4,13,False,10,23,8,True,False,True
1,-0.5,0.0,-0.5,-0.5,uncertain,9-4,13,False,9,22,7,False,False,True
1,-0.5,0.0,-0.5,-0.5,uncertain,9-4,13,False,9,22,8,False,False,True
1,-0.5,0.0,-0.5,-0.5,uncertain,9-4-2,15,False,7,22,10,False,False,False
1,-0.5,0.0,-0.5,-0.5,uncertain,9-4-2,15,False,8,23,8,False,False,False
1,-0.5,0.0,-0.5,-0.5,uncertain,9-4-3,16,False,6,22,A,False,False,False
1,-0.5,0.0,-0.5,-0.5,uncertain,9-4-3,16,False,7,23,8,False,False,False
1,-0.5,0.0,-0.5,-0.5,uncertain,9-4-3,16,False,7,23,9,False,False,False
1,-0.5,0.0,-0.5,-0.5,uncertain,9-4-3,16,False,7,23,9,True,False,False
1,-0.5,0.0,-0.5,-0.5,uncertain,9-4-3,16,False,8,24,9,False,False,False
1,-0.5,0.0,-0.5,-0.5,uncertain,9-4-A,14,False,8,22,10,False,False,False
1,-0.5,0.0,-0.5,-0.5,uncertain,9-4-A,14,False,8,22,8,False,False,False
1,-0.5,0.0,-0.5,-0.5,uncertain,9-4-A-2,16,False,7,23,10,False,False,False
1,-0.5,0.0,-0.5,-0.5,uncertain,9-4-A-A,15,False,10,25,9,False,False,False
1,-0.5,0.0,-0.5,-0.5,uncertain,9-5,14,False,8,22,8,True,False,True
1,-0.5,0.0,-0.5,-0.5,uncertain,9-5-2,16,False,8,24,10,False,False,False
1,-0.5,0.0,-0.5,-0.5,uncertain,9-5-2,16,False,9,25,10,False,False,False
1,-0.5,0.0,-0.5,-0.5,uncertain,9-5-2,16,False,9,25,8,False,False,False
1,-0.5,0.0,-0.5,-0.5,uncertain,9-5-A,15,False,9,24,A,False,False,False
1,-0.5,0.0,-0.5,-0.5,uncertain,9-6,15,False,7,22,8,True,False,True
1,-0.5,0.0,-0.5,-0.5,uncertain,9-6,15,False,9,24,9,False,False,True
1,-0.5,0.0,-0.5,-0.5,uncertain,9-6-A,16,False,7,23,8,False,False,False
1,-0.5,0.0,-0.5,-0.5,uncertain,9-6-A,16,False,8,24,8,False,False,False
1,-0.5,0.0,-0.5,-0.5,uncertain,9-7,16,False,10,26,8,True,False,True
1,-0.5,0.0,-0.5,-0.5,uncertain,9-7,16,False,7,23,A,False,False,True
1,-0.5,0.0,-0.5,-0.5,uncertain,9-7,16,False,8,24,9,True,False,True
1,-0.5,0.0,-0.5,-0.5,uncertain,A-2-10,13,False,9,22,7,False,False,False
1,-0.5,0.0,-0.5,-0.5,uncertain,A-2-10-2,15,False,10,25,A,False,False,False
1,-0.5,0.0,-0.5,-0.5,uncertain,A-2-10-2,15,False,7,22,10,False,False,False
1,-0.5,0.0,-0.5,-0.5,uncertain,A-2-10-2,15,False,8,23,8,False,False,False
1,-0.5,0.0,-0.5,-0.5,uncertain,A-2-10-2,15,False,8,23,A,False,False,False
1,-0.5,0.0,-0.5,-0.5,uncertain,A-2-10-2,15,False,9,24,10,False,False,False
1,-0.5,0.0,-0.5,-0.5,uncertain,A-2-10-3,16,False,10,26,10,False,False,False
1,-0.5,0.0,-0.5,-0.5,uncertain,A-2-10-3,16,False,8,24,8,False,False,False
1,-0.5,0.0,-0.5,-0.5,uncertain,A-2-10-A,14,False,9,23,10,False,False,False
1,-0.5,0.0,-0.5,-0.5,uncertain,A-2-10-A-A,15,False,8,23,10,False,False,False
1,-0.5,0.0,-0.5,-0.5,uncertain,A-2-2-10,15,False,10,25,10,False,False,False
1,-0.5,0.0,-0.5,-0.5,uncertain,A-2-2-10,15,False,10,25,8,False,False,False
1,-0.5,0.0,-0.5,-0.5,uncertain,A-2-2-10,15,False,10,25,A,False,False,False
1,-0.5,0.0,-0.5,-0.5,uncertain,A-2-2-10,15,False,8,23,10,False,False,False
1,-0.5,0.0,-0.5,-0.5,uncertain,A-2-2-8,13,False,10,23,A,False,False,False
1,-0.5,0.0,-0.5,-0.5,uncertain,A-2-2-9-A,15,False,7,22,9,False,False,False
1,-0.5,0.0,-0.5,-0.5,uncertain,A-2-2-A-9,15,False,8,23,9,False,False,False
1,-0.5,0.0,-0.5,-0.5,uncertain,A-2-3-10,16,False,6,22,8,False,False,False
1,-0.5,0.0,-0.5,-0.5,uncertain,A-2-3-10,16,False,8,24,10,False,False,False
1,-0.5,0.0,-0.5,-0.5,uncertain,A-2-3-2-7,15,False,8,23,A,False,False,False
1,-0.5,0.0,-0.5,-0.5,uncertain,A-2-3-7,13,False,10,23,10,False,False,False
1,-0.5,0.0,-0.5,-0.5,uncertain,A-2-4-6-A,14,False,10,24,7,False,False,False
1,-0.5,0.0,-0.5,-0.5,uncertain,A-2-4-7,14,False,10,24,10,False,False,False
1,-0.5,0.0,-0.5,-0.5,uncertain,A-2-4-7,14,False,8,22,A,False,False,False
1,-0.5,0.0,-0.5,-0.5,uncertain,A-2-4-8,15,False,10,25,7,False,False,False
1,-0.5,0.0,-0.5,-0.5,uncertain,A-2-4-9,16,False,10,26,10,False,False,False
1,-0.5,0.0,-0.5,-0.5,uncertain,A-2-4-9,16,False,6,22,8,False,False,False
1,-0.5,0.0,-0.5,-0.5,uncertain,A-2-5-4,12,False,10,22,A,False,False,False
1,-0.5,0.0,-0.5,-0.5,uncertain,A-2-5-6,14,False,10,24,10,False,False,False
1,-0.5,0.0,-0.5,-0.5,uncertain,A-2-5-6,14,False,9,23,10,False,False,False
1,-0.5,0.0,-0.5,-0.5,uncertain,A-2-5-8,16,False,10,26,10,False,False,False
1,-0.5,0.0,-0.5,-0.5,uncertain,A-2-9,12,False,10,22,9,False,False,False
1,-0.5,0.0,-0.5,-0.5,uncertain,A-2-9-A,13,False,10,23,8,False,False,False
1,-0.5,0.0,-0.5,-0.5,uncertain,A-2-A-10,14,False,10,24,10,False,False,False
1,-0.5,0.0,-0.5,-0.5,uncertain,A-2-A-10,14,False,10,24,7,False,False,False
1,-0.5,0.0,-0.5,-0.5,uncertain,A-2-A-10,14,False,10,24,9,False,False,False
1,-0.5,0.0,-0.5,-0.5,uncertain,A-2-A-10,14,False,8,22,9,False,False,False
1,-0.5,0.0,-0.5,-0.5,uncertain,A-2-A-10-2,16,False,6,22,10,False,False,False
1,-0.5,0.0,-0.5,-0.5,uncertain,A-2-A-3-9,16,False,10,26,9,False,False,False
1,-0.5,0.0,-0.5,-0.5,uncertain,A-2-A-9,13,False,10,23,A,False,False,False
1,-0.5,0.0,-0.5,-0.5,uncertain,A-3-10,14,False,9,23,8,False,False,False
1,-0.5,0.0,-0.5,-0.5,uncertain,A-3-10-2,16,False,10,26,10,False,False,False
1,-0.5,0.0,-0.5,-0.5,uncertain,A-3-10-2,16,False,7,23,9,False,False,False
1,-0.5,0.0,-0.5,-0.5,uncertain,A-3-10-2,16,False,9,25,10,False,False,False
1,-0.5,0.0,-0.5,-0.5,uncertain,A-3-10-A,15,False,10,25,9,False,False,False
1,-0.5,0.0,-0.5,-0.5,uncertain,A-3-2-10,16,False,10,26,8,False,False,False
1,-0.5,0.0,-0.5,-0.5,uncertain,A-3-2-10,16,False,10,26,A,False,False,False
1,-0.5,0.0,-0.5,-0.5,uncertain,A-3-2-10,16,False,7,23,10,False,False,False
1,-0.5,0.0,-0.5,-0.5,uncertain,A-3-2-10,16,False,8,24,8,False,False,False
1,-0.5,0.0,-0.5,-0.5,uncertain,A-3-2-8,14,False,10,24,10,False,False,False
1,-0.5,0.0,-0.5,-0.5,uncertain,A-3-2-A-6-2,15,False,8,23,9,False,False,False
1,-0.5,0.0,-0.5,-0.5,uncertain,A-3-8,12,False,10,22,3,False,False,False
1,-0.5,0.0,-0.5,-0.5,uncertain,A-3-8,12,False,10,22,8,False,False,False
1,-0.5,0.0,-0.5,-0.5,uncertain,A-3-8,12,False,10,22,9,False,False,False
1,-0.5,0.0,-0.5,-0.5,uncertain,A-3-8-4,16,False,10,26,9,False,False,False
1,-0.5,0.0,-0.5,-0.5,uncertain,A-3-8-4,16,False,6,22,10,False,False,False
1,-0.5,0.0,-0.5,-0.5,uncertain,A-3-8-4,16,False,9,25,7,False,False,False
1,-0.5,0.0,-0.5,-0.5,uncertain,A-3-8-A,13,False,10,23,7,False,False,False
1,-0.5,0.0,-0.5,-0.5,uncertain,A-3-9,13,False,10,23,A,False,False,False
1,-0.5,0.0,-0.5,-0.5,uncertain,A-3-9,13,False,9,22,9,False,False,False
1,-0.5,0.0,-0.5,-0.5,uncertain,A-3-9-2,15,False,9,24,10,False,False,False
1,-0.5,0.0,-0.5,-0.5,uncertain,A-3-9-A,14,False,10,24,10,False,False,False
1,-0.5,0.0,-0.5,-0.5,uncertain,A-3-A-2-7,14,False,10,24,10,False,False,False
1,-0.5,0.0,-0.5,-0.5,uncertain,A-4-10,15,False,7,22,8,False,False,False
1,-0.5,0.0,-0.5,-0.5,uncertain,A-4-10,15,False,7,22,A,False,False,False
1,-0.5,0.0,-0.5,-0.5,uncertain,A-4-10,15,False,8,23,8,False,False,False
1,-0.5,0.0,-0.5,-0.5,uncertain,A-4-10,15,False,8,23,A,False,False,False
1,-0.5,0.0,-0.5,-0.5,uncertain,A-4-10,15,False,9,24,9,False,False,False
1,-0.5,0.0,-0.5,-0.5,uncertain,A-4-10-A,16,False,10,26,10,False,False,False
1,-0.5,0.0,-0.5,-0.5,uncertain,A-4-10-A,16,False,8,24,10,False,False,False
1,-0.5,0.0,-0.5,-0.5,uncertain,A-4-2-5-A,13,False,10,23,A,False,False,False
1,-0.5,0.0,-0.5,-0.5,uncertain,A-4-2-7,14,False,10,24,8,False,False,False
1,-0.5,0.0,-0.5,-0.5,uncertain,A-4-3-5,13,False,9,22,10,False,False,False
1,-0.5,0.0,-0.5,-0.5,uncertain,A-4-3-6-2,16,False,10,26,10,False,False,False
1,-0.5,0.0,-0.5,-0.5,uncertain,A-4-3-7,15,False,10,25,10,False,False,False
1,-0.5,0.0,-0.5,-0.5,uncertain,A-4-3-7,15,False,9,24,10,False,False,False
1,-0.5,0.0,-0.5,-0.5,uncertain,A-4-3-8,16,False,10,26,10,False,False,False
1,-0.5,0.0,-0.5,-0.5,uncertain,A-4-3-8,16,False,10,26,9,False,False,False
1,-0.5,0.0,-0.5,-0.5,uncertain,A-4-7-3,15,False,7,22,A,False,False,False
1,-0.5,0.0,-0.5,-0.5,uncertain,A-4-7-4,16,False,10,26,10,False,False,False
1,-0.5,0.0,-0.5,-0.5,uncertain,A-4-7-A,13,False,10,23,9,False,False,False
1,-0.5,0.0,-0.5,-0.5,uncertain,A-4-8,13,False,10,23,7,False,False,False
1,-0.5,0.0,-0.5,-0.5,uncertain,A-4-8,13,False,10,23,8,False,False,False
1,-0.5,0.0,-0.5,-0.5,uncertain,A-4-8,13,False,9,22,9,False,False,False
1,-0.5,0.0,-0.5,-0.5,uncertain,A-4-8-2,15,False,8,23,10,False,False,False
1,-0.5,0.0,-0.5,-0.5,uncertain,A-4-9,14,False,10,24,10,False,False,False
1,-0.5,0.0,-0.5,-0.5,uncertain,A-4-9,14,False,9,23,9,False,False,False
1,-0.5,0.0,-0.5,-0.5,uncertain,A-4-A-10,16,False,10,26,9,False,False,False
1,-0.5,0.0,-0.5,-0.5,uncertain,A-4-A-10,16,False,8,24,9,False,False,False
1,-0.5,0.0,-0.5,-0.5,uncertain,A-4-A-10,16,False,9,25,10,False,False,False
1,-0.5,0.0,-0.5,-0.5,uncertain,A-4-A-6,12,False,10,22,8,False,False,False
1,-0.5,0.0,-0.5,-0.5,uncertain,A-4-A-6-A-2,15,False,10,25,9,False,False,False
1,-0.5,0.0,-0.5,-0.5,uncertain,A-4-A-7,13,False,10,23,9,False,False,False
1,-0.5,0.0,-0.5,-0.5,uncertain,A-4-A-A-5,12,False,10,22,10,False,False,False
1,-0.5,0.0,-0.5,-0.5,uncertain,A-5-10,16,False,10,26,8,False,False,False
1,-0.5,0.0,-0.5,-0.5,uncertain,A-5-10,16,False,6,22,8,False,False,False
1,-0.5,0.0,-0.5,-0.5,uncertain,A-5-10,16,False,6,22,A,False,False,False
1,-0.5,0.0,-0.5,-0.5,uncertain,A-5-10,16,False,7,23,8,False,False,False
1,-0.5,0.0,-0.5,-0.5,uncertain,A-5-10,16,False,9,25,7,False,False,False
1,-0.5,0.0,-0.5,-0.5,uncertain,A-5-10,16,False,9,25,9,False,False,False
1,-0.5,0.0,-0.5,-0.5,uncertain,A-5-2-4,12,False,10,22,10,False,False,False
1,-0.5,0.0,-0.5,-0.5,uncertain,A-5-2-4-2,14,False,10,24,10,False,False,False
1,-0.5,0.0,-0.5,-0.5,uncertain,A-5-2-6,14,False,8,22,9,False,False,False
1,-0.5,0.0,-0.5,-0.5,uncertain,A-5-2-7,15,False,10,25,10,False,False,False
1,-0.5,0.0,-0.5,-0.5,uncertain,A-5-6,12,False,10,22,3,False,False,False
1,-0.5,0.0,-0.5,-0.5,uncertain,A-5-6,12,False,10,22,A,False,False,False
1,-0.5,0.0,-0.5,-0.5,uncertain,A-5-6-3,15,False,10,25,10,False,False,False
1,-0.5,0.0,-0.5,-0.5,uncertain,A-5-6-3-A,16,False,9,25,10,False,False,False
1,-0.5,0.0,-0.5,-0.5,uncertain,A-5-7-2,15,False,7,22,10,False,False,False
1,-0.5,0.0,-0.5,-0.5,uncertain,A-5-7-2,15,False,9,24,9,False,False,False
1,-0.5,0.0,-0.5,-0.5,uncertain,A-5-8,14,False,10,24,8,False,False,False
1,-0.5,0.0,-0.5,-0.5,uncertain,A-5-8,14,False,10,24,A,False,False,False
1,-0.5,0.0,-0.5,-0.5,uncertain,A-5-8,14,False,9,23,9,False,False,False
1,-0.5,0.0,-0.5,-0.5,uncertain,A-5-8-2,16,False,10,26,9,False,False,False
1,-0.5,0.0,-0.5,-0.5,uncertain,A-5-8-A,15,False,8,23,10,False,False,False
1,-0.5,0.0,-0.5,-0.5,uncertain,A-5-9,15,False,10,25,A,False,False,False
1,-0.5,0.0,-0.5,-0.5,uncertain,A-5-9,15,False,9,24,10,False,False,False
1,-0.5,0.0,-0.5,-0.5,uncertain,A-5-9,15,False,9,24,8,False,False,False
1,-0.5,0.0,-0.5,-0.5,uncertain,A-5-9-A,16,False,10,26,10,False,False,False
1,-0.5,0.0,-0.5,-0.5,uncertain,A-5-A-6,13,False,10,23,10,False,False,False
1,-0.5,0.0,-0.5,-0.5,uncertain,A-5-A-6-A,14,False,10,24,9,False,False,False
1,-0.5,0.0,-0.5,-0.5,uncertain,A-5-A-A-4-A-A,14,False,8,22,10,False,False,False
1,-0.5,0.0,-0.5,-0.5,uncertain,A-6-5,12,False,10,22,7,False,False,False
1,-0.5,0.0,-0.5,-0.5,uncertain,A-6-5,12,False,10,22,9,False,False,False
1,-0.5,0.0,-0.5,-0.5,uncertain,A-6-5-4,16,False,10,26,9,False,False,False
1,-0.5,0.0,-0.5,-0.5,uncertain,A-6-5-4,16,False,6,22,7,False,False,False
1,-0.5,0.0,-0.5,-0.5,uncertain,A-6-5-A,13,False,10,23,10,False,False,False
1,-0.5,0.0,-0.5,-0.5,uncertain,A-6-6,13,False,9,22,7,False,False,False
1,-0.5,0.0,-0.5,-0.5,uncertain,A-6-6-3,16,False,7,23,9,False,False,False
1,-0.5,0.0,-0.5,-0.5,uncertain,A-6-7,14,False,10,24,8,False,False,False
1,-0.5,0.0,-0.5,-0.5,uncertain,A-6-7,14,False,9,23,7,False,False,False
1,-0.5,0.0,-0.5,-0.5,uncertain,A-6-8,15,False,10,25,9,False,False,False
1,-0.5,0.0,-0.5,-0.5,uncertain,A-6-8,15,False,7,22,7,False,False,False
1,-0.5,0.0,-0.5,-0.5,uncertain,A-6-8,15,False,7,22,8,False,False,False
1,-0.5,0.0,-0.5,-0.5,uncertain,A-6-8-A,16,False,10,26,10,False,False,False
1,-0.5,0.0,-0.5,-0.5,uncertain,A-6-9,16,False,10,26,8,False,False,False
1,-0.5,0.0,-0.5,-0.5,uncertain,A-6-9,16,False,10,26,A,False,False,False
1,-0.5,0.0,-0.5,-0.5,uncertain,A-6-9,16,False,6,22,10,False,False,False
1,-0.5,0.0,-0.5,-0.5,uncertain,A-6-9,16,False,8,24,7,False,False,False
1,-0.5,0.0,-0.5,-0.5,uncertain,A-6-9,16,False,9,25,10,False,False,False
1,-0.5,0.0,-0.5,-0.5,uncertain,A-6-9,16,False,9,25,7,False,False,False
1,-0.5,0.0,-0.5,-0.5,uncertain,A-6-9,16,False,9,25,A,False,False,False
1,-0.5,0.0,-0.5,-0.5,uncertain,A-6-A-6,14,False,10,24,10,False,False,False
1,-0.5,0.0,-0.5,-0.5,uncertain,A-6-A-8,16,False,10,26,9,False,False,False
1,-0.5,0.0,-0.5,-0.5,uncertain,A-6-A-8,16,False,6,22,9,False,False,False
1,-0.5,0.0,-0.5,-0.5,uncertain,A-7-4-4,16,False,7,23,9,False,False,False
1,-0.5,0.0,-0.5,-0.5,uncertain,A-7-4-4,16,False,7,23,A,False,False,False
1,-0.5,0.0,-0.5,-0.5,uncertain,A-7-5,13,False,10,23,9,False,False,False
1,-0.5,0.0,-0.5,-0.5,uncertain,A-7-6,14,False,10,24,9,False,False,False
1,-0.5,0.0,-0.5,-0.5,uncertain,A-7-6,14,False,8,22,A,False,False,False
1,-0.5,0.0,-0.5,-0.5,uncertain,A-7-6-2,16,False,10,26,9,False,False,False
1,-0.5,0.0,-0.5,-0.5,uncertain,A-7-6-2,16,False,9,25,10,False,False,False
1,-0.5,0.0,-0.5,-0.5,uncertain,A-7-7,15,False,7,22,A,False,False,False
1,-0.5,0.0,-0.5,-0.5,uncertain,A-7-8,16,False,10,26,9,False,False,False
1,-0.5,0.0,-0.5,-0.5,uncertain,A-7-8,16,False,10,26,A,False,False,False
1,-0.5,0.0,-0.5,-0.5,uncertain,A-7-8,16,False,6,22,10,False,False,False
1,-0.5,0.0,-0.5,-0.5,uncertain,A-7-8,16,False,6,22,9,False,False,False
1,-0.5,0.0,-0.5,-0.5,uncertain,A-7-8,16,False,8,24,10,False,False,False
1,1.0,0.0,1.0,1.0,uncertain,10-2-2,14,False,9,23,7,False,False,False
1,1.0,0.0,1.0,1.0,uncertain,10-2-2,14,False,9,23,9,False,False,False
1,1.0,0.0,1.0,1.0,uncertain,10-2-3-A,16,False,9,25,A,False,False,False
1,1.0,0.0,1.0,1.0,uncertain,10-2-A-A,14,False,10,24,9,False,False,False
1,1.0,0.0,1.0,1.0,uncertain,10-3-2,15,False,7,22,8,False,False,False
1,1.0,0.0,1.0,1.0,uncertain,10-3-A,14,False,8,22,7,False,False,False
1,1.0,0.0,1.0,1.0,uncertain,10-3-A-A,15,False,8,23,10,False,False,False
1,1.0,0.0,1.0,1.0,uncertain,2-10-2-A,15,False,7,22,8,False,False,False
1,1.0,0.0,1.0,1.0,uncertain,2-10-3,15,False,7,22,9,False,False,False
1,1.0,0.0,1.0,1.0,uncertain,2-10-A,13,False,9,22,8,False,False,False
1,1.0,0.0,1.0,1.0,uncertain,2-3-3-2-5,15,False,10,25,8,False,False,False
1,1.0,0.0,1.0,1.0,uncertain,2-3-4-5,14,False,10,24,8,False,False,False
1,1.0,0.0,1.0,1.0,uncertain,2-3-4-5,14,False,8,22,10,False,False,False
1,1.0,0.0,1.0,1.0,uncertain,2-3-7-2-2,16,False,10,26,9,False,False,False
1,1.0,0.0,1.0,1.0,uncertain,2-3-8,13,False,9,22,7,False,False,False
1,1.0,0.0,1.0,1.0,uncertain,2-4-10,16,False,6,22,A,False,False,False
1,1.0,0.0,1.0,1.0,uncertain,2-4-2-7,15,False,9,24,9,False,False,False
1,1.0,0.0,1.0,1.0,uncertain,2-4-5-5,16,False,8,24,10,False,False,False
1,1.0,0.0,1.0,1.0,uncertain,2-4-9-A,16,False,10,26,9,False,False,False
1,1.0,0.0,1.0,1.0,uncertain,2-5-5-2-2,16,False,8,24,9,False,False,False
1,1.0,0.0,1.0,1.0,uncertain,2-5-7,14,False,8,22,9,False,False,False
1,1.0,0.0,1.0,1.0,uncertain,2-6-4,12,False,10,22,3,False,False,False
1,1.0,0.0,1.0,1.0,uncertain,2-6-4-4,16,False,10,26,10,False,False,False
1,1.0,0.0,1.0,1.0,uncertain,2-6-8,16,False,9,25,7,False,False,False
1,1.0,0.0,1.0,1.0,uncertain,2-7-2-3,14,False,10,24,7,False,False,False
1,1.0,0.0,1.0,1.0,uncertain,2-7-3-4,16,False,10,26,9,False,False,False
1,1.0,0.0,1.0,1.0,uncertain,2-7-5,14,False,9,23,10,False,False,False
1,1.0,0.0,1.0,1.0,uncertain,2-7-7,16,False,10,26,7,False,False,False
1,1.0,0.0,1.0,1.0,uncertain,2-7-7,16,False,8,24,10,False,False,False
1,1.0,0.0,1.0,1.0,uncertain,2-A-10,13,False,9,22,A,False,False,False
1,1.0,0.0,1.0,1.0,uncertain,2-A-10-2,15,False,10,25,10,False,False,False
1,1.0,0.0,1.0,1.0,uncertain,2-A-2-8,13,False,10,23,10,False,False,False
1,1.0,0.0,1.0,1.0,uncertain,2-A-3-10,16,False,7,23,10,False,False,False
1,1.0,0.0,1.0,1.0,uncertain,2-A-3-2-6,14,False,10,24,10,False,False,False
1,1.0,0.0,1.0,1.0,uncertain,3-10-A,14,False,9,23,9,False,False,False
1,1.0,0.0,1.0,1.0,uncertain,3-10-A-2,16,False,7,23,9,False,False,False
1,1.0,0.0,1.0,1.0,uncertain,3-2-2-2-5-A,15,False,10,25,10,False,False,False
1,1.0,0.0,1.0,1.0,uncertain,3-2-3-4,12,False,10,22,A,False,False,False
1,1.0,0.0,1.0,1.0,uncertain,3-2-6-A,12,False,10,22,7,False,False,False
1,1.0,0.0,1.0,1.0,uncertain,3-3-7,13,False,10,23,8,False,False,False
1,1.0,0.0,1.0,1.0,uncertain,3-3-8-2,16,False,9,25,10,False,False,False
1,1.0,0.0,1.0,1.0,uncertain,3-3-A-5,12,False,10,22,10,False,False,False
1,1.0,0.0,1.0,1.0,uncertain,3-4-2-5,14,False,10,24,7,True,False,False
1,1.0,0.0,1.0,1.0,uncertain,3-4-3-5,15,False,9,24,10,False,False,False
1,1.0,0.0,1.0,1.0,uncertain,3-4-5-2,14,False,9,23,10,False,False,False
1,1.0,0.0,1.0,1.0,uncertain,3-4-6-2,15,False,10,25,10,False,False,False
1,1.0,0.0,1.0,1.0,uncertain,3-4-7,14,False,10,24,7,False,False,False
1,1.0,0.0,1.0,1.0,uncertain,3-4-7,14,False,9,23,7,False,False,False
1,1.0,0.0,1.0,1.0,uncertain,3-4-8-A,16,False,10,26,8,False,False,False
1,1.0,0.0,1.0,1.0,uncertain,3-6-4-2,15,False,7,22,10,False,False,False
1,1.0,0.0,1.0,1.0,uncertain,3-6-4-A-2,16,False,10,26,8,False,False,False
1,1.0,0.0,1.0,1.0,uncertain,3-6-5-2,16,False,10,26,9,False,False,False
1,1.0,0.0,1.0,1.0,uncertain,3-6-7,16,False,9,25,A,False,False,False
1,1.0,0.0,1.0,1.0,uncertain,3-7-3-2,15,False,10,25,10,False,False,False
1,1.0,0.0,1.0,1.0,uncertain,3-9-2,14,False,10,24,7,False,False,False
1,1.0,0.0,1.0,1.0,uncertain,3-9-2,14,False,8,22,10,False,False,False
1,1.0,0.0,1.0,1.0,uncertain,3-A-10,14,False,9,23,9,False,False,False
1,1.0,0.0,1.0,1.0,uncertain,3-A-10-2,16,False,9,25,10,False,False,False
1,1.0,0.0,1.0,1.0,uncertain,3-A-A-10,15,False,9,24,8,False,False,False
1,1.0,0.0,1.0,1.0,uncertain,4-10-2,16,False,7,23,7,False,False,False
1,1.0,0.0,1.0,1.0,uncertain,4-2-10,16,False,8,24,7,False,False,False
1,1.0,0.0,1.0,1.0,uncertain,4-2-3-5,14,False,9,23,8,False,False,False
1,1.0,0.0,1.0,1.0,uncertain,4-2-6,12,False,10,22,9,False,False,False
1,1.0,0.0,1.0,1.0,uncertain,4-2-6-4,16,False,7,23,10,False,False,False
1,1.0,0.0,1.0,1.0,uncertain,4-2-8-2,16,False,8,24,9,False,False,False
1,1.0,0.0,1.0,1.0,uncertain,4-2-A-7,14,False,10,24,10,False,False,False
1,1.0,0.0,1.0,1.0,uncertain,4-3-5-A,13,False,10,23,10,False,False,False
1,1.0,0.0,1.0,1.0,uncertain,4-3-8,15,False,10,25,8,False,False,False
1,1.0,0.0,1.0,1.0,uncertain,4-3-8,15,False,9,24,10,False,False,False
1,1.0,0.0,1.0,1.0,uncertain,4-3-9,16,False,10,26,8,False,False,False
1,1.0,0.0,1.0,1.0,uncertain,4-4-3-2-2,15,False,7,22,A,False,False,False
1,1.0,0.0,1.0,1.0,uncertain,4-4-4,12,False,10,22,2,False,False,False
1,1.0,0.0,1.0,1.0,uncertain,4-4-6,14,False,10,24,9,False,False,False
1,1.0,0.0,1.0,1.0,uncertain,4-4-7,15,False,8,23,7,False,False,False
1,1.0,0.0,1.0,1.0,uncertain,4-4-8,16,False,8,24,A,False,False,False
1,1.0,0.0,1.0,1.0,uncertain,4-5-3,12,False,10,22,7,False,False,False
1,1.0,0.0,1.0,1.0,uncertain,4-5-4,13,False,10,23,7,False,False,False
1,1.0,0.0,1.0,1.0,uncertain,4-8-3,15,False,10,25,9,False,False,False
1,1.0,0.0,1.0,1.0,uncertain,4-9-3,16,False,7,23,8,False,False,False
1,1.0,0.0,1.0,1.0,uncertain,4-9-A-A,15,False,10,25,9,False,False,False
1,1.0,0.0,1.0,1.0,uncertain,4-A-10,15,False,7,22,9,False,False,False
1,1.0,0.0,1.0,1.0,uncertain,4-A-3-7,15,False,7,22,10,False,False,False
1,1.0,0.0,1.0,1.0,uncertain,4-A-7,12,False,10,22,3,False,False,False
1,1.0,0.0,1.0,1.0,uncertain,4-A-7,12,False,10,22,8,False,False,False
1,1.0,0.0,1.0,1.0,uncertain,4-A-8-A,14,False,9,23,9,False,False,False
1,1.0,0.0,1.0,1.0,uncertain,5-2-4-4,15,False,10,25,7,False,False,False
1,1.0,0.0,1.0,1.0,uncertain,5-2-5-A,13,False,10,23,10,False,False,False
1,1.0,0.0,1.0,1.0,uncertain,5-2-8-A,16,False,10,26,10,False,False,False
1,1.0,0.0,1.0,1.0,uncertain,5-3-5,13,False,10,23,7,False,False,False
1,1.0,0.0,1.0,1.0,uncertain,5-3-6-A,15,False,10,25,10,False,False,False
1,1.0,0.0,1.0,1.0,uncertain,5-3-7,15,False,10,25,7,False,False,False
1,1.0,0.0,1.0,1.0,uncertain,5-5-2-3,15,False,10,25,10,False,False,False
1,1.0,0.0,1.0,1.0,uncertain,5-8-2,15,False,8,23,7,False,False,False
1,1.0,0.0,1.0,1.0,uncertain,5-9,14,False,8,22,8,False,False,True
1,1.0,0.0,1.0,1.0,uncertain,5-9-A,15,False,9,24,10,False,False,False
1,1.0,0.0,1.0,1.0,uncertain,5-A-10,16,False,7,23,8,False,False,False
1,1.0,0.0,1.0,1.0,uncertain,5-A-6,12,False,10,22,9,False,False,False
1,1.0,0.0,1.0,1.0,uncertain,5-A-7-A,14,False,10,24,10,False,False,False
1,1.0,0.0,1.0,1.0,uncertain,5-A-9,15,False,7,22,8,False,False,False
1,1.0,0.0,1.0,1.0,uncertain,6-2-4,12,False,10,22,A,False,False,False
1,1.0,0.0,1.0,1.0,uncertain,6-2-4-2,14,False,10,24,A,False,False,False
1,1.0,0.0,1.0,1.0,uncertain,6-3-4-A,14,False,10,24,9,False,False,False
1,1.0,0.0,1.0,1.0,uncertain,6-4-2,12,False,10,22,A,False,False,False
1,1.0,0.0,1.0,1.0,uncertain,6-4-6,16,False,6,22,10,False,False,False
1,1.0,0.0,1.0,1.0,uncertain,6-7-2,15,False,10,25,7,False,False,False
1,1.0,0.0,1.0,1.0,uncertain,6-7-3,16,False,8,24,8,False,False,False
1,1.0,0.0,1.0,1.0,uncertain,6-9-A,16,False,8,24,7,False,False,False
1,1.0,0.0,1.0,1.0,uncertain,6-A-7,14,False,10,24,7,False,False,False
1,1.0,0.0,1.0,1.0,uncertain,6-A-7,14,False,10,24,8,False,False,False
1,1.0,0.0,1.0,1.0,uncertain,7-2-2-2,13,False,10,23,A,False,False,False
1,1.0,0.0,1.0,1.0,uncertain,7-2-6,15,False,9,24,9,False,False,False
1,1.0,0.0,1.0,1.0,uncertain,7-5-3,15,False,7,22,10,False,False,False
1,1.0,0.0,1.0,1.0,uncertain,7-6,13,False,10,23,7,True,False,True
1,1.0,0.0,1.0,1.0,uncertain,7-6-3,16,False,9,25,9,False,False,False
1,1.0,0.0,1.0,1.0,uncertain,7-6-A,14,False,10,24,7,False,False,False
1,1.0,0.0,1.0,1.0,uncertain,7-7-2,16,False,9,25,9,False,False,False
1,1.0,0.0,1.0,1.0,uncertain,7-A-5,13,False,9,22,9,False,False,False
1,1.0,0.0,1.0,1.0,uncertain,7-A-8,16,False,6,22,10,False,False,False
1,1.0,0.0,1.0,1.0,uncertain,8-4-4,16,False,8,24,8,False,False,False
1,1.0,0.0,1.0,1.0,uncertain,8-4-A-3,16,False,10,26,10,False,False,False
1,1.0,0.0,1.0,1.0,uncertain,8-4-A-3,16,False,6,22,7,False,False,False
1,1.0,0.0,1.0,1.0,uncertain,8-7,15,False,8,23,8,True,False,True
1,1.0,0.0,1.0,1.0,uncertain,8-7,15,False,9,24,10,True,False,True
1,1.0,0.0,1.0,1.0,uncertain,8-7,15,False,9,24,7,True,False,True
1,1.0,0.0,1.0,1.0,uncertain,9-5-A,15,False,7,22,10,False,False,False
1,1.0,0.0,1.0,1.0,uncertain,A-2-10-2,15,False,10,25,8,False,False,False
1,1.0,0.0,1.0,1.0,uncertain,A-3-10-2,16,False,6,22,10,False,False,False
1,1.0,0.0,1.0,1.0,uncertain,A-3-10-2,16,False,7,23,A,False,False,False
1,1.0,0.0,1.0,1.0,uncertain,A-3-2-10,16,False,10,26,7,False,False,False
1,1.0,0.0,1.0,1.0,uncertain,A-4-10,15,False,8,23,9,False,False,False
1,1.0,0.0,1.0,1.0,uncertain,A-4-3-6,14,False,9,23,9,False,False,False
1,1.0,0.0,1.0,1.0,uncertain,A-5-6-A,13,False,10,23,8,False,False,False
1,1.0,0.0,1.0,1.0,uncertain,A-5-7,13,False,9,22,A,False,False,False
1,1.0,0.0,1.0,1.0,uncertain,A-5-7-2,15,False,10,25,10,False,False,False
1,1.0,0.0,1.0,1.0,uncertain,A-5-7-A,14,False,8,22,10,False,False,False
1,1.0,0.0,1.0,1.0,uncertain,A-6-8,15,False,10,25,8,False,False,False
1,1.0,0.0,1.0,1.0,uncertain,A-7-4-3,15,False,8,23,9,False,False,False
1,1.0,0.0,1.0,1.0,uncertain,A-7-6,14,False,9,23,A,False,False,False
1,1.0,0.0,1.0,1.0,uncertain,A-7-6-2,16,False,10,26,10,False,False,False
1,2.5,0.0,2.5,2.5,uncertain,10-2-3,15,False,7,22,8,False,False,False
1,2.5,0.0,2.5,2.5,uncertain,10-2-3,15,False,9,24,9,False,False,False
1,2.5,0.0,2.5,2.5,uncertain,10-2-3-A,16,False,6,22,7,False,False,False
1,2.5,0.0,2.5,2.5,uncertain,10-2-3-A,16,False,6,22,9,False,False,False
1,2.5,0.0,2.5,2.5,uncertain,10-2-4,16,False,9,25,7,False,False,False
1,2.5,0.0,2.5,2.5,uncertain,10-2-A,13,False,9,22,8,False,False,False
1,2.5,0.0,2.5,2.5,uncertain,10-2-A-A,14,False,10,24,10,False,False,False
1,2.5,0.0,2.5,2.5,uncertain,10-3-2,15,False,9,24,8,False,False,False
1,2.5,0.0,2.5,2.5,uncertain,10-3-2-A,16,False,9,25,8,False,False,False
1,2.5,0.0,2.5,2.5,uncertain,10-3-A-2,16,False,10,26,8,False,False,False
1,2.5,0.0,2.5,2.5,uncertain,10-3-A-A-A,16,False,10,26,7,False,False,False
1,2.5,0.0,2.5,2.5,uncertain,10-4-2,16,False,6,22,7,False,False,False
1,2.5,0.0,2.5,2.5,uncertain,10-4-A,15,False,7,22,7,False,False,False
1,2.5,0.0,2.5,2.5,uncertain,10-4-A,15,False,8,23,A,False,False,False
1,2.5,0.0,2.5,2.5,uncertain,10-5-A,16,False,6,22,10,False,False,False
1,2.5,0.0,2.5,2.5,uncertain,10-5-A,16,False,6,22,7,False,False,False
1,2.5,0.0,2.5,2.5,uncertain,2-10-2,14,False,10,24,7,True,False,False
1,2.5,0.0,2.5,2.5,uncertain,2-10-2,14,False,8,22,7,True,False,False
1,2.5,0.0,2.5,2.5,uncertain,2-10-4,16,False,6,22,7,False,False,False
1,2.5,0.0,2.5,2.5,uncertain,2-10-4,16,False,7,23,7,False,False,False
1,2.5,0.0,2.5,2.5,uncertain,2-10-A-2,15,False,8,23,10,False,False,False
1,2.5,0.0,2.5,2.5,uncertain,2-10-A-3,16,False,8,24,10,False,False,False
1,2.5,0.0,2.5,2.5,uncertain,2-2-10-2,16,False,6,22,9,False,False,False
1,2.5,0.0,2.5,2.5,uncertain,2-2-10-A,15,False,7,22,A,False,False,False
1,2.5,0.0,2.5,2.5,uncertain,2-2-2-6,12,False,10,22,10,False,False,False
1,2.5,0.0,2.5,2.5,uncertain,2-2-3-8-A,16,False,10,26,10,False,False,False
1,2.5,0.0,2.5,2.5,uncertain,2-2-3-9,16,False,7,23,A,False,False,False
1,2.5,0.0,2.5,2.5,uncertain,2-2-5-2-3-2,16,False,10,26,10,False,False,False
1,2.5,0.0,2.5,2.5,uncertain,2-2-5-6,15,False,9,24,A,False,False,False
1,2.5,0.0,2.5,2.5,uncertain,2-2-6-3,13,False,10,23,10,False,False,False
1,2.5,0.0,2.5,2.5,uncertain,2-2-6-5-A,16,False,7,23,10,False,False,False
1,2.5,0.0,2.5,2.5,uncertain,2-2-7-3,14,False,8,22,10,False,False,False
1,2.5,0.0,2.5,2.5,uncertain,2-2-8,12,False,10,22,8,False,False,False
1,2.5,0.0,2.5,2.5,uncertain,2-2-8-2,14,False,10,24,A,False,False,False
1,2.5,0.0,2.5,2.5,uncertain,2-2-8-3,15,False,10,25,10,False,False,False
1,2.5,0.0,2.5,2.5,uncertain,2-2-8-3,15,False,10,25,8,False,False,False
1,2.5,0.0,2.5,2.5,uncertain,2-2-8-3,15,False,8,23,9,False,False,False
1,2.5,0.0,2.5,2.5,uncertain,2-2-8-4,16,False,9,25,A,False,False,False
1,2.5,0.0,2.5,2.5,uncertain,2-2-9,13,False,10,23,8,False,False,False
1,2.5,0.0,2.5,2.5,uncertain,2-2-9,13,False,10,23,9,False,False,False
1,2.5,0.0,2.5,2.5,uncertain,2-2-A-10,15,False,10,25,8,False,False,False
1,2.5,0.0,2.5,2.5,uncertain,2-2-A-A-2-5,13,False,10,23,10,False,False,False
1,2.5,0.0,2.5,2.5,uncertain,2-3-10,15,False,9,24,8,False,False,False
1,2.5,0.0,2.5,2.5,uncertain,2-3-2-5,12,False,10,22,3,True,False,False
1,2.5,0.0,2.5,2.5,uncertain,2-3-3-3-5,16,False,6,22,7,False,False,False
1,2.5,0.0,2.5,2.5,uncertain,2-3-3-4-A,13,False,9,22,10,False,False,False
1,2.5,0.0,2.5,2.5,uncertain,2-3-3-5,13,False,10,23,10,False,False,False
1,2.5,0.0,2.5,2.5,uncertain,2-3-4-2-3,14,False,9,23,7,False,False,False
1,2.5,0.0,2.5,2.5,uncertain,2-3-4-2-4,15,False,10,25,10,False,False,False
1,2.5,0.0,2.5,2.5,uncertain,2-3-5-3-3,16,False,10,26,10,False,False,False
1,2.5,0.0,2.5,2.5,uncertain,2-3-5-5,15,False,10,25,7,False,False,False
1,2.5,0.0,2.5,2.5,uncertain,2-3-5-6,16,False,7,23,10,False,False,False
1,2.5,0.0,2.5,2.5,uncertain,2-3-6-4-A,16,False,10,26,10,False,False,False
1,2.5,0.0,2.5,2.5,uncertain,2-3-7-4,16,False,10,26,10,False,False,False
1,2.5,0.0,2.5,2.5,uncertain,2-3-8-2,15,False,10,25,10,False,False,False
1,2.5,0.0,2.5,2.5,uncertain,2-3-8-2,15,False,10,25,7,False,False,False
1,2.5,0.0,2.5,2.5,uncertain,2-3-8-3,16,False,7,23,10,False,False,False
1,2.5,0.0,2.5,2.5,uncertain,2-3-8-A,14,False,10,24,8,False,False,False
1,2.5,0.0,2.5,2.5,uncertain,2-3-9,14,False,8,22,10,False,False,False
1,2.5,0.0,2.5,2.5,uncertain,2-3-9,14,False,8,22,7,False,False,False
1,2.5,0.0,2.5,2.5,uncertain,2-3-9,14,False,8,22,7,True,False,False
1,2.5,0.0,2.5,2.5,uncertain,2-3-9-A,15,False,10,25,10,False,False,False
1,2.5,0.0,2.5,2.5,uncertain,2-3-A-10,16,False,10,26,8,False,False,False
1,2.5,0.0,2.5,2.5,uncertain,2-3-A-8,14,False,9,23,8,False,False,False
1,2.5,0.0,2.5,2.5,uncertain,2-4-10,16,False,7,23,9,False,False,False
1,2.5,0.0,2.5,2.5,uncertain,2-4-10,16,False,8,24,A,False,False,False
1,2.5,0.0,2.5,2.5,uncertain,2-4-2-8,16,False,10,26,A,False,False,False
1,2.5,0.0,2.5,2.5,uncertain,2-4-5-2,13,False,9,22,7,False,False,False
1,2.5,0.0,2.5,2.5,uncertain,2-4-5-A,12,False,10,22,8,False,False,False
1,2.5,0.0,2.5,2.5,uncertain,2-4-6,12,False,10,22,9,False,False,False
1,2.5,0.0,2.5,2.5,uncertain,2-4-7,13,False,9,22,8,False,False,False
1,2.5,0.0,2.5,2.5,uncertain,2-4-8-A,15,False,10,25,7,False,False,False
1,2.5,0.0,2.5,2.5,uncertain,2-4-9,15,False,10,25,A,False,False,False
1,2.5,0.0,2.5,2.5,uncertain,2-4-9,15,False,7,22,7,False,False,False
1,2.5,0.0,2.5,2.5,uncertain,2-4-9,15,False,9,24,9,False,False,False
1,2.5,0.0,2.5,2.5,uncertain,2-4-9-A,16,False,9,25,10,False,False,False
1,2.5,0.0,2.5,2.5,uncertain,2-5-2-4,13,False,10,23,10,False,False,False
1,2.5,0.0,2.5,2.5,uncertain,2-5-2-5,14,False,10,24,9,False,False,False
1,2.5,0.0,2.5,2.5,uncertain,2-5-2-6,15,False,10,25,8,False,False,False
1,2.5,0.0,2.5,2.5,uncertain,2-5-3-2,12,False,10,22,10,False,False,False
1,2.5,0.0,2.5,2.5,uncertain,2-5-4-4,15,False,10,25,10,False,False,False
1,2.5,0.0,2.5,2.5,uncertain,2-5-4-5,16,False,10,26,10,False,False,False
1,2.5,0.0,2.5,2.5,uncertain,2-5-5,12,False,10,22,2,True,False,False
1,2.5,0.0,2.5,2.5,uncertain,2-5-5,12,False,10,22,A,False,False,False
1,2.5,0.0,2.5,2.5,uncertain,2-5-6,13,False,10,23,8,False,False,False
1,2.5,0.0,2.5,2.5,uncertain,2-5-7,14,False,10,24,8,False,False,False
1,2.5,0.0,2.5,2.5,uncertain,2-5-7,14,False,10,24,9,False,False,False
1,2.5,0.0,2.5,2.5,uncertain,2-5-8,15,False,7,22,9,False,False,False
1,2.5,0.0,2.5,2.5,uncertain,2-5-8-A,16,False,10,26,8,False,False,False
1,2.5,0.0,2.5,2.5,uncertain,2-5-9,16,False,7,23,A,False,False,False
1,2.5,0.0,2.5,2.5,uncertain,2-6-2-2-4,16,False,10,26,10,False,False,False
1,2.5,0.0,2.5,2.5,uncertain,2-6-2-4-2,16,False,8,24,10,False,False,False
1,2.5,0.0,2.5,2.5,uncertain,2-6-3-4,15,False,7,22,10,False,False,False
1,2.5,0.0,2.5,2.5,uncertain,2-6-6,14,False,8,22,8,False,False,False
1,2.5,0.0,2.5,2.5,uncertain,2-6-7,15,False,8,23,10,False,False,False
1,2.5,0.0,2.5,2.5,uncertain,2-7-3-2,14,False,10,24,7,False,False,False
1,2.5,0.0,2.5,2.5,uncertain,2-7-5,14,False,10,24,8,False,False,False
1,2.5,0.0,2.5,2.5,uncertain,2-7-5,14,False,8,22,10,False,False,False
1,2.5,0.0,2.5,2.5,uncertain,2-8-2-2,14,False,9,23,10,False,False,False
1,2.5,0.0,2.5,2.5,uncertain,2-8-3,13,False,9,22,10,False,False,False
1,2.5,0.0,2.5,2.5,uncertain,2-8-4,14,False,9,23,10,False,False,False
1,2.5,0.0,2.5,2.5,uncertain,2-8-6,16,False,7,23,A,False,False,False
1,2.5,0.0,2.5,2.5,uncertain,2-A-10,13,False,9,22,8,False,False,False
1,2.5,0.0,2.5,2.5,uncertain,2-A-10-2,15,False,7,22,10,False,False,False
1,2.5,0.0,2.5,2.5,uncertain,2-A-10-2,15,False,9,24,9,False,False,False
1,2.5,0.0,2.5,2.5,uncertain,2-A-10-A-A,15,False,10,25,7,False,False,False
1,2.5,0.0,2.5,2.5,uncertain,2-A-2-10,15,False,10,25,7,False,False,False
1,2.5,0.0,2.5,2.5,uncertain,2-A-2-10,15,False,7,22,7,True,False,False
1,2.5,0.0,2.5,2.5,uncertain,2-A-3-10,16,False,6,22,10,False,False,False
1,2.5,0.0,2.5,2.5,uncertain,2-A-3-7,13,False,10,23,A,False,False,False
1,2.5,0.0,2.5,2.5,uncertain,2-A-5-7,15,False,8,23,A,False,False,False
1,2.5,0.0,2.5,2.5,uncertain,2-A-9,12,False,10,22,7,False,False,False
1,2.5,0.0,2.5,2.5,uncertain,2-A-9,12,False,10,22,8,False,False,False
1,2.5,0.0,2.5,2.5,uncertain,2-A-9-A,13,False,10,23,10,False,False,False
1,2.5,0.0,2.5,2.5,uncertain,2-A-9-A,13,False,10,23,7,True,False,False
1,2.5,0.0,2.5,2.5,uncertain,3-10-2,15,False,8,23,8,False,False,False
1,2.5,0.0,2.5,2.5,uncertain,3-10-3,16,False,10,26,7,True,False,False
1,2.5,0.0,2.5,2.5,uncertain,3-10-3,16,False,9,25,9,False,False,False
1,2.5,0.0,2.5,2.5,uncertain,3-10-A,14,False,8,22,A,False,False,False
1,2.5,0.0,2.5,2.5,uncertain,3-10-A-2,16,False,7,23,10,False,False,False
1,2.5,0.0,2.5,2.5,uncertain,3-10-A-A,15,False,8,23,10,False,False,False
1,2.5,0.0,2.5,2.5,uncertain,3-2-10,15,False,7,22,7,True,False,False
1,2.5,0.0,2.5,2.5,uncertain,3-2-10,15,False,7,22,8,False,False,False
1,2.5,0.0,2.5,2.5,uncertain,3-2-10-A,16,False,10,26,7,True,False,False
1,2.5,0.0,2.5,2.5,uncertain,3-2-10-A,16,False,9,25,8,False,False,False
1,2.5,0.0,2.5,2.5,uncertain,3-2-2-7-A,15,False,9,24,7,False,False,False
1,2.5,0.0,2.5,2.5,uncertain,3-2-4-6,15,False,8,23,7,False,False,False
1,2.5,0.0,2.5,2.5,uncertain,3-2-4-6-A,16,False,10,26,7,False,False,False
1,2.5,0.0,2.5,2.5,uncertain,3-2-5-3,13,False,10,23,8,False,False,False
1,2.5,0.0,2.5,2.5,uncertain,3-2-5-6,16,False,10,26,8,False,False,False
1,2.5,0.0,2.5,2.5,uncertain,3-2-6-4,15,False,10,25,9,False,False,False
1,2.5,0.0,2.5,2.5,uncertain,3-2-7,12,False,10,22,2,False,False,False
1,2.5,0.0,2.5,2.5,uncertain,3-2-7,12,False,10,22,8,False,False,False
1,2.5,0.0,2.5,2.5,uncertain,3-2-7-2,14,False,8,22,10,False,False,False
1,2.5,0.0,2.5,2.5,uncertain,3-2-7-4,16,False,10,26,10,False,False,False
1,2.5,0.0,2.5,2.5,uncertain,3-2-8,13,False,10,23,7,False,False,False
1,2.5,0.0,2.5,2.5,uncertain,3-2-8-2,15,False,9,24,7,False,False,False
1,2.5,0.0,2.5,2.5,uncertain,3-2-8-A,14,False,10,24,A,False,False,False
1,2.5,0.0,2.5,2.5,uncertain,3-2-9,14,False,10,24,8,False,False,False
1,2.5,0.0,2.5,2.5,uncertain,3-2-9,14,False,8,22,7,False,False,False
1,2.5,0.0,2.5,2.5,uncertain,3-2-9-2,16,False,10,26,10,False,False,False
1,2.5,0.0,2.5,2.5,uncertain,3-2-A-6-2,14,False,10,24,A,False,False,False
1,2.5,0.0,2.5,2.5,uncertain,3-3-3-6,15,False,9,24,10,False,False,False
1,2.5,0.0,2.5,2.5,uncertain,3-3-4-2-4,16,False,7,23,10,False,False,False
1,2.5,0.0,2.5,2.5,uncertain,3-3-4-4-A-A,16,False,10,26,8,False,False,False
1,2.5,0.0,2.5,2.5,uncertain,3-3-4-6,16,False,7,23,9,False,False,False
1,2.5,0.0,2.5,2.5,uncertain,3-3-6,12,False,10,22,8,False,False,False
1,2.5,0.0,2.5,2.5,uncertain,3-3-6,12,False,10,22,9,False,False,False
1,2.5,0.0,2.5,2.5,uncertain,3-3-6-A,13,False,9,22,10,False,False,False
1,2.5,0.0,2.5,2.5,uncertain,3-3-A-5-4,16,False,10,26,10,False,False,False
1,2.5,0.0,2.5,2.5,uncertain,3-3-A-7,14,False,10,24,9,False,False,False
1,2.5,0.0,2.5,2.5,uncertain,3-4-2-3,12,False,10,22,10,False,False,False
1,2.5,0.0,2.5,2.5,uncertain,3-4-2-7,16,False,10,26,9,False,False,False
1,2.5,0.0,2.5,2.5,uncertain,3-4-4-3,14,False,9,23,A,False,False,False
1,2.5,0.0,2.5,2.5,uncertain,3-4-5,12,False,10,22,A,False,False,False
1,2.5,0.0,2.5,2.5,uncertain,3-4-5-4,16,False,10,26,A,False,False,False
1,2.5,0.0,2.5,2.5,uncertain,3-4-6-2,15,False,10,25,7,True,False,False
1,2.5,0.0,2.5,2.5,uncertain,3-4-6-A,14,False,9,23,8,False,False,False
1,2.5,0.0,2.5,2.5,uncertain,3-4-7,14,False,10,24,8,False,False,False
1,2.5,0.0,2.5,2.5,uncertain,3-4-8,15,False,10,25,9,False,False,False
1,2.5,0.0,2.5,2.5,uncertain,3-4-8,15,False,7,22,8,False,False,False
1,2.5,0.0,2.5,2.5,uncertain,3-4-8,15,False,8,23,7,False,False,False
1,2.5,0.0,2.5,2.5,uncertain,3-4-8,15,False,8,23,8,False,False,False
1,2.5,0.0,2.5,2.5,uncertain,3-4-8-A,16,False,9,25,10,False,False,False
1,2.5,0.0,2.5,2.5,uncertain,3-4-9,16,False,10,26,A,False,False,False
1,2.5,0.0,2.5,2.5,uncertain,3-4-9,16,False,9,25,A,False,False,False
1,2.5,0.0,2.5,2.5,uncertain,3-4-A-6,14,False,9,23,10,False,False,False
1,2.5,0.0,2.5,2.5,uncertain,3-5-6,14,False,9,23,8,False,False,False
1,2.5,0.0,2.5,2.5,uncertain,3-5-7,15,False,7,22,8,False,False,False
1,2.5,0.0,2.5,2.5,uncertain,3-5-7,15,False,8,23,7,True,False,False
1,2.5,0.0,2.5,2.5,uncertain,3-5-8,16,False,6,22,9,False,False,False
1,2.5,0.0,2.5,2.5,uncertain,3-6-2-5,16,False,6,22,A,False,False,False
1,2.5,0.0,2.5,2.5,uncertain,3-6-3-2,14,False,8,22,A,False,False,False
1,2.5,0.0,2.5,2.5,uncertain,3-6-4-2,15,False,10,25,7,False,False,False
1,2.5,0.0,2.5,2.5,uncertain,3-6-4-3,16,False,9,25,10,False,False,False
1,2.5,0.0,2.5,2.5,uncertain,3-7-2-3,15,False,9,24,10,False,False,False
1,2.5,0.0,2.5,2.5,uncertain,3-9-3,15,False,10,25,9,False,False,False
1,2.5,0.0,2.5,2.5,uncertain,3-9-3,15,False,7,22,10,False,False,False
1,2.5,0.0,2.5,2.5,uncertain,3-9-3,15,False,8,23,8,False,False,False
1,2.5,0.0,2.5,2.5,uncertain,3-9-A,13,False,9,22,10,False,False,False
1,2.5,0.0,2.5,2.5,uncertain,3-9-A-A,14,False,10,24,9,False,False,False
1,2.5,0.0,2.5,2.5,uncertain,3-A-10,14,False,8,22,A,False,False,False
1,2.5,0.0,2.5,2.5,uncertain,3-A-10-A,15,False,10,25,8,False,False,False
1,2.5,0.0,2.5,2.5,uncertain,3-A-2-10,16,False,9,25,10,False,False,False
1,2.5,0.0,2.5,2.5,uncertain,3-A-4-4,12,False,10,22,2,False,False,False
1,2.5,0.0,2.5,2.5,uncertain,3-A-4-6,14,False,9,23,10,False,False,False
1,2.5,0.0,2.5,2.5,uncertain,3-A-9,13,False,10,23,7,True,False,False
1,2.5,0.0,2.5,2.5,uncertain,3-A-9-3,16,False,8,24,9,False,False,False
1,2.5,0.0,2.5,2.5,uncertain,3-A-9-A,14,False,10,24,7,False,False,False
1,2.5,0.0,2.5,2.5,uncertain,3-A-A-7,12,False,10,22,A,False,False,False
1,2.5,0.0,2.5,2.5,uncertain,4-10-A,15,False,8,23,7,False,False,False
1,2.5,0.0,2.5,2.5,uncertain,4-10-A-A,16,False,8,24,A,False,False,False
1,2.5,0.0,2.5,2.5,uncertain,4-2-10,16,False,7,23,9,False,False,False
1,2.5,0.0,2.5,2.5,uncertain,4-2-2-8,16,False,10,26,A,False,False,False
1,2.5,0.0,2.5,2.5,uncertain,4-2-3-2-3,14,False,10,24,7,False,False,False
1,2.5,0.0,2.5,2.5,uncertain,4-2-3-4-A,14,False,8,22,9,False,False,False
1,2.5,0.0,2.5,2.5,uncertain,4-2-3-7,16,False,10,26,7,False,False,False
1,2.5,0.0,2.5,2.5,uncertain,4-2-4-6,16,False,8,24,8,False,False,False
1,2.5,0.0,2.5,2.5,uncertain,4-2-6,12,False,10,22,8,False,False,False
1,2.5,0.0,2.5,2.5,uncertain,4-2-7-A,14,False,10,24,8,False,False,False
1,2.5,0.0,2.5,2.5,uncertain,4-2-8,14,False,8,22,7,False,False,False
1,2.5,0.0,2.5,2.5,uncertain,4-2-8,14,False,9,23,8,False,False,False
1,2.5,0.0,2.5,2.5,uncertain,4-2-8-2,16,False,9,25,10,False,False,False
1,2.5,0.0,2.5,2.5,uncertain,4-2-A-5-2,14,False,8,22,10,False,False,False
1,2.5,0.0,2.5,2.5,uncertain,4-2-A-6,13,False,10,23,10,False,False,False
1,2.5,0.0,2.5,2.5,uncertain,4-2-A-8,15,False,10,25,9,False,False,False
1,2.5,0.0,2.5,2.5,uncertain,4-3-2-2-3,14,False,10,24,9,False,False,False
1,2.5,0.0,2.5,2.5,uncertain,4-3-2-7,16,False,6,22,8,False,False,False
1,2.5,0.0,2.5,2.5,uncertain,4-3-3-6,16,False,8,24,10,False,False,False
1,2.5,0.0,2.5,2.5,uncertain,4-3-6-2,15,False,10,25,7,False,False,False
1,2.5,0.0,2.5,2.5,uncertain,4-3-9,16,False,7,23,10,False,False,False
1,2.5,0.0,2.5,2.5,uncertain,4-3-9,16,False,7,23,7,False,False,False
1,2.5,0.0,2.5,2.5,uncertain,4-3-9,16,False,9,25,10,False,False,False
1,2.5,0.0,2.5,2.5,uncertain,4-3-A-6,14,False,8,22,10,False,False,False
1,2.5,0.0,2.5,2.5,uncertain,4-3-A-8,16,False,7,23,10,False,False,False
1,2.5,0.0,2.5,2.5,uncertain,4-4-2-3,13,False,10,23,8,False,False,False
1,2.5,0.0,2.5,2.5,uncertain,4-4-3-2,13,False,10,23,10,False,False,False
1,2.5,0.0,2.5,2.5,uncertain,4-4-3-2,13,False,10,23,7,False,False,False
1,2.5,0.0,2.5,2.5,uncertain,4-4-3-2,13,False,10,23,A,False,False,False
1,2.5,0.0,2.5,2.5,uncertain,4-4-3-4,15,False,10,25,8,False,False,False
1,2.5,0.0,2.5,2.5,uncertain,4-4-3-5,16,False,6,22,9,False,False,False
1,2.5,0.0,2.5,2.5,uncertain,4-4-5,13,False,10,23,9,False,False,False
1,2.5,0.0,2.5,2.5,uncertain,4-4-5-A,14,False,8,22,10,False,False,False
1,2.5,0.0,2.5,2.5,uncertain,4-4-7,15,False,10,25,7,False,False,False
1,2.5,0.0,2.5,2.5,uncertain,4-4-7,15,False,9,24,A,False,False,False
1,2.5,0.0,2.5,2.5,uncertain,4-5-2-2-2,15,False,7,22,10,False,False,False
1,2.5,0.0,2.5,2.5,uncertain,4-5-3-3-A,16,False,10,26,10,False,False,False
1,2.5,0.0,2.5,2.5,uncertain,4-5-3-A,13,False,10,23,10,False,False,False
1,2.5,0.0,2.5,2.5,uncertain,4-5-4,13,False,9,22,10,False,False,False
1,2.5,0.0,2.5,2.5,uncertain,4-5-5,14,False,10,24,8,False,False,False
1,2.5,0.0,2.5,2.5,uncertain,4-5-5,14,False,8,22,10,False,False,False
1,2.5,0.0,2.5,2.5,uncertain,4-5-5,14,False,8,22,9,False,False,False
1,2.5,0.0,2.5,2.5,uncertain,4-5-7,16,False,9,25,A,False,False,False
1,2.5,0.0,2.5,2.5,uncertain,4-6-3,13,False,9,22,10,False,False,False
1,2.5,0.0,2.5,2.5,uncertain,4-6-4,14,False,9,23,A,False,False,False
1,2.5,0.0,2.5,2.5,uncertain,4-6-6,16,False,7,23,10,False,False,False
1,2.5,0.0,2.5,2.5,uncertain,4-8-3,15,False,9,24,7,False,False,False
1,2.5,0.0,2.5,2.5,uncertain,4-8-4,16,False,10,26,8,False,False,False
1,2.5,0.0,2.5,2.5,uncertain,4-8-4,16,False,7,23,8,False,False,False
1,2.5,0.0,2.5,2.5,uncertain,4-8-4,16,False,9,25,9,False,False,False
1,2.5,0.0,2.5,2.5,uncertain,4-8-A,13,False,10,23,9,False,False,False
1,2.5,0.0,2.5,2.5,uncertain,4-9-2,15,False,8,23,10,False,False,False
1,2.5,0.0,2.5,2.5,uncertain,4-A-10,15,False,7,22,A,False,False,False
1,2.5,0.0,2.5,2.5,uncertain,4-A-2-5,12,False,10,22,10,False,False,False
1,2.5,0.0,2.5,2.5,uncertain,4-A-2-6,13,False,10,23,7,False,False,False
1,2.5,0.0,2.5,2.5,uncertain,4-A-2-6-2,15,False,7,22,9,False,False,False
1,2.5,0.0,2.5,2.5,uncertain,4-A-2-8,15,False,8,23,A,False,False,False
1,2.5,0.0,2.5,2.5,uncertain,4-A-7-2,14,False,10,24,10,False,False,False
1,2.5,0.0,2.5,2.5,uncertain,4-A-7-2-2,16,False,7,23,10,False,False,False
1,2.5,0.0,2.5,2.5,uncertain,4-A-9,14,False,10,24,8,False,False,False
1,2.5,0.0,2.5,2.5,uncertain,4-A-9,14,False,8,22,8,False,False,False
1,2.5,0.0,2.5,2.5,uncertain,5-10-A,16,False,8,24,7,False,False,False
1,2.5,0.0,2.5,2.5,uncertain,5-10-A,16,False,9,25,A,False,False,False
1,2.5,0.0,2.5,2.5,uncertain,5-2-2-6,15,False,10,25,A,False,False,False
1,2.5,0.0,2.5,2.5,uncertain,5-2-3-2,12,False,10,22,8,False,False,False
1,2.5,0.0,2.5,2.5,uncertain,5-2-3-6,16,False,9,25,7,False,False,False
1,2.5,0.0,2.5,2.5,uncertain,5-2-4-5,16,False,6,22,8,False,False,False
1,2.5,0.0,2.5,2.5,uncertain,5-2-5,12,False,10,22,10,False,False,False
1,2.5,0.0,2.5,2.5,uncertain,5-2-5,12,False,10,22,7,False,False,False
1,2.5,0.0,2.5,2.5,uncertain,5-2-5,12,False,10,22,A,False,False,False
1,2.5,0.0,2.5,2.5,uncertain,5-2-5-A,13,False,9,22,10,False,False,False
1,2.5,0.0,2.5,2.5,uncertain,5-2-6-2,15,False,8,23,9,False,False,False
1,2.5,0.0,2.5,2.5,uncertain,5-2-7,14,False,10,24,8,False,False,False
1,2.5,0.0,2.5,2.5,uncertain,5-2-7-A,15,False,9,24,10,False,False,False
1,2.5,0.0,2.5,2.5,uncertain,5-2-8,15,False,7,22,10,False,False,False
1,2.5,0.0,2.5,2.5,uncertain,5-2-9,16,False,10,26,9,False,False,False
1,2.5,0.0,2.5,2.5,uncertain,5-2-9,16,False,10,26,A,False,False,False
1,2.5,0.0,2.5,2.5,uncertain,5-2-A-8,16,False,9,25,9,False,False,False
1,2.5,0.0,2.5,2.5,uncertain,5-3-3-A,12,False,10,22,3,False,False,False
1,2.5,0.0,2.5,2.5,uncertain,5-3-3-A,12,False,10,22,A,False,False,False
1,2.5,0.0,2.5,2.5,uncertain,5-3-4,12,False,10,22,8,False,False,False
1,2.5,0.0,2.5,2.5,uncertain,5-3-4-2-A,15,False,10,25,10,False,False,False
1,2.5,0.0,2.5,2.5,uncertain,5-3-5-2,15,False,8,23,10,False,False,False
1,2.5,0.0,2.5,2.5,uncertain,5-3-6,14,False,10,24,9,False,False,False
1,2.5,0.0,2.5,2.5,uncertain,5-3-6,14,False,8,22,8,False,False,False
1,2.5,0.0,2.5,2.5,uncertain,5-3-6,14,False,8,22,A,False,False,False
1,2.5,0.0,2.5,2.5,uncertain,5-3-6,14,False,9,23,10,False,False,False
1,2.5,0.0,2.5,2.5,uncertain,5-4-2-5,16,False,10,26,10,False,False,False
1,2.5,0.0,2.5,2.5,uncertain,5-4-3,12,False,10,22,8,False,False,False
1,2.5,0.0,2.5,2.5,uncertain,5-4-4,13,False,9,22,10,False,False,False
1,2.5,0.0,2.5,2.5,uncertain,5-4-4-2,15,False,10,25,10,False,False,False
1,2.5,0.0,2.5,2.5,uncertain,5-4-4-3,16,False,10,26,10,False,False,False
1,2.5,0.0,2.5,2.5,uncertain,5-4-4-A,14,False,10,24,10,False,False,False
1,2.5,0.0,2.5,2.5,uncertain,5-4-5,14,False,8,22,10,False,False,False
1,2.5,0.0,2.5,2.5,uncertain,5-4-7,16,False,6,22,10,False,False,False
1,2.5,0.0,2.5,2.5,uncertain,5-4-7,16,False,6,22,8,False,False,False
1,2.5,0.0,2.5,2.5,uncertain,5-5-4,14,False,8,22,10,False,False,False
1,2.5,0.0,2.5,2.5,uncertain,5-7-2,14,False,10,24,A,False,False,False
1,2.5,0.0,2.5,2.5,uncertain,5-7-3,15,False,10,25,8,False,False,False
1,2.5,0.0,2.5,2.5,uncertain,5-7-3,15,False,10,25,A,False,False,False
1,2.5,0.0,2.5,2.5,uncertain,5-7-4,16,False,8,24,9,False,False,False
1,2.5,0.0,2.5,2.5,uncertain,5-7-A,13,False,10,23,8,False,False,False
1,2.5,0.0,2.5,2.5,uncertain,5-8,13,False,9,22,8,False,False,True
1,2.5,0.0,2.5,2.5,uncertain,5-8-3,16,False,10,26,7,False,False,False
1,2.5,0.0,2.5,2.5,uncertain,5-8-A,14,False,9,23,9,False,False,False
1,2.5,0.0,2.5,2.5,uncertain,5-9-2,16,False,6,22,8,False,False,False
1,2.5,0.0,2.5,2.5,uncertain,5-9-2,16,False,7,23,7,False,False,False
1,2.5,0.0,2.5,2.5,uncertain,5-A-10,16,False,7,23,7,False,False,False
1,2.5,0.0,2.5,2.5,uncertain,5-A-10,16,False,7,23,9,False,False,False
1,2.5,0.0,2.5,2.5,uncertain,5-A-10,16,False,8,24,7,False,False,False
1,2.5,0.0,2.5,2.5,uncertain,5-A-6,12,False,10,22,3,False,False,False
1,2.5,0.0,2.5,2.5,uncertain,5-A-7,13,False,10,23,7,False,False,False
1,2.5,0.0,2.5,2.5,uncertain,5-A-7,13,False,10,23,9,False,False,False
1,2.5,0.0,2.5,2.5,uncertain,5-A-7-2,15,False,9,24,8,False,False,False
1,2.5,0.0,2.5,2.5,uncertain,5-A-9,15,False,10,25,8,False,False,False
1,2.5,0.0,2.5,2.5,uncertain,5-A-9,15,False,7,22,A,False,False,False
1,2.5,0.0,2.5,2.5,uncertain,5-A-9,15,False,8,23,7,False,False,False
1,2.5,0.0,2.5,2.5,uncertain,5-A-A-5,12,False,10,22,9,False,False,False
1,2.5,0.0,2.5,2.5,uncertain,6-2-2-5,15,False,10,25,9,False,False,False
1,2.5,0.0,2.5,2.5,uncertain,6-2-3-2,13,False,10,23,7,False,False,False
1,2.5,0.0,2.5,2.5,uncertain,6-2-4,12,False,10,22,2,False,False,False
1,2.5,0.0,2.5,2.5,uncertain,6-2-4-4,16,False,6,22,10,False,False,False
1,2.5,0.0,2.5,2.5,uncertain,6-2-4-4,16,False,7,23,10,False,False,False
1,2.5,0.0,2.5,2.5,uncertain,6-2-5,13,False,10,23,9,False,False,False
1,2.5,0.0,2.5,2.5,uncertain,6-2-5-3,16,False,7,23,9,False,False,False
1,2.5,0.0,2.5,2.5,uncertain,6-2-6,14,False,8,22,9,False,False,False
1,2.5,0.0,2.5,2.5,uncertain,6-2-6,14,False,9,23,7,False,False,False
1,2.5,0.0,2.5,2.5,uncertain,6-2-7,15,False,10,25,7,False,False,False
1,2.5,0.0,2.5,2.5,uncertain,6-2-7,15,False,7,22,8,False,False,False
1,2.5,0.0,2.5,2.5,uncertain,6-2-7-A,16,False,7,23,10,False,False,False
1,2.5,0.0,2.5,2.5,uncertain,6-2-8,16,False,10,26,8,False,False,False
1,2.5,0.0,2.5,2.5,uncertain,6-3-2-4,15,False,10,25,A,False,False,False
1,2.5,0.0,2.5,2.5,uncertain,6-3-3-A,13,False,10,23,10,False,False,False
1,2.5,0.0,2.5,2.5,uncertain,6-3-3-A-2,15,False,10,25,8,False,False,False
1,2.5,0.0,2.5,2.5,uncertain,6-3-4,13,False,10,23,9,False,False,False
1,2.5,0.0,2.5,2.5,uncertain,6-3-5-2,16,False,6,22,10,False,False,False
1,2.5,0.0,2.5,2.5,uncertain,6-3-5-A,15,False,10,25,7,False,False,False
1,2.5,0.0,2.5,2.5,uncertain,6-3-6-A,16,False,10,26,7,False,False,False
1,2.5,0.0,2.5,2.5,uncertain,6-3-7,16,False,10,26,8,False,False,False
1,2.5,0.0,2.5,2.5,uncertain,6-3-7,16,False,9,25,10,False,False,False
1,2.5,0.0,2.5,2.5,uncertain,6-6-3,15,False,10,25,8,False,False,False
1,2.5,0.0,2.5,2.5,uncertain,6-6-3,15,False,8,23,8,False,False,False
1,2.5,0.0,2.5,2.5,uncertain,6-6-4,16,False,6,22,8,False,False,False
1,2.5,0.0,2.5,2.5,uncertain,6-6-A,13,False,9,22,9,False,False,False
1,2.5,0.0,2.5,2.5,uncertain,6-7-2,15,False,7,22,10,False,False,False
1,2.5,0.0,2.5,2.5,uncertain,6-7-2,15,False,8,23,A,False,False,False
1,2.5,0.0,2.5,2.5,uncertain,6-7-2,15,False,9,24,9,False,False,False
1,2.5,0.0,2.5,2.5,uncertain,6-7-3,16,False,10,26,8,False,False,False
1,2.5,0.0,2.5,2.5,uncertain,6-7-A,14,False,8,22,9,False,False,False
1,2.5,0.0,2.5,2.5,uncertain,6-8-A,15,False,9,24,7,False,False,False
1,2.5,0.0,2.5,2.5,uncertain,6-9-A,16,False,7,23,10,False,False,False
1,2.5,0.0,2.5,2.5,uncertain,6-A-5-3,15,False,10,25,9,False,False,False
1,2.5,0.0,2.5,2.5,uncertain,6-A-6-2,15,False,8,23,10,False,False,False
1,2.5,0.0,2.5,2.5,uncertain,6-A-6-2,15,False,9,24,8,False,False,False
1,2.5,0.0,2.5,2.5,uncertain,6-A-9,16,False,8,24,10,False,False,False
1,2.5,0.0,2.5,2.5,uncertain,6-A-A-4,12,False,10,22,10,False,False,False
1,2.5,0.0,2.5,2.5,uncertain,6-A-A-7,15,False,10,25,10,False,False,False
1,2.5,0.0,2.5,2.5,uncertain,7-2-2-4,15,False,10,25,8,False,False,False
1,2.5,0.0,2.5,2.5,uncertain,7-2-3,12,False,10,22,10,False,False,False
1,2.5,0.0,2.5,2.5,uncertain,7-2-3-3-A,16,False,6,22,9,False,False,False
1,2.5,0.0,2.5,2.5,uncertain,7-2-4,13,False,10,23,A,False,False,False
1,2.5,0.0,2.5,2.5,uncertain,7-2-4,13,False,9,22,7,False,False,False
1,2.5,0.0,2.5,2.5,uncertain,7-2-4,13,False,9,22,9,False,False,False
1,2.5,0.0,2.5,2.5,uncertain,7-2-5,14,False,9,23,7,False,False,False
1,2.5,0.0,2.5,2.5,uncertain,7-2-7,16,False,10,26,A,False,False,False
1,2.5,0.0,2.5,2.5,uncertain,7-3-2-2-A,15,False,10,25,A,False,False,False
1,2.5,0.0,2.5,2.5,uncertain,7-3-2-4,16,False,7,23,A,False,False,False
1,2.5,0.0,2.5,2.5,uncertain,7-5-2-2,16,False,9,25,10,False,False,False
1,2.5,0.0,2.5,2.5,uncertain,7-5-2-A,15,False,7,22,9,False,False,False
1,2.5,0.0,2.5,2.5,uncertain,7-5-3,15,False,10,25,8,False,False,False
1,2.5,0.0,2.5,2.5,uncertain,7-5-3,15,False,7,22,8,False,False,False
1,2.5,0.0,2.5,2.5,uncertain,7-5-3,15,False,8,23,7,False,False,False
1,2.5,0.0,2.5,2.5,uncertain,7-5-4,16,False,7,23,8,False,False,False
1,2.5,0.0,2.5,2.5,uncertain,7-5-A,13,False,9,22,7,True,False,False
1,2.5,0.0,2.5,2.5,uncertain,7-5-A-A,14,False,8,22,10,False,False,False
1,2.5,0.0,2.5,2.5,uncertain,7-6,13,False,9,22,8,False,False,True
1,2.5,0.0,2.5,2.5,uncertain,7-6-2-A,16,False,7,23,10,False,False,False
1,2.5,0.0,2.5,2.5,uncertain,7-6-3,16,False,10,26,10,False,False,False
1,2.5,0.0,2.5,2.5,uncertain,7-6-3,16,False,10,26,A,False,False,False
1,2.5,0.0,2.5,2.5,uncertain,7-6-3,16,False,6,22,10,False,False,False
1,2.5,0.0,2.5,2.5,uncertain,7-6-A,14,False,10,24,8,False,False,False
1,2.5,0.0,2.5,2.5,uncertain,7-7-2,16,False,10,26,A,False,False,False
1,2.5,0.0,2.5,2.5,uncertain,7-7-2,16,False,6,22,9,False,False,False
1,2.5,0.0,2.5,2.5,uncertain,7-7-2,16,False,9,25,A,False,False,False
1,2.5,0.0,2.5,2.5,uncertain,7-8,15,False,9,24,9,False,False,True
1,2.5,0.0,2.5,2.5,uncertain,7-8-A,16,False,6,22,A,False,False,False
1,2.5,0.0,2.5,2.5,uncertain,7-A-4-3,15,False,8,23,10,False,False,False
1,2.5,0.0,2.5,2.5,uncertain,7-A-5-3,16,False,10,26,10,False,False,False
1,2.5,0.0,2.5,2.5,uncertain,7-A-5-A,14,False,9,23,A,False,False,False
1,2.5,0.0,2.5,2.5,uncertain,7-A-6-A,15,False,10,25,10,False,False,False
1,2.5,0.0,2.5,2.5,uncertain,7-A-7,15,False,7,22,A,False,False,False
1,2.5,0.0,2.5,2.5,uncertain,8-2-2,12,False,10,22,10,True,False,False
1,2.5,0.0,2.5,2.5,uncertain,8-2-3,13,False,9,22,10,False,False,False
1,2.5,0.0,2.5,2.5,uncertain,8-2-3-2,15,False,10,25,10,False,False,False
1,2.5,0.0,2.5,2.5,uncertain,8-2-4,14,False,10,24,10,False,False,False
1,2.5,0.0,2.5,2.5,uncertain,8-2-4,14,False,10,24,A,False,False,False
1,2.5,0.0,2.5,2.5,uncertain,8-2-5-A,16,False,10,26,10,False,False,False
1,2.5,0.0,2.5,2.5,uncertain,8-4-2,14,False,8,22,10,False,False,False
1,2.5,0.0,2.5,2.5,uncertain,8-4-2,14,False,8,22,9,False,False,False
1,2.5,0.0,2.5,2.5,uncertain,8-4-3,15,False,7,22,10,False,False,False
1,2.5,0.0,2.5,2.5,uncertain,8-4-3,15,False,7,22,8,False,False,False
1,2.5,0.0,2.5,2.5,uncertain,8-4-4,16,False,8,24,10,False,False,False
1,2.5,0.0,2.5,2.5,uncertain,8-4-A,13,False,10,23,10,True,False,False
1,2.5,0.0,2.5,2.5,uncertain,8-4-A,13,False,10,23,7,False,False,False
1,2.5,0.0,2.5,2.5,uncertain,8-4-A,13,False,9,22,10,True,False,False
1,2.5,0.0,2.5,2.5,uncertain,8-4-A-A,14,False,8,22,10,False,False,False
1,2.5,0.0,2.5,2.5,uncertain,8-5-2,15,False,10,25,7,False,False,False
1,2.5,0.0,2.5,2.5,uncertain,8-5-2,15,False,7,22,10,True,False,False
1,2.5,0.0,2.5,2.5,uncertain,8-5-2,15,False,7,22,7,False,False,False
1,2.5,0.0,2.5,2.5,uncertain,8-5-2,15,False,8,23,7,False,False,False
1,2.5,0.0,2.5,2.5,uncertain,8-5-2,15,False,9,24,9,False,False,False
1,2.5,0.0,2.5,2.5,uncertain,8-5-3,16,False,10,26,10,True,False,False
1,2.5,0.0,2.5,2.5,uncertain,8-5-3,16,False,10,26,A,False,False,False
1,2.5,0.0,2.5,2.5,uncertain,8-5-3,16,False,7,23,9,False,False,False
1,2.5,0.0,2.5,2.5,uncertain,8-5-A,14,False,10,24,7,False,False,False
1,2.5,0.0,2.5,2.5,uncertain,8-6,14,False,10,24,7,True,False,True
1,2.5,0.0,2.5,2.5,uncertain,8-6,14,False,8,22,8,False,False,True
1,2.5,0.0,2.5,2.5,uncertain,8-6-2,16,False,10,26,A,False,False,False
1,2.5,0.0,2.5,2.5,uncertain,8-6-2,16,False,8,24,9,True,False,False
1,2.5,0.0,2.5,2.5,uncertain,8-6-2,16,False,9,25,8,False,False,False
1,2.5,0.0,2.5,2.5,uncertain,8-6-A,15,False,10,25,7,False,False,False
1,2.5,0.0,2.5,2.5,uncertain,8-6-A,15,False,9,24,10,False,False,False
1,2.5,0.0,2.5,2.5,uncertain,8-7-A,16,False,10,26,A,False,False,False
1,2.5,0.0,2.5,2.5,uncertain,8-7-A,16,False,8,24,8,False,False,False
1,2.5,0.0,2.5,2.5,uncertain,9-3,12,False,10,22,2,True,False,True
1,2.5,0.0,2.5,2.5,uncertain,9-3-2,14,False,9,23,10,False,False,False
1,2.5,0.0,2.5,2.5,uncertain,9-3-3,15,False,10,25,9,True,False,False
1,2.5,0.0,2.5,2.5,uncertain,9-3-3,15,False,8,23,7,False,False,False
1,2.5,0.0,2.5,2.5,uncertain,9-3-4,16,False,10,26,8,False,False,False
1,2.5,0.0,2.5,2.5,uncertain,9-3-4,16,False,6,22,8,False,False,False
1,2.5,0.0,2.5,2.5,uncertain,9-3-A,13,False,9,22,7,False,False,False
1,2.5,0.0,2.5,2.5,uncertain,9-4,13,False,9,22,8,True,False,True
1,2.5,0.0,2.5,2.5,uncertain,9-4-2,15,False,10,25,7,False,False,False
1,2.5,0.0,2.5,2.5,uncertain,9-4-2,15,False,9,24,7,False,False,False
1,2.5,0.0,2.5,2.5,uncertain,9-4-3,16,False,10,26,8,True,False,False
1,2.5,0.0,2.5,2.5,uncertain,9-4-3,16,False,9,25,7,False,False,False
1,2.5,0.0,2.5,2.5,uncertain,9-4-A,14,False,8,22,7,False,False,False
1,2.5,0.0,2.5,2.5,uncertain,9-5,14,False,9,23,A,False,False,True
1,2.5,0.0,2.5,2.5,uncertain,9-5-2,16,False,7,23,7,False,False,False
1,2.5,0.0,2.5,2.5,uncertain,9-5-A,15,False,10,25,9,False,False,False
1,2.5,0.0,2.5,2.5,uncertain,9-6-A,16,False,6,22,10,False,False,False
1,2.5,0.0,2.5,2.5,uncertain,9-6-A,16,False,7,23,9,False,False,False
1,2.5,0.0,2.5,2.5,uncertain,9-6-A,16,False,8,24,9,False,False,False
1,2.5,0.0,2.5,2.5,uncertain,A-2-10,13,False,9,22,A,False,False,False
1,2.5,0.0,2.5,2.5,uncertain,A-2-10-2,15,False,10,25,10,False,False,False
1,2.5,0.0,2.5,2.5,uncertain,A-2-10-3,16,False,9,25,10,False,False,False
1,2.5,0.0,2.5,2.5,uncertain,A-2-10-A-2,16,False,10,26,7,False,False,False
1,2.5,0.0,2.5,2.5,uncertain,A-2-3-10,16,False,9,25,8,False,False,False
1,2.5,0.0,2.5,2.5,uncertain,A-2-4-8,15,False,10,25,10,False,False,False
1,2.5,0.0,2.5,2.5,uncertain,A-2-9-3,15,False,10,25,10,False,False,False
1,2.5,0.0,2.5,2.5,uncertain,A-2-9-4,16,False,8,24,8,False,False,False
1,2.5,0.0,2.5,2.5,uncertain,A-2-A-9,13,False,10,23,10,False,False,False
1,2.5,0.0,2.5,2.5,uncertain,A-3-10-2,16,False,10,26,9,False,False,False
1,2.5,0.0,2.5,2.5,uncertain,A-3-2-10,16,False,9,25,8,False,False,False
1,2.5,0.0,2.5,2.5,uncertain,A-3-2-2-6-A,15,False,10,25,10,False,False,False
1,2.5,0.0,2.5,2.5,uncertain,A-3-3-6,13,False,9,22,10,False,False,False
1,2.5,0.0,2.5,2.5,uncertain,A-3-3-9,16,False,10,26,A,False,False,False
1,2.5,0.0,2.5,2.5,uncertain,A-3-4-4,12,False,10,22,A,False,False,False
1,2.5,0.0,2.5,2.5,uncertain,A-3-8-A,13,False,9,22,10,False,False,False
1,2.5,0.0,2.5,2.5,uncertain,A-3-9,13,False,9,22,10,False,False,False
1,2.5,0.0,2.5,2.5,uncertain,A-3-9,13,False,9,22,8,False,False,False
1,2.5,0.0,2.5,2.5,uncertain,A-3-A-7,12,False,10,22,8,False,False,False
1,2.5,0.0,2.5,2.5,uncertain,A-3-A-9,14,False,8,22,10,False,False,False
1,2.5,0.0,2.5,2.5,uncertain,A-4-2-5,12,False,10,22,10,False,False,False
1,2.5,0.0,2.5,2.5,uncertain,A-4-2-8,15,False,10,25,10,False,False,False
1,2.5,0.0,2.5,2.5,uncertain,A-4-3-4,12,False,10,22,2,False,False,False
1,2.5,0.0,2.5,2.5,uncertain,A-4-3-6-A,15,False,10,25,10,False,False,False
1,2.5,0.0,2.5,2.5,uncertain,A-4-7-4,16,False,6,22,8,False,False,False
1,2.5,0.0,2.5,2.5,uncertain,A-4-8,13,False,10,23,A,False,False,False
1,2.5,0.0,2.5,2.5,uncertain,A-4-8,13,False,9,22,7,False,False,False
1,2.5,0.0,2.5,2.5,uncertain,A-4-8-A,14,False,10,24,7,False,False,False
1,2.5,0.0,2.5,2.5,uncertain,A-4-9-2,16,False,7,23,10,False,False,False
1,2.5,0.0,2.5,2.5,uncertain,A-4-9-A,15,False,8,23,7,False,False,False
1,2.5,0.0,2.5,2.5,uncertain,A-4-A-10,16,False,6,22,7,False,False,False
1,2.5,0.0,2.5,2.5,uncertain,A-4-A-9,15,False,10,25,8,False,False,False
1,2.5,0.0,2.5,2.5,uncertain,A-5-10,16,False,8,24,10,False,False,False
1,2.5,0.0,2.5,2.5,uncertain,A-5-2-7,15,False,10,25,9,False,False,False
1,2.5,0.0,2.5,2.5,uncertain,A-5-6-3,15,False,7,22,7,False,False,False
1,2.5,0.0,2.5,2.5,uncertain,A-5-6-4,16,False,10,26,9,False,False,False
1,2.5,0.0,2.5,2.5,uncertain,A-5-8,14,False,8,22,10,False,False,False
1,2.5,0.0,2.5,2.5,uncertain,A-5-8-A,15,False,7,22,10,False,False,False
1,2.5,0.0,2.5,2.5,uncertain,A-5-9,15,False,7,22,A,False,False,False
1,2.5,0.0,2.5,2.5,uncertain,A-5-A-5,12,False,10,22,10,False,False,False
1,2.5,0.0,2.5,2.5,uncertain,A-6-5-2,14,False,10,24,7,False,False,False
1,2.5,0.0,2.5,2.5,uncertain,A-6-5-3,15,False,7,22,10,False,False,False
1,2.5,0.0,2.5,2.5,uncertain,A-6-6,13,False,10,23,7,False,False,False
1,2.5,0.0,2.5,2.5,uncertain,A-6-6,13,False,10,23,A,False,False,False
1,2.5,0.0,2.5,2.5,uncertain,A-6-8,15,False,8,23,A,False,False,False
1,2.5,0.0,2.5,2.5,uncertain,A-6-9,16,False,7,23,7,False,False,False
1,2.5,0.0,2.5,2.5,uncertain,A-7-4,12,False,10,22,A,False,False,False
1,2.5,0.0,2.5,2.5,uncertain,A-7-6,14,False,10,24,A,False,False,False
1,2.5,0.0,2.5,2.5,uncertain,A-7-7,15,False,10,25,A,False,False,False
1,2.5,0.0,2.5,2.5,uncertain,A-7-7,15,False,9,24,A,False,False,False
1,2.5,0.0,2.5,2.5,uncertain,A-7-8,16,False,7,23,10,False,False,False
1,2.5,0.0,2.5,2.5,uncertain,A-7-8,16,False,9,25,A,False,False,False
10,-0.04999999999999999,0.3201562118716424,-0.677506175268419,0.5775061752684192,uncertain,A-4-8,13,False,10,23,10,False,False,False
10,-0.05,0.3201562118716424,-0.6775061752684192,0.5775061752684191,uncertain,4-10,14,False,8,22,A,False,False,True
10,-0.05,0.3201562118716424,-0.6775061752684192,0.5775061752684191,uncertain,8-7,15,False,7,22,10,False,False,True
10,-0.050000000000000044,0.3201562118716424,-0.6775061752684192,0.5775061752684191,uncertain,10-5,15,False,8,23,A,False,False,True
10,-0.2,0.19999999999999998,-0.592,0.19199999999999995,uncertain,10-5,15,False,7,22,9,False,False,True
10,-0.5,0.0,-0.5,-0.5,uncertain,3-10-3,16,False,10,26,10,False,False,False
10,0.1,0.33166247903553997,-0.5500584589096583,0.7500584589096583,uncertain,4-10,14,False,8,22,9,False,False,True
10,0.1,0.39999999999999997,-0.6839999999999999,0.8839999999999999,uncertain,5-10,15,False,9,24,A,False,False,True
10,0.1,0.39999999999999997,-0.6839999999999999,0.8839999999999999,uncertain,5-9,14,False,10,24,9,False,False,True
10,0.1,0.39999999999999997,-0.6839999999999999,0.8839999999999999,uncertain,7-8,15,False,7,22,10,False,False,True
10,0.25,0.40311288741492746,-0.5401012593332578,1.040101259333258,uncertain,5-10,15,False,8,23,7,False,False,True
10,0.25,0.40311288741492746,-0.5401012593332578,1.040101259333258,uncertain,5-9,14,False,10,24,A,False,False,True
10,0.4,0.39999999999999997,-0.3839999999999999,1.184,uncertain,A-4-7,12,False,10,22,10,False,False,False
10,0.4,0.45825756949558394,-0.49818483621134446,1.2981848362113446,uncertain,3-9,12,False,10,22,2,False,False,True
10,0.4,0.45825756949558394,-0.49818483621134446,1.2981848362113446,uncertain,6-8,14,False,9,23,10,False,False,True
10,0.4,0.45825756949558394,-0.49818483621134446,1.2981848362113446,uncertain,8-7,15,False,8,23,10,False,False,True
10,0.5499999999999999,0.45,-0.3320000000000001,1.432,uncertain,10-4,14,False,9,23,8,False,False,True
10,0.5499999999999999,0.45,-0.3320000000000001,1.432,uncertain,2-2-10,14,False,10,24,8,False,False,False
10,0.5499999999999999,0.45,-0.3320000000000001,1.432,uncertain,5-9,14,False,10,24,8,False,False,True
10,0.5499999999999999,0.45,-0.3320000000000001,1.432,uncertain,6-10,16,False,7,23,9,False,False,True
10,0.5499999999999999,0.45,-0.3320000000000001,1.432,uncertain,7-8,15,False,10,25,8,False,False,True
10,0.7,0.4898979485566356,-0.2601999791710058,1.6601999791710056,uncertain,4-4-6,14,False,10,24,10,False,False,False
10,0.7,0.4898979485566356,-0.2601999791710058,1.6601999791710056,uncertain,8-4,12,False,10,22,7,False,False,True
10,1.0,0.5,0.020000000000000018,1.98,uncertain,10-4,14,False,9,23,9,False,False,True
10,1.15,0.4716990566028301,0.2254698490584529,2.074530150941547,uncertain,3-2-10,15,False,10,25,9,False,False,False
10,1.3,0.4898979485566356,0.3398000208289943,2.2601999791710057,uncertain,10-6,16,False,9,25,9,False,False,True
10,1.3,0.4898979485566356,0.3398000208289943,2.2601999791710057,uncertain,3-10,13,False,9,22,7,False,False,True
11,-0.09090909090909091,0.2924674171299166,-0.6641452284837275,0.4823270466655456,uncertain,6-9,15,False,10,25,9,False,False,True
11,-0.2272727272727273,0.1829510163408919,-0.5858567193008755,0.13131126475542082,uncertain,10-5,15,False,7,22,A,False,False,True
11,-0.2272727272727273,0.1829510163408919,-0.5858567193008755,0.13131126475542082,uncertain,8-4,12,False,10,22,10,True,False,True
11,-0.2272727272727273,0.27272727272727276,-0.761818181818182,0.30727272727272736,uncertain,10-5,15,False,7,22,8,False,False,True
11,-0.2272727272727273,0.27272727272727276,-0.761818181818182,0.30727272727272736,uncertain,2-4-6,12,False,10,22,10,False,False,False
11,-0.2272727272727273,0.27272727272727276,-0.761818181818182,0.30727272727272736,uncertain,6-10,16,False,7,23,A,False,False,True
11,-0.3636363636363636,0.13636363636363638,-0.6309090909090909,-0.09636363636363626,uncertain,8-6,14,False,10,24,10,True,False,True
11,-0.36363636363636365,0.13636363636363638,-0.630909090909091,-0.09636363636363632,uncertain,6-10,16,False,6,22,A,False,False,True
11,0.045454545454545456,0.30491836056815314,-0.5521854412590347,0.6430945321681255,uncertain,6-9,15,False,10,25,A,False,False,True
11,0.04545454545454546,0.3049183605681532,-0.5521854412590348,0.6430945321681256,uncertain,8-6,14,False,10,24,7,False,False,True
11,0.04545454545454546,0.3659020326817838,-0.6717134386017508,0.7626225295108416,uncertain,5-7,12,False,10,22,3,False,False,True
11,0.04545454545454546,0.3659020326817838,-0.6717134386017508,0.7626225295108416,uncertain,6-10,16,False,7,23,8,False,False,True
11,0.04545454545454546,0.3659020326817838,-0.6717134386017508,0.7626225295108416,uncertain,6-8,14,False,8,22,10,False,False,True
11,0.04545454545454546,0.3659020326817838,-0.6717134386017508,0.7626225295108416,uncertain,8-4,12,False,10,22,A,False,False,True
11,0.18181818181818182,0.3109569341179467,-0.4276574090529937,0.7912937726893574,uncertain,5-7,12,False,10,22,9,False,False,True
11,0.18181818181818182,0.3109569341179467,-0.4276574090529937,0.7912937726893574,uncertain,7-7-2,16,False,10,26,10,False,False,False
11,0.18181818181818182,0.37094919569278484,-0.5452422417396765,0.90887860537604,uncertain,5-10,15,False,8,23,A,False,False,True
11,0.3181818181818182,0.37094919569278473,-0.40887860537603987,1.0452422417396763,uncertain,8-7,15,False,10,25,10,True,False,True
11,0.3181818181818182,0.37094919569278484,-0.4088786053760401,1.0452422417396765,uncertain,9-4,13,False,10,23,A,False,False,True
11,0.31818181818181823,0.37094919569278484,-0.40887860537604004,1.0452422417396765,uncertain,9-5,14,False,10,24,7,False,False,True
11,0.31818181818181823,0.42250727413171824,-0.5099324391163494,1.1462960754799858,uncertain,9-7,16,False,7,23,10,False,False,True
11,0.4545454545454546,0.3659020326817838,-0.26262252951084164,1.171713438601751,uncertain,6-9,15,False,10,25,8,False,False,True
11,0.4545454545454546,0.4180829922751607,-0.36489721031386035,1.2739881194047695,uncertain,4-8,12,False,10,22,2,False,False,True
11,0.5909090909090908,0.4563600144731321,-0.30355653745824807,1.4853747192764297,uncertain,7-9,16,False,10,26,A,False,False,True
11,0.5909090909090908,0.4563600144731321,-0.30355653745824807,1.4853747192764297,uncertain,8-4,12,False,10,22,8,False,False,True
11,0.5909090909090909,0.4563600144731321,-0.30355653745824795,1.4853747192764297,uncertain,9-4,13,False,10,23,8,False,False,True
11,0.5909090909090909,0.4563600144731321,-0.30355653745824795,1.4853747192764297,uncertain,9-6,15,False,10,25,A,False,False,True
11,0.7272727272727273,0.39521936580516653,-0.04735722970539913,1.5019026842508536,uncertain,5-7,12,False,10,22,8,False,False,True
11,0.7272727272727273,0.4439678344390829,-0.14290422822787519,1.5974496827733298,uncertain,6-8,14,False,10,24,8,False,False,True
11,0.7272727272727273,0.4439678344390829,-0.14290422822787519,1.5974496827733298,uncertain,8-5,13,False,10,23,7,False,False,True
11,0.8636363636363635,0.4723774929733302,-0.062223522591363656,1.7894962498640907,uncertain,10-5,15,False,9,24,7,False,False,True
11,1.1363636363636362,0.4723774929733302,0.21050375013590905,2.0622235225913634,uncertain,6-8,14,False,10,24,7,False,False,True
12,-0.125,0.19583736295016005,-0.5088412313823136,0.2588412313823137,uncertain,4-9,13,False,10,23,A,False,False,True
12,-0.125,0.2691527109619775,-0.6525393134854759,0.4025393134854759,uncertain,A-4-10,15,False,10,25,10,False,False,False
12,-0.25,0.25,-0.74,0.24,uncertain,3-10,13,False,9,22,A,False,False,True
12,-0.25,0.25,-0.74,0.24,uncertain,5-10,15,False,7,22,7,False,False,True
12,-0.37499999999999994,0.125,-0.6199999999999999,-0.12999999999999995,uncertain,8-5,13,False,9,22,10,False,False,True
12,-0.375,0.125,-0.62,-0.13,uncertain,9-7,16,False,8,24,10,False,False,True
12,0.0,0.3370999312316211,-0.6607158652139773,0.6607158652139773,uncertain,8-6,14,False,10,24,9,False,False,True
12,0.0,0.3370999312316211,-0.6607158652139773,0.6607158652139773,uncertain,9-7,16,False,10,26,A,False,False,True
12,0.125,0.34336238476677566,-0.5479902741428803,0.7979902741428803,uncertain,5-8,13,False,10,23,9,False,False,True
12,0.125,0.3433623847667757,-0.5479902741428804,0.7979902741428804,uncertain,6-9,15,False,8,23,10,False,False,True
12,0.25000000000000006,0.3454246398538787,-0.4270322941136023,0.9270322941136024,uncertain,9-5,14,False,9,23,10,False,False,True
12,0.25000000000000006,0.3916747259003201,-0.5176824627646273,1.0176824627646275,uncertain,6-6,12,False,10,22,7,False,False,True
12,0.37500000000000006,0.3898571999638283,-0.3891201119291034,1.1391201119291035,uncertain,2-10-2,14,False,10,24,9,False,False,False
12,0.37500000000000006,0.3898571999638283,-0.3891201119291034,1.1391201119291035,uncertain,3-3-10,16,False,10,26,10,False,False,False
12,0.37500000000000006,0.3898571999638283,-0.3891201119291034,1.1391201119291035,uncertain,5-10,15,False,9,24,7,False,False,True
12,0.625,0.37499999999999994,-0.10999999999999988,1.3599999999999999,uncertain,10-4,14,False,8,22,A,False,False,True
12,0.75,0.44594129250792236,-0.1240449333155278,1.6240449333155278,uncertain,7-7,14,False,8,22,10,False,False,True
12,0.75,0.44594129250792236,-0.1240449333155278,1.6240449333155278,uncertain,A-3-10,14,False,10,24,10,False,False,False
12,0.9999999999999999,0.4522670168666455,0.11355664694137468,1.886443353058625,uncertain,4-8-4,16,False,10,26,10,False,False,False
12,0.9999999999999999,0.4522670168666455,0.11355664694137468,1.886443353058625,uncertain,9-4,13,False,9,22,10,False,False,True
12,1.0,0.4522670168666455,0.1135566469413748,1.8864433530586253,uncertain,10-3,13,False,9,22,7,False,False,True
12,1.0,0.4522670168666455,0.1135566469413748,1.8864433530586253,uncertain,8-5,13,False,10,23,8,False,False,True
12,1.125,0.43136938400232516,0.2795160073554427,1.9704839926445574,uncertain,3-9,12,False,10,22,3,False,False,True
12,1.125,0.43136938400232516,0.2795160073554427,1.9704839926445574,uncertain,7-8,15,False,10,25,7,False,False,True
13,-0.03846153846153844,0.2622727249420357,-0.5525160793479283,0.4755930024248515,uncertain,9-5,14,False,10,24,9,False,False,True
13,-0.03846153846153845,0.3124630155629216,-0.6508890489648648,0.5739659720417879,uncertain,10-2-4,16,False,10,26,10,False,False,False
13,-0.03846153846153845,0.3124630155629216,-0.6508890489648648,0.5739659720417879,uncertain,10-2-4,16,False,10,26,9,False,False,False
13,-0.03846153846153845,0.3124630155629216,-0.6508890489648648,0.5739659720417879,uncertain,4-10,14,False,9,23,A,False,False,True
13,-0.038461538461538464,0.2622727249420357,-0.5525160793479283,0.4755930024248515,uncertain,5-10,15,False,7,22,A,False,False,True
13,-0.038461538461538464,0.3124630155629216,-0.6508890489648648,0.5739659720417879,uncertain,10-6,16,False,8,24,9,False,False,True
13,-0.2692307692307692,0.23076923076923078,-0.7215384615384615,0.18307692307692308,uncertain,10-6,16,False,7,23,9,False,False,True
13,-0.38461538461538464,0.11538461538461539,-0.6107692307692307,-0.1584615384615385,uncertain,8-7,15,False,9,24,10,False,False,True
13,0.1923076923076923,0.32293953122589747,-0.4406537888950668,0.8252691735104514,uncertain,10-5,15,False,7,22,7,False,False,True
13,0.1923076923076923,0.32293953122589747,-0.4406537888950668,0.8252691735104514,uncertain,2-10-4,16,False,10,26,10,False,False,False
13,0.3076923076923077,0.3648781915578899,-0.4074689477611565,1.0228535631457718,uncertain,9-7,16,False,9,25,10,False,False,True
13,0.30769230769230776,0.3648781915578899,-0.40746894776115644,1.022853563145772,uncertain,5-10,15,False,8,23,8,False,False,True
13,0.423076923076923,0.36182476388897655,-0.286099614145471,1.132253460299317,uncertain,2-10-3,15,False,10,25,10,False,False,False
13,0.4230769230769231,0.39970403251589476,-0.3603429806542306,1.2064968268080767,uncertain,5-10,15,False,9,24,8,False,False,True
13,0.5384615384615384,0.39411349099844606,-0.23400090389541583,1.3109239808184927,uncertain,10-6,16,False,6,22,7,False,False,True
13,0.5384615384615384,0.3941134909984461,-0.23400090389541595,1.310923980818493,uncertain,4-10-2,16,False,10,26,10,False,False,False
13,0.6538461538461537,0.4213250442347432,-0.17195093285394292,1.4796432405462503,uncertain,10-6,16,False,9,25,8,False,False,True
13,0.6538461538461537,0.4213250442347432,-0.17195093285394292,1.4796432405462503,uncertain,9-3,12,False,10,22,2,False,False,True
13,0.6538461538461539,0.42132504423474315,-0.1719509328539427,1.4796432405462503,uncertain,7-9,16,False,8,24,10,False,False,True
13,0.7692307692307693,0.4106568558473581,-0.035656668230052646,1.5741182066915913,uncertain,2-10-A,13,False,10,23,10,False,False,False
13,0.8846153846153845,0.43172969847391635,0.03842517560650849,1.7308055936242606,uncertain,8-6,14,False,10,24,8,False,False,True
13,0.9999999999999999,0.41602514716892186,0.18459071154891304,1.8154092884510868,uncertain,7-5,12,False,10,22,3,False,False,True
13,1.1153846153846154,0.43172969847391635,0.26919440637573944,1.9615748243934914,uncertain,9-4,13,False,10,23,7,False,False,True
13,1.2307692307692306,0.4106568558473581,0.4258817933084087,2.0356566682300525,uncertain,6-10,16,False,7,23,7,False,False,True
14,-0.07142857142857142,0.2450450892415138,-0.5517169463419385,0.40885980348479567,uncertain,5-10,15,False,8,23,9,False,False,True
14,-0.07142857142857142,0.29115695163718175,-0.6420961966374477,0.49923905378030486,uncertain,5-10,15,False,7,22,8,False,False,True
14,-0.17857142857142852,0.23209001934607784,-0.6334678664897411,0.2763250093468841,uncertain,7-9,16,False,10,26,7,False,False,True
14,0.03571428571428577,0.25389431539696755,-0.46191857246377066,0.5333471438923422,uncertain,7-6,13,False,10,23,8,False,False,True
14,0.14285714285714285,0.34141178863529636,-0.5263099628680381,0.8120242485823237,uncertain,5-10-A,16,False,10,26,10,False,False,False
14,0.1428571428571429,0.34141178863529636,-0.526309962868038,0.8120242485823238,uncertain,10-5,15,False,8,23,8,False,False,True
14,0.25,0.3427025750487658,-0.42169704709558087,0.9216970470955809,uncertain,10-3-2,15,False,10,25,10,False,False,False
14,0.3571428571428571,0.34141178863529636,-0.3120242485823238,1.026309962868038,uncertain,3-9,12,False,10,22,9,False,False,True
14,0.3571428571428571,0.34141178863529636,-0.3120242485823238,1.026309962868038,uncertain,4-10,14,False,8,22,8,False,False,True
14,0.3571428571428572,0.34141178863529636,-0.3120242485823237,1.026309962868038,uncertain,5-7,12,False,10,22,2,False,False,True
14,0.3571428571428572,0.37588200827444107,-0.37958587907504726,1.0938715933607617,uncertain,10-6,16,False,8,24,8,False,False,True
14,0.3571428571428572,0.37588200827444107,-0.37958587907504726,1.0938715933607617,uncertain,2-10-2,14,False,10,24,10,False,False,False
14,0.4642857142857142,0.372341439497028,-0.2655035071284607,1.1940749356998892,uncertain,5-10,15,False,9,24,9,False,False,True
14,0.46428571428571436,0.372341439497028,-0.26550350712846055,1.1940749356998892,uncertain,8-5,13,False,10,23,A,False,False,True
14,0.5714285714285713,0.36636446325647587,-0.14664577655412137,1.289502919411264,uncertain,6-6,12,False,10,22,A,False,False,True
14,0.5714285714285713,0.3986830754653129,-0.20999025648344194,1.3528473993405845,uncertain,10-4,14,False,8,22,8,False,False,True
14,0.5714285714285714,0.3986830754653129,-0.20999025648344183,1.3528473993405847,uncertain,6-6,12,False,10,22,9,False,False,True
14,0.5714285714285714,0.3986830754653129,-0.20999025648344183,1.3528473993405847,uncertain,8-6,14,False,10,24,A,False,False,True
14,0.5714285714285714,0.3986830754653129,-0.20999025648344183,1.3528473993405847,uncertain,9-7,16,False,10,26,8,False,False,True
14,0.6785714285714285,0.390854034111408,-0.08750247828693114,1.4446453354297881,uncertain,6-9,15,False,7,22,10,False,False,True
14,0.6785714285714286,0.390854034111408,-0.08750247828693103,1.4446453354297883,uncertain,3-10-A,14,False,10,24,10,False,False,False
14,0.6785714285714286,0.390854034111408,-0.08750247828693103,1.4446453354297883,uncertain,9-6,15,False,9,24,10,False,False,True
14,0.7857142857142856,0.4117581097845098,-0.02133160946335355,1.5927601808919247,uncertain,6-10,16,False,6,22,8,False,False,True
14,0.7857142857142856,0.4117581097845098,-0.02133160946335355,1.5927601808919247,uncertain,8-4,12,False,10,22,2,False,False,True
14,0.8928571428571428,0.39978899458137046,0.10927071347765671,1.6764435722366289,uncertain,7-7,14,False,10,24,9,False,False,True
14,0.9999999999999999,0.41602514716892186,0.18459071154891304,1.8154092884510868,uncertain,4-8,12,False,10,22,3,False,False,True
14,1.0,0.41602514716892186,0.18459071154891316,1.8154092884510868,uncertain,5-8,13,False,10,23,7,False,False,True
14,1.4285714285714288,0.33090428406403405,0.7799990318059221,2.0771438253369356,uncertain,3-9,12,False,10,22,8,False,False,True
15,-0.1,0.27255405754769874,-0.6342059527934895,0.4342059527934895,uncertain,10-2-3,15,False,10,25,10,False,False,False
15,-0.1,0.27255405754769874,-0.6342059527934895,0.4342059527934895,uncertain,9-7,16,False,10,26,7,False,False,True
15,-0.19999999999999998,0.21712405933672377,-0.6255631562999786,0.2255631562999786,uncertain,3-A-10,14,False,10,24,10,False,False,False
15,-0.2,0.21712405933672374,-0.6255631562999786,0.22556315629997853,uncertain,6-8,14,False,10,24,9,False,False,True
15,-0.3,0.13627702877384937,-0.5671029763967448,-0.03289702360325525,uncertain,7-8,15,False,8,23,10,False,False,True
15,-0.3,0.2,-0.692,0.09200000000000003,uncertain,7-9,16,False,9,25,10,False,False,True
15,0.1,0.32071349029490925,-0.5285984409780221,0.7285984409780221,uncertain,10-3-3,16,False,10,26,10,False,False,False
15,0.1,0.32071349029490925,-0.5285984409780221,0.7285984409780221,uncertain,6-9,15,False,9,24,10,False,False,True
15,0.10000000000000005,0.32071349029490925,-0.528598440978022,0.7285984409780222,uncertain,5-8,13,False,9,22,10,False,False,True
15,0.10000000000000005,0.32071349029490925,-0.528598440978022,0.7285984409780222,uncertain,8-7,15,False,10,25,7,False,False,True
15,0.2,0.2878491668515697,-0.3641843670290766,0.7641843670290767,uncertain,10-4,14,False,8,22,9,False,False,True
15,0.2,0.32293298729878045,-0.4329486551056097,0.8329486551056098,uncertain,4-8,12,False,10,22,8,False,False,True
15,0.29999999999999993,0.32293298729878045,-0.3329486551056098,0.9329486551056096,uncertain,9-3,12,False,10,22,9,False,False,True
15,0.29999999999999993,0.3545621041711673,-0.3949417241754879,0.9949417241754878,uncertain,10-6,16,False,6,22,9,False,False,True
15,0.29999999999999993,0.35456210417116735,-0.394941724175488,0.9949417241754879,uncertain,6-6,12,False,10,22,8,False,False,True
15,0.39999999999999997,0.32071349029490925,-0.22859844097802212,1.028598440978022,uncertain,3-9,12,False,10,22,7,False,False,True
15,0.4,0.3525417908358019,-0.29098191003817164,1.0909819100381717,uncertain,6-10,16,False,8,24,9,False,False,True
15,0.4999999999999999,0.34846602621858475,-0.18299341138842617,1.182993411388426,uncertain,4-10,14,False,9,23,8,False,False,True
15,0.4999999999999999,0.3779644730092272,-0.24081036709808545,1.2408103670980852,uncertain,6-7,13,False,10,23,7,False,False,True
15,0.49999999999999994,0.34846602621858475,-0.18299341138842612,1.182993411388426,uncertain,9-5,14,False,10,24,8,False,False,True
15,0.5,0.3779644730092272,-0.24081036709808534,1.2408103670980855,uncertain,5-8,13,False,10,23,8,False,False,True
15,0.6999999999999998,0.3927922024247863,-0.06987271675258133,1.469872716752581,uncertain,4-8,12,False,10,22,7,False,False,True
15,0.7,0.39279220242478624,-0.06987271675258111,1.469872716752581,uncertain,10-5,15,False,8,23,7,False,False,True
15,0.9,0.4,0.11599999999999999,1.6840000000000002,uncertain,9-3,12,False,10,22,8,False,False,True
15,1.2,0.38359204520278717,0.44815959140253714,1.9518404085974628,uncertain,10-6,16,False,6,22,8,False,False,True
16,-0.031249999999999986,0.22577989835235557,-0.4737786007706169,0.4112786007706169,uncertain,6-10,16,False,9,25,7,False,False,True
16,-0.12499999999999994,0.21650635094610965,-0.5493524478543749,0.299352447854375,uncertain,3-10,13,False,9,22,9,False,False,True
16,0.06250000000000004,0.3023346655611956,-0.5300759444999433,0.6550759444999433,uncertain,5-10,15,False,7,22,9,False,False,True
16,0.06250000000000004,0.3023346655611956,-0.5300759444999433,0.6550759444999433,uncertain,7-8,15,False,9,24,10,False,False,True
16,0.15625,0.3052278861768695,-0.44199665690666423,0.7544966569066642,uncertain,7-6,13,False,10,23,9,False,False,True
16,0.15625,0.3052278861768695,-0.44199665690666423,0.7544966569066642,uncertain,9-7,16,False,10,26,9,False,False,True
16,0.15625000000000006,0.3052278861768695,-0.4419966569066642,0.7544966569066642,uncertain,9-3,12,False,10,22,3,False,False,True
16,0.34375,0.3052278861768695,-0.25449665690666423,0.9419966569066642,uncertain,7-9,16,False,10,26,8,False,False,True
16,0.34375,0.3345355922768159,-0.31193976086255915,0.9994397608625591,uncertain,4-10-A,15,False,10,25,10,False,False,False
16,0.4374999999999999,0.3590351654086268,-0.2662089242009086,1.1412089242009085,uncertain,10-4-2,16,False,10,26,10,False,False,False
16,0.4375,0.33189795118379384,-0.21301998432023594,1.088019984320236,uncertain,10-3,13,False,9,22,8,False,False,True
16,0.4375,0.33189795118379384,-0.21301998432023594,1.088019984320236,uncertain,7-5,12,False,10,22,8,False,False,True
16,0.53125,0.35493177161251704,-0.16441627236053336,1.2269162723605334,uncertain,4-9,13,False,10,23,7,False,False,True
16,0.6249999999999999,0.375,-0.1100000000000001,1.3599999999999999,uncertain,10-5,15,False,9,24,8,False,False,True
16,0.71875,0.3679015663190359,-0.0023370699853103583,1.4398370699853102,uncertain,9-4,13,False,10,23,9,False,False,True
16,0.8125,0.38426065372348495,0.05934911870196957,1.5656508812980303,uncertain,4-9,13,False,10,23,8,False,False,True
16,0.90625,0.3482657928938758,0.2236490459280034,1.5888509540719966,uncertain,8-4,12,False,10,22,3,False,False,True
16,1.09375,0.3742179344980676,0.36028284838378744,1.8272171516162126,uncertain,7-9,16,False,10,26,9,False,False,True
17,-0.14705882352941177,0.20456511387122875,-0.5480064467170201,0.25388879965819655,uncertain,2-4-10,16,False,10,26,10,False,False,False
17,0.029411764705882353,0.25534934344390203,-0.4710729484441656,0.5298964778559303,uncertain,8-7,15,False,10,25,9,False,False,True
17,0.029411764705882353,0.28591503081211145,-0.5309816956858561,0.5898052250976208,uncertain,6-9,15,False,10,25,7,False,False,True
17,0.029411764705882387,0.28591503081211145,-0.5309816956858561,0.5898052250976208,uncertain,10-3,13,False,9,22,9,False,False,True
17,0.20588235294117646,0.2909758667266085,-0.36443034584297623,0.7761950517253291,uncertain,9-7,16,False,6,22,10,False,False,True
17,0.29411764705882354,0.26100351984263015,-0.2174492518327315,0.8056845459503785,uncertain,10-5,15,False,8,23,9,False,False,True
17,0.29411764705882354,0.2909758667266085,-0.27619505172532915,0.8644303458429763,uncertain,10-6,16,False,8,24,7,False,False,True
17,0.38235294117647056,0.3166036785531028,-0.23819026878761085,1.0028961511405519,uncertain,7-7,14,False,9,23,10,False,False,True
17,0.3823529411764707,0.34173382466536034,-0.2874453551676356,1.0521512375205768,uncertain,6-10,16,False,8,24,7,False,False,True
17,0.5588235294117646,0.35841345902805705,-0.14366685028322723,1.2613139091067564,uncertain,9-6,15,False,10,25,8,False,False,True
17,1.0,0.36380343755449945,0.2869452623931811,1.7130547376068188,uncertain,4-8,12,False,10,22,9,False,False,True
17,1.0,0.36380343755449945,0.2869452623931811,1.7130547376068188,uncertain,7-5,12,False,10,22,7,False,False,True
18,-0.16666666666666669,0.2286647801900118,-0.6148496358390898,0.28151630250575643,uncertain,9-6,15,False,10,25,9,False,False,True
18,-0.25,0.18190171877724975,-0.6065273688034095,0.10652736880340952,uncertain,A-5-10,16,False,10,26,10,False,False,False
18,0.1666666666666666,0.30249507099101003,-0.426223672475713,0.7595570058090463,uncertain,2-3-10,15,False,10,25,10,False,False,False
18,0.3333333333333333,0.3258974536979346,-0.3054256759146185,0.9720923425812851,uncertain,4-10,14,False,8,22,7,False,False,True
18,0.3333333333333333,0.3258974536979346,-0.3054256759146185,0.9720923425812851,uncertain,7-5,12,False,10,22,2,False,False,True
18,0.4999999999999999,0.320844473959874,-0.12885516896135307,1.1288551689613529,uncertain,3-2-10,15,False,10,25,10,False,False,False
18,0.5,0.320844473959874,-0.12885516896135296,1.128855168961353,uncertain,6-10,16,False,8,24,8,False,False,True
18,0.5833333333333334,0.3388031606985779,-0.08072086163587933,1.247387528302546,uncertain,10-2-2,14,False,10,24,10,False,False,False
18,0.6666666666666667,0.33333333333333337,0.013333333333333308,1.3200000000000003,uncertain,8-4,12,False,10,22,9,False,False,True
18,0.9999999999999999,0.3638034375544995,0.28694526239318086,1.7130547376068188,uncertain,4-10,14,False,9,23,7,False,False,True
18,5.551115123125783e-17,0.24253562503633302,-0.47536982507121267,0.4753698250712128,uncertain,7-9,16,False,6,22,10,False,False,True
183,0.30327868852459017,0.09353991527963874,0.11994045457649824,0.48661692247268207,rescue,3-10,13,False,10,23,10,False,False,True
187,0.502673796791444,0.09766238261550987,0.31125552686504465,0.6940920667178433,rescue,10-2,12,False,10,22,10,False,False,True
19,-0.1842105263157895,0.21700555924303475,-0.6095414224321376,0.24112036980055862,uncertain,6-7,13,False,9,22,10,False,False,True
19,0.21052631578947362,0.2894736842105263,-0.356842105263158,0.7778947368421052,uncertain,9-6,15,False,8,23,10,False,False,True
19,0.21052631578947373,0.2894736842105263,-0.3568421052631579,0.7778947368421054,uncertain,4-9,13,False,9,22,10,False,False,True
19,0.2894736842105264,0.31137262016313766,-0.3208166513092234,0.8997640197302761,uncertain,10-4,14,False,8,22,7,False,False,True
19,0.2894736842105264,0.31137262016313766,-0.3208166513092234,0.8997640197302761,uncertain,A-2-10,13,False,10,23,10,False,False,False
19,0.3684210526315789,0.3102585821724104,-0.23968576842634554,0.9765278736895033,uncertain,6-10,16,False,9,25,9,False,False,True
19,0.368421052631579,0.31025858217241037,-0.23968576842634537,0.9765278736895033,uncertain,10-3-A,14,False,10,24,10,False,False,False
19,0.44736842105263147,0.32868410517886304,-0.19685242509794004,1.091589267203203,uncertain,8-6,14,False,8,22,10,False,False,True
19,0.5263157894736842,0.3255083388645521,-0.11168055470083793,1.1643121336482063,uncertain,3-10-2,15,False,10,25,10,False,False,False
19,0.5263157894736843,0.3255083388645521,-0.11168055470083782,1.1643121336482065,uncertain,6-10,16,False,6,22,9,False,False,True
19,0.7631578947368421,0.3491183989847789,0.07888583272667549,1.4474299567470088,uncertain,10-6,16,False,7,23,7,False,False,True
19,1.1578947368421053,0.322301281945155,0.5261842242296015,1.789605249454609,uncertain,7-8,15,False,10,25,9,False,False,True
195,0.14615384615384616,0.08511853863566814,-0.02067848957206339,0.3129861818797557,uncertain,5-10,15,False,10,25,10,False,False,True
197,0.13959390862944165,0.08228125735639207,-0.021677355789086777,0.3008651730479701,uncertain,10-6,16,False,10,26,10,False,False,True
2,-0.5,0.0,-0.5,-0.5,uncertain,10-2-2,14,False,8,22,8,False,False,False
2,-0.5,0.0,-0.5,-0.5,uncertain,10-2-2,14,False,9,23,10,False,False,False
2,-0.5,0.0,-0.5,-0.5,uncertain,10-2-2-2,16,False,10,26,10,False,False,False
2,-0.5,0.0,-0.5,-0.5,uncertain,10-2-2-2,16,False,8,24,10,False,False,False
2,-0.5,0.0,-0.5,-0.5,uncertain,10-2-3,15,False,9,24,8,False,False,False
2,-0.5,0.0,-0.5,-0.5,uncertain,10-2-4,16,False,10,26,A,False,False,False
2,-0.5,0.0,-0.5,-0.5,uncertain,10-2-4,16,False,7,23,7,False,False,False
2,-0.5,0.0,-0.5,-0.5,uncertain,10-2-A-2,15,False,10,25,10,False,False,False
2,-0.5,0.0,-0.5,-0.5,uncertain,10-3-2,15,False,7,22,10,False,False,False
2,-0.5,0.0,-0.5,-0.5,uncertain,10-3-2,15,False,9,24,9,False,False,False
2,-0.5,0.0,-0.5,-0.5,uncertain,10-3-3,16,False,10,26,9,False,False,False
2,-0.5,0.0,-0.5,-0.5,uncertain,10-3-3,16,False,10,26,A,False,False,False
2,-0.5,0.0,-0.5,-0.5,uncertain,10-3-A,14,False,10,24,A,False,False,False
2,-0.5,0.0,-0.5,-0.5,uncertain,10-3-A,14,False,9,23,A,False,False,False
2,-0.5,0.0,-0.5,-0.5,uncertain,10-4-2,16,False,6,22,9,False,False,False
2,-0.5,0.0,-0.5,-0.5,uncertain,10-4-2,16,False,9,25,8,False,False,False
2,-0.5,0.0,-0.5,-0.5,uncertain,10-4-2,16,False,9,25,A,False,False,False
2,-0.5,0.0,-0.5,-0.5,uncertain,10-4-A,15,False,7,22,9,False,False,False
2,-0.5,0.0,-0.5,-0.5,uncertain,10-4-A,15,False,8,23,9,False,False,False
2,-0.5,0.0,-0.5,-0.5,uncertain,10-5-A,16,False,6,22,A,False,False,False
2,-0.5,0.0,-0.5,-0.5,uncertain,10-5-A,16,False,8,24,7,False,False,False
2,-0.5,0.0,-0.5,-0.5,uncertain,10-5-A,16,False,8,24,9,False,False,False
2,-0.5,0.0,-0.5,-0.5,uncertain,2-10-2,14,False,8,22,8,False,False,False
2,-0.5,0.0,-0.5,-0.5,uncertain,2-10-2,14,False,9,23,A,False,False,False
2,-0.5,0.0,-0.5,-0.5,uncertain,2-10-3,15,False,7,22,10,False,False,False
2,-0.5,0.0,-0.5,-0.5,uncertain,2-10-4,16,False,10,26,A,False,False,False
2,-0.5,0.0,-0.5,-0.5,uncertain,2-10-4,16,False,6,22,10,False,False,False
2,-0.5,0.0,-0.5,-0.5,uncertain,2-10-A-2,15,False,9,24,10,False,False,False
2,-0.5,0.0,-0.5,-0.5,uncertain,2-2-10,14,False,9,23,10,False,False,False
2,-0.5,0.0,-0.5,-0.5,uncertain,2-2-3-9,16,False,10,26,10,False,False,False
2,-0.5,0.0,-0.5,-0.5,uncertain,2-2-5-7,16,False,8,24,9,False,False,False
2,-0.5,0.0,-0.5,-0.5,uncertain,2-3-10,15,False,7,22,10,False,False,False
2,-0.5,0.0,-0.5,-0.5,uncertain,2-3-10-A,16,False,10,26,10,False,False,False
2,-0.5,0.0,-0.5,-0.5,uncertain,2-4-2-4,12,False,10,22,10,False,False,False
2,-0.5,0.0,-0.5,-0.5,uncertain,2-4-7,13,False,10,23,A,False,False,False
2,-0.5,0.0,-0.5,-0.5,uncertain,2-4-7,13,False,9,22,10,False,False,False
2,-0.5,0.0,-0.5,-0.5,uncertain,2-4-9,15,False,10,25,7,False,False,False
2,-0.5,0.0,-0.5,-0.5,uncertain,2-4-A-9,16,False,10,26,A,False,False,False
2,-0.5,0.0,-0.5,-0.5,uncertain,2-5-6,13,False,10,23,10,False,False,False
2,-0.5,0.0,-0.5,-0.5,uncertain,2-5-6,13,False,10,23,9,False,False,False
2,-0.5,0.0,-0.5,-0.5,uncertain,2-5-7-2,16,False,10,26,10,False,False,False
2,-0.5,0.0,-0.5,-0.5,uncertain,2-5-8,15,False,10,25,9,False,False,False
2,-0.5,0.0,-0.5,-0.5,uncertain,2-5-9,16,False,10,26,A,False,False,False
2,-0.5,0.0,-0.5,-0.5,uncertain,2-6-8,16,False,7,23,7,False,False,False
2,-0.5,0.0,-0.5,-0.5,uncertain,2-7-3,12,False,10,22,8,False,False,False
2,-0.5,0.0,-0.5,-0.5,uncertain,2-7-3,12,False,10,22,9,False,False,False
2,-0.5,0.0,-0.5,-0.5,uncertain,2-7-4,13,False,10,23,A,False,False,False
2,-0.5,0.0,-0.5,-0.5,uncertain,2-7-5,14,False,10,24,10,False,False,False
2,-0.5,0.0,-0.5,-0.5,uncertain,2-7-5,14,False,10,24,7,False,False,False
2,-0.5,0.0,-0.5,-0.5,uncertain,2-7-5,14,False,8,22,9,False,False,False
2,-0.5,0.0,-0.5,-0.5,uncertain,2-8-5,15,False,9,24,10,False,False,False
2,-0.5,0.0,-0.5,-0.5,uncertain,2-8-6,16,False,10,26,A,False,False,False
2,-0.5,0.0,-0.5,-0.5,uncertain,2-8-6,16,False,9,25,10,False,False,False
2,-0.5,0.0,-0.5,-0.5,uncertain,2-A-10-3,16,False,10,26,10,False,False,False
2,-0.5,0.0,-0.5,-0.5,uncertain,2-A-10-A,14,False,10,24,10,False,False,False
2,-0.5,0.0,-0.5,-0.5,uncertain,3-10-2,15,False,9,24,8,False,False,False
2,-0.5,0.0,-0.5,-0.5,uncertain,3-10-3,16,False,10,26,9,False,False,False
2,-0.5,0.0,-0.5,-0.5,uncertain,3-10-3,16,False,8,24,7,False,False,False
2,-0.5,0.0,-0.5,-0.5,uncertain,3-10-A-2,16,False,10,26,10,False,False,False
2,-0.5,0.0,-0.5,-0.5,uncertain,3-10-A-A,15,False,10,25,10,False,False,False
2,-0.5,0.0,-0.5,-0.5,uncertain,3-2-10,15,False,9,24,8,False,False,False
2,-0.5,0.0,-0.5,-0.5,uncertain,3-2-2-8,15,False,10,25,10,False,False,False
2,-0.5,0.0,-0.5,-0.5,uncertain,3-2-7,12,False,10,22,7,False,False,False
2,-0.5,0.0,-0.5,-0.5,uncertain,3-2-9,14,False,10,24,A,False,False,False
2,-0.5,0.0,-0.5,-0.5,uncertain,3-3-10,16,False,6,22,A,False,False,False
2,-0.5,0.0,-0.5,-0.5,uncertain,3-3-10,16,False,8,24,9,False,False,False
2,-0.5,0.0,-0.5,-0.5,uncertain,3-3-8,14,False,10,24,9,False,False,False
2,-0.5,0.0,-0.5,-0.5,uncertain,3-3-9,15,False,10,25,9,False,False,False
2,-0.5,0.0,-0.5,-0.5,uncertain,3-3-9,15,False,7,22,10,False,False,False
2,-0.5,0.0,-0.5,-0.5,uncertain,3-3-A-9,16,False,10,26,10,False,False,False
2,-0.5,0.0,-0.5,-0.5,uncertain,3-4-2-7,16,False,10,26,10,False,False,False
2,-0.5,0.0,-0.5,-0.5,uncertain,3-4-3-5,15,False,10,25,10,False,False,False
2,-0.5,0.0,-0.5,-0.5,uncertain,3-4-5,12,False,10,22,10,False,False,False
2,-0.5,0.0,-0.5,-0.5,uncertain,3-4-6,13,False,10,23,10,False,False,False
2,-0.5,0.0,-0.5,-0.5,uncertain,3-4-6,13,False,10,23,A,False,False,False
2,-0.5,0.0,-0.5,-0.5,uncertain,3-4-6,13,False,9,22,9,False,False,False
2,-0.5,0.0,-0.5,-0.5,uncertain,3-4-9,16,False,6,22,8,False,False,False
2,-0.5,0.0,-0.5,-0.5,uncertain,3-5-2-3,13,False,10,23,8,False,False,False
2,-0.5,0.0,-0.5,-0.5,uncertain,3-5-5,13,False,9,22,9,False,False,False
2,-0.5,0.0,-0.5,-0.5,uncertain,3-5-7,15,False,10,25,7,False,False,False
2,-0.5,0.0,-0.5,-0.5,uncertain,3-5-7,15,False,10,25,9,False,False,False
2,-0.5,0.0,-0.5,-0.5,uncertain,3-5-8,16,False,10,26,10,False,False,False
2,-0.5,0.0,-0.5,-0.5,uncertain,3-6-3,12,False,10,22,10,False,False,False
2,-0.5,0.0,-0.5,-0.5,uncertain,3-6-3,12,False,10,22,7,False,False,False
2,-0.5,0.0,-0.5,-0.5,uncertain,3-6-4,13,False,10,23,7,False,False,False
2,-0.5,0.0,-0.5,-0.5,uncertain,3-6-7,16,False,10,26,9,False,False,False
2,-0.5,0.0,-0.5,-0.5,uncertain,3-6-7,16,False,8,24,10,False,False,False
2,-0.5,0.0,-0.5,-0.5,uncertain,3-6-7,16,False,9,25,10,False,False,False
2,-0.5,0.0,-0.5,-0.5,uncertain,3-7-5,15,False,10,25,10,False,False,False
2,-0.5,0.0,-0.5,-0.5,uncertain,3-9-2,14,False,10,24,9,False,False,False
2,-0.5,0.0,-0.5,-0.5,uncertain,3-9-3,15,False,8,23,9,False,False,False
2,-0.5,0.0,-0.5,-0.5,uncertain,3-A-10-A,15,False,10,25,7,False,False,False
2,-0.5,0.0,-0.5,-0.5,uncertain,3-A-4-5,13,False,10,23,9,False,False,False
2,-0.5,0.0,-0.5,-0.5,uncertain,3-A-9,13,False,10,23,7,False,False,False
2,-0.5,0.0,-0.5,-0.5,uncertain,4-10-A,15,False,10,25,7,False,False,False
2,-0.5,0.0,-0.5,-0.5,uncertain,4-10-A,15,False,8,23,9,False,False,False
2,-0.5,0.0,-0.5,-0.5,uncertain,4-10-A,15,False,9,24,9,False,False,False
2,-0.5,0.0,-0.5,-0.5,uncertain,4-10-A-A,16,False,10,26,10,False,False,False
2,-0.5,0.0,-0.5,-0.5,uncertain,4-2-10,16,False,6,22,9,False,False,False
2,-0.5,0.0,-0.5,-0.5,uncertain,4-2-10,16,False,7,23,7,False,False,False
2,-0.5,0.0,-0.5,-0.5,uncertain,4-2-10,16,False,9,25,10,False,False,False
2,-0.5,0.0,-0.5,-0.5,uncertain,4-2-7,13,False,10,23,7,False,False,False
2,-0.5,0.0,-0.5,-0.5,uncertain,4-2-9,15,False,10,25,7,False,False,False
2,-0.5,0.0,-0.5,-0.5,uncertain,4-3-4-3,14,False,10,24,10,False,False,False
2,-0.5,0.0,-0.5,-0.5,uncertain,4-3-7,14,False,10,24,8,False,False,False
2,-0.5,0.0,-0.5,-0.5,uncertain,4-3-7,14,False,8,22,10,False,False,False
2,-0.5,0.0,-0.5,-0.5,uncertain,4-3-9,16,False,6,22,A,False,False,False
2,-0.5,0.0,-0.5,-0.5,uncertain,4-4-4-4,16,False,10,26,10,False,False,False
2,-0.5,0.0,-0.5,-0.5,uncertain,4-4-7,15,False,9,24,10,False,False,False
2,-0.5,0.0,-0.5,-0.5,uncertain,4-5-5,14,False,9,23,10,False,False,False
2,-0.5,0.0,-0.5,-0.5,uncertain,4-5-6,15,False,10,25,7,False,False,False
2,-0.5,0.0,-0.5,-0.5,uncertain,4-5-6,15,False,10,25,9,False,False,False
2,-0.5,0.0,-0.5,-0.5,uncertain,4-5-6,15,False,8,23,9,False,False,False
2,-0.5,0.0,-0.5,-0.5,uncertain,4-6-2,12,False,10,22,A,False,False,False
2,-0.5,0.0,-0.5,-0.5,uncertain,4-6-6,16,False,8,24,10,False,False,False
2,-0.5,0.0,-0.5,-0.5,uncertain,4-8-2,14,False,8,22,10,False,False,False
2,-0.5,0.0,-0.5,-0.5,uncertain,4-8-3,15,False,10,25,A,False,False,False
2,-0.5,0.0,-0.5,-0.5,uncertain,4-8-3,15,False,9,24,10,False,False,False
2,-0.5,0.0,-0.5,-0.5,uncertain,4-8-4,16,False,6,22,8,False,False,False
2,-0.5,0.0,-0.5,-0.5,uncertain,4-8-4,16,False,8,24,10,False,False,False
2,-0.5,0.0,-0.5,-0.5,uncertain,4-9,13,False,9,22,8,False,False,True
2,-0.5,0.0,-0.5,-0.5,uncertain,4-9-2,15,False,7,22,10,False,False,False
2,-0.5,0.0,-0.5,-0.5,uncertain,4-9-3,16,False,10,26,8,False,False,False
2,-0.5,0.0,-0.5,-0.5,uncertain,4-9-3,16,False,10,26,A,False,False,False
2,-0.5,0.0,-0.5,-0.5,uncertain,4-9-3,16,False,6,22,10,False,False,False
2,-0.5,0.0,-0.5,-0.5,uncertain,4-9-3,16,False,7,23,10,False,False,False
2,-0.5,0.0,-0.5,-0.5,uncertain,4-9-A,14,False,10,24,9,False,False,False
2,-0.5,0.0,-0.5,-0.5,uncertain,4-9-A,14,False,9,23,10,False,False,False
2,-0.5,0.0,-0.5,-0.5,uncertain,4-A-10,15,False,10,25,A,False,False,False
2,-0.5,0.0,-0.5,-0.5,uncertain,4-A-10,15,False,9,24,8,False,False,False
2,-0.5,0.0,-0.5,-0.5,uncertain,4-A-7,12,False,10,22,7,False,False,False
2,-0.5,0.0,-0.5,-0.5,uncertain,4-A-9,14,False,8,22,7,False,False,False
2,-0.5,0.0,-0.5,-0.5,uncertain,5-10-A,16,False,6,22,10,False,False,False
2,-0.5,0.0,-0.5,-0.5,uncertain,5-10-A,16,False,7,23,9,False,False,False
2,-0.5,0.0,-0.5,-0.5,uncertain,5-2-5,12,False,10,22,3,False,False,False
2,-0.5,0.0,-0.5,-0.5,uncertain,5-2-5,12,False,10,22,9,False,False,False
2,-0.5,0.0,-0.5,-0.5,uncertain,5-2-7,14,False,10,24,9,False,False,False
2,-0.5,0.0,-0.5,-0.5,uncertain,5-2-7-A,15,False,10,25,10,False,False,False
2,-0.5,0.0,-0.5,-0.5,uncertain,5-2-8,15,False,10,25,8,False,False,False
2,-0.5,0.0,-0.5,-0.5,uncertain,5-2-9,16,False,6,22,10,False,False,False
2,-0.5,0.0,-0.5,-0.5,uncertain,5-2-A-8,16,False,10,26,10,False,False,False
2,-0.5,0.0,-0.5,-0.5,uncertain,5-3-3-5,16,False,6,22,10,False,False,False
2,-0.5,0.0,-0.5,-0.5,uncertain,5-3-5,13,False,10,23,10,False,False,False
2,-0.5,0.0,-0.5,-0.5,uncertain,5-3-5,13,False,10,23,8,False,False,False
2,-0.5,0.0,-0.5,-0.5,uncertain,5-3-7,15,False,7,22,10,False,False,False
2,-0.5,0.0,-0.5,-0.5,uncertain,5-4-2-2,13,False,10,23,8,False,False,False
2,-0.5,0.0,-0.5,-0.5,uncertain,5-4-3,12,False,10,22,9,False,False,False
2,-0.5,0.0,-0.5,-0.5,uncertain,5-4-4,13,False,9,22,A,False,False,False
2,-0.5,0.0,-0.5,-0.5,uncertain,5-4-6,15,False,8,23,A,False,False,False
2,-0.5,0.0,-0.5,-0.5,uncertain,5-4-7,16,False,10,26,10,False,False,False
2,-0.5,0.0,-0.5,-0.5,uncertain,5-4-7,16,False,10,26,7,False,False,False
2,-0.5,0.0,-0.5,-0.5,uncertain,5-4-7,16,False,10,26,8,False,False,False
2,-0.5,0.0,-0.5,-0.5,uncertain,5-4-7,16,False,7,23,10,False,False,False
2,-0.5,0.0,-0.5,-0.5,uncertain,5-5-6,16,False,10,26,10,False,False,False
2,-0.5,0.0,-0.5,-0.5,uncertain,5-5-6,16,False,8,24,10,False,False,False
2,-0.5,0.0,-0.5,-0.5,uncertain,5-5-6,16,False,9,25,10,False,False,False
2,-0.5,0.0,-0.5,-0.5,uncertain,5-7-3,15,False,7,22,10,False,False,False
2,-0.5,0.0,-0.5,-0.5,uncertain,5-7-3,15,False,8,23,10,False,False,False
2,-0.5,0.0,-0.5,-0.5,uncertain,5-7-4,16,False,10,26,8,False,False,False
2,-0.5,0.0,-0.5,-0.5,uncertain,5-7-A,13,False,9,22,10,False,False,False
2,-0.5,0.0,-0.5,-0.5,uncertain,5-8-2,15,False,7,22,10,False,False,False
2,-0.5,0.0,-0.5,-0.5,uncertain,5-9,14,False,9,23,9,False,False,True
2,-0.5,0.0,-0.5,-0.5,uncertain,5-9,14,False,9,23,A,False,False,True
2,-0.5,0.0,-0.5,-0.5,uncertain,5-A-8,14,False,10,24,7,False,False,False
2,-0.5,0.0,-0.5,-0.5,uncertain,6-2-3-3,14,False,10,24,10,False,False,False
2,-0.5,0.0,-0.5,-0.5,uncertain,6-2-4,12,False,10,22,10,False,False,False
2,-0.5,0.0,-0.5,-0.5,uncertain,6-2-6,14,False,10,24,A,False,False,False
2,-0.5,0.0,-0.5,-0.5,uncertain,6-2-7,15,False,10,25,8,False,False,False
2,-0.5,0.0,-0.5,-0.5,uncertain,6-2-7,15,False,9,24,10,False,False,False
2,-0.5,0.0,-0.5,-0.5,uncertain,6-2-8,16,False,7,23,10,False,False,False
2,-0.5,0.0,-0.5,-0.5,uncertain,6-3-4,13,False,10,23,A,False,False,False
2,-0.5,0.0,-0.5,-0.5,uncertain,6-3-7,16,False,10,26,10,False,False,False
2,-0.5,0.0,-0.5,-0.5,uncertain,6-3-7,16,False,10,26,9,False,False,False
2,-0.5,0.0,-0.5,-0.5,uncertain,6-4-6,16,False,10,26,A,False,False,False
2,-0.5,0.0,-0.5,-0.5,uncertain,6-6-2-2,16,False,10,26,10,False,False,False
2,-0.5,0.0,-0.5,-0.5,uncertain,6-6-3,15,False,9,24,10,False,False,False
2,-0.5,0.0,-0.5,-0.5,uncertain,6-6-4,16,False,10,26,10,False,False,False
2,-0.5,0.0,-0.5,-0.5,uncertain,6-7-A,14,False,9,23,10,False,False,False
2,-0.5,0.0,-0.5,-0.5,uncertain,6-8,14,False,9,23,9,False,False,True
2,-0.5,0.0,-0.5,-0.5,uncertain,6-8-2,16,False,9,25,10,False,False,False
2,-0.5,0.0,-0.5,-0.5,uncertain,6-9,15,False,7,22,8,False,False,True
2,-0.5,0.0,-0.5,-0.5,uncertain,6-9,15,False,8,23,A,False,False,True
2,-0.5,0.0,-0.5,-0.5,uncertain,6-9-A,16,False,10,26,7,False,False,False
2,-0.5,0.0,-0.5,-0.5,uncertain,6-9-A,16,False,6,22,10,False,False,False
2,-0.5,0.0,-0.5,-0.5,uncertain,6-A-5,12,False,10,22,A,False,False,False
2,-0.5,0.0,-0.5,-0.5,uncertain,6-A-8,15,False,8,23,7,False,False,False
2,-0.5,0.0,-0.5,-0.5,uncertain,7-2-7,16,False,10,26,9,False,False,False
2,-0.5,0.0,-0.5,-0.5,uncertain,7-2-7,16,False,8,24,10,False,False,False
2,-0.5,0.0,-0.5,-0.5,uncertain,7-3-3,13,False,10,23,A,False,False,False
2,-0.5,0.0,-0.5,-0.5,uncertain,7-3-4,14,False,9,23,10,False,False,False
2,-0.5,0.0,-0.5,-0.5,uncertain,7-3-5-A,16,False,10,26,10,False,False,False
2,-0.5,0.0,-0.5,-0.5,uncertain,7-5-3,15,False,10,25,7,False,False,False
2,-0.5,0.0,-0.5,-0.5,uncertain,7-5-4,16,False,8,24,10,False,False,False
2,-0.5,0.0,-0.5,-0.5,uncertain,7-6-2,15,False,10,25,8,False,False,False
2,-0.5,0.0,-0.5,-0.5,uncertain,7-6-2,15,False,10,25,9,False,False,False
2,-0.5,0.0,-0.5,-0.5,uncertain,7-6-2,15,False,8,23,10,False,False,False
2,-0.5,0.0,-0.5,-0.5,uncertain,7-6-A,14,False,9,23,10,False,False,False
2,-0.5,0.0,-0.5,-0.5,uncertain,7-8,15,False,10,25,7,True,False,True
2,-0.5,0.0,-0.5,-0.5,uncertain,7-8,15,False,7,22,8,False,False,True
2,-0.5,0.0,-0.5,-0.5,uncertain,7-8,15,False,7,22,9,False,False,True
2,-0.5,0.0,-0.5,-0.5,uncertain,7-8-A,16,False,10,26,8,False,False,False
2,-0.5,0.0,-0.5,-0.5,uncertain,7-9,16,False,7,23,7,False,False,True
2,-0.5,0.0,-0.5,-0.5,uncertain,7-9,16,False,7,23,9,False,False,True
2,-0.5,0.0,-0.5,-0.5,uncertain,7-9,16,False,7,23,A,False,False,True
2,-0.5,0.0,-0.5,-0.5,uncertain,7-9,16,False,8,24,7,True,False,True
2,-0.5,0.0,-0.5,-0.5,uncertain,7-A-6,14,False,10,24,A,False,False,False
2,-0.5,0.0,-0.5,-0.5,uncertain,7-A-6,14,False,9,23,10,False,False,False
2,-0.5,0.0,-0.5,-0.5,uncertain,7-A-7,15,False,9,24,10,False,False,False
2,-0.5,0.0,-0.5,-0.5,uncertain,8-2-6,16,False,7,23,10,False,False,False
2,-0.5,0.0,-0.5,-0.5,uncertain,8-4-A,13,False,10,23,9,False,False,False
2,-0.5,0.0,-0.5,-0.5,uncertain,8-4-A,13,False,9,22,10,False,False,False
2,-0.5,0.0,-0.5,-0.5,uncertain,8-5-2,15,False,7,22,10,False,False,False
2,-0.5,0.0,-0.5,-0.5,uncertain,8-5-3,16,False,7,23,10,False,False,False
2,-0.5,0.0,-0.5,-0.5,uncertain,8-6-2,16,False,10,26,7,True,False,False
2,-0.5,0.0,-0.5,-0.5,uncertain,8-6-2,16,False,10,26,9,False,False,False
2,-0.5,0.0,-0.5,-0.5,uncertain,8-6-2,16,False,6,22,10,False,False,False
2,-0.5,0.0,-0.5,-0.5,uncertain,8-6-2,16,False,9,25,10,False,False,False
2,-0.5,0.0,-0.5,-0.5,uncertain,8-7,15,False,10,25,A,True,False,True
2,-0.5,0.0,-0.5,-0.5,uncertain,8-7,15,False,7,22,8,False,False,True
2,-0.5,0.0,-0.5,-0.5,uncertain,8-7,15,False,7,22,9,False,False,True
2,-0.5,0.0,-0.5,-0.5,uncertain,8-7,15,False,8,23,9,False,False,True
2,-0.5,0.0,-0.5,-0.5,uncertain,8-7,15,False,9,24,9,True,False,True
2,-0.5,0.0,-0.5,-0.5,uncertain,8-7,15,False,9,24,A,False,False,True
2,-0.5,0.0,-0.5,-0.5,uncertain,8-7-A,16,False,10,26,7,True,False,False
2,-0.5,0.0,-0.5,-0.5,uncertain,9-3-2,14,False,10,24,9,False,False,False
2,-0.5,0.0,-0.5,-0.5,uncertain,9-3-4,16,False,9,25,10,False,False,False
2,-0.5,0.0,-0.5,-0.5,uncertain,9-3-A,13,False,10,23,7,False,False,False
2,-0.5,0.0,-0.5,-0.5,uncertain,9-4-2,15,False,8,23,10,False,False,False
2,-0.5,0.0,-0.5,-0.5,uncertain,9-4-3,16,False,7,23,10,False,False,False
2,-0.5,0.0,-0.5,-0.5,uncertain,9-4-A,14,False,10,24,9,False,False,False
2,-0.5,0.0,-0.5,-0.5,uncertain,9-4-A,14,False,9,23,10,False,False,False
2,-0.5,0.0,-0.5,-0.5,uncertain,9-5,14,False,10,24,8,True,False,True
2,-0.5,0.0,-0.5,-0.5,uncertain,9-5,14,False,10,24,9,True,False,True
2,-0.5,0.0,-0.5,-0.5,uncertain,9-5,14,False,8,22,A,False,False,True
2,-0.5,0.0,-0.5,-0.5,uncertain,9-5-2,16,False,10,26,A,False,False,False
2,-0.5,0.0,-0.5,-0.5,uncertain,9-6,15,False,8,23,8,True,False,True
2,-0.5,0.0,-0.5,-0.5,uncertain,9-6,15,False,8,23,A,False,False,True
2,-0.5,0.0,-0.5,-0.5,uncertain,9-6-A,16,False,10,26,8,False,False,False
2,-0.5,0.0,-0.5,-0.5,uncertain,9-7,16,False,6,22,8,False,False,True
2,-0.5,0.0,-0.5,-0.5,uncertain,9-7,16,False,7,23,9,True,False,True
2,-0.5,0.0,-0.5,-0.5,uncertain,9-7,16,False,8,24,A,False,False,True
2,-0.5,0.0,-0.5,-0.5,uncertain,A-2-10-A,14,False,10,24,7,False,False,False
2,-0.5,0.0,-0.5,-0.5,uncertain,A-2-3-10,16,False,10,26,8,False,False,False
2,-0.5,0.0,-0.5,-0.5,uncertain,A-3-10,14,False,8,22,10,False,False,False
2,-0.5,0.0,-0.5,-0.5,uncertain,A-4-10,15,False,10,25,A,False,False,False
2,-0.5,0.0,-0.5,-0.5,uncertain,A-4-10,15,False,8,23,7,False,False,False
2,-0.5,0.0,-0.5,-0.5,uncertain,A-4-10,15,False,9,24,8,False,False,False
2,-0.5,0.0,-0.5,-0.5,uncertain,A-4-8,13,False,10,23,9,False,False,False
2,-0.5,0.0,-0.5,-0.5,uncertain,A-4-A-9,15,False,8,23,10,False,False,False
2,-0.5,0.0,-0.5,-0.5,uncertain,A-5-10,16,False,7,23,A,False,False,False
2,-0.5,0.0,-0.5,-0.5,uncertain,A-5-10,16,False,8,24,A,False,False,False
2,-0.5,0.0,-0.5,-0.5,uncertain,A-5-6,12,False,10,22,8,False,False,False
2,-0.5,0.0,-0.5,-0.5,uncertain,A-5-8,14,False,10,24,7,False,False,False
2,-0.5,0.0,-0.5,-0.5,uncertain,A-5-8,14,False,10,24,9,False,False,False
2,-0.5,0.0,-0.5,-0.5,uncertain,A-5-8,14,False,9,23,10,False,False,False
2,-0.5,0.0,-0.5,-0.5,uncertain,A-5-9,15,False,7,22,10,False,False,False
2,-0.5,0.0,-0.5,-0.5,uncertain,A-5-9,15,False,8,23,8,False,False,False
2,-0.5,0.0,-0.5,-0.5,uncertain,A-6-7,14,False,10,24,9,False,False,False
2,-0.5,0.0,-0.5,-0.5,uncertain,A-6-9,16,False,10,26,7,False,False,False
2,-0.5,0.0,-0.5,-0.5,uncertain,A-6-9,16,False,8,24,10,False,False,False
2,-0.5,0.0,-0.5,-0.5,uncertain,A-7-6,14,False,8,22,10,False,False,False
2,-0.5,0.0,-0.5,-0.5,uncertain,A-7-7,15,False,7,22,10,False,False,False
2,0.25,0.7499999999999999,-1.2199999999999998,1.7199999999999998,uncertain,10-2-3,15,False,7,22,7,False,False,False
2,0.25,0.7499999999999999,-1.2199999999999998,1.7199999999999998,uncertain,10-2-3,15,False,7,22,9,False,False,False
2,0.25,0.7499999999999999,-1.2199999999999998,1.7199999999999998,uncertain,10-2-4,16,False,8,24,8,False,False,False
2,0.25,0.7499999999999999,-1.2199999999999998,1.7199999999999998,uncertain,10-4-A,15,False,10,25,A,False,False,False
2,0.25,0.7499999999999999,-1.2199999999999998,1.7199999999999998,uncertain,2-10-2,14,False,8,22,7,False,False,False
2,0.25,0.7499999999999999,-1.2199999999999998,1.7199999999999998,uncertain,2-2-5-7,16,False,9,25,10,False,False,False
2,0.25,0.7499999999999999,-1.2199999999999998,1.7199999999999998,uncertain,2-2-A-10,15,False,10,25,10,False,False,False
2,0.25,0.7499999999999999,-1.2199999999999998,1.7199999999999998,uncertain,2-3-10,15,False,8,23,9,False,False,False
2,0.25,0.7499999999999999,-1.2199999999999998,1.7199999999999998,uncertain,2-3-7,12,False,10,22,7,False,False,False
2,0.25,0.7499999999999999,-1.2199999999999998,1.7199999999999998,uncertain,2-4-10,16,False,8,24,8,False,False,False
2,0.25,0.7499999999999999,-1.2199999999999998,1.7199999999999998,uncertain,2-6-4,12,False,10,22,7,False,False,False
2,0.25,0.7499999999999999,-1.2199999999999998,1.7199999999999998,uncertain,2-6-7,15,False,7,22,9,False,False,False
2,0.25,0.7499999999999999,-1.2199999999999998,1.7199999999999998,uncertain,2-7-3-2,14,False,10,24,10,False,False,False
2,0.25,0.7499999999999999,-1.2199999999999998,1.7199999999999998,uncertain,2-A-2-10,15,False,10,25,10,False,False,False
2,0.25,0.7499999999999999,-1.2199999999999998,1.7199999999999998,uncertain,2-A-A-8,12,False,10,22,10,False,False,False
2,0.25,0.7499999999999999,-1.2199999999999998,1.7199999999999998,uncertain,3-10-3,16,False,10,26,A,False,False,False
2,0.25,0.7499999999999999,-1.2199999999999998,1.7199999999999998,uncertain,3-3-3-5,14,False,10,24,A,False,False,False
2,0.25,0.7499999999999999,-1.2199999999999998,1.7199999999999998,uncertain,3-4-7,14,False,8,22,10,False,False,False
2,0.25,0.7499999999999999,-1.2199999999999998,1.7199999999999998,uncertain,3-5-6,14,False,9,23,9,False,False,False
2,0.25,0.7499999999999999,-1.2199999999999998,1.7199999999999998,uncertain,3-6-7,16,False,10,26,8,False,False,False
2,0.25,0.7499999999999999,-1.2199999999999998,1.7199999999999998,uncertain,3-9-A,13,False,10,23,A,False,False,False
2,0.25,0.7499999999999999,-1.2199999999999998,1.7199999999999998,uncertain,3-A-10,14,False,8,22,9,False,False,False
2,0.25,0.7499999999999999,-1.2199999999999998,1.7199999999999998,uncertain,3-A-10-2,16,False,10,26,10,False,False,False
2,0.25,0.7499999999999999,-1.2199999999999998,1.7199999999999998,uncertain,3-A-8,12,False,10,22,7,False,False,False
2,0.25,0.7499999999999999,-1.2199999999999998,1.7199999999999998,uncertain,4-2-10,16,False,8,24,A,False,False,False
2,0.25,0.7499999999999999,-1.2199999999999998,1.7199999999999998,uncertain,4-2-7,13,False,10,23,9,False,False,False
2,0.25,0.7499999999999999,-1.2199999999999998,1.7199999999999998,uncertain,4-3-6,13,False,9,22,9,False,False,False
2,0.25,0.7499999999999999,-1.2199999999999998,1.7199999999999998,uncertain,4-3-7,14,False,10,24,10,False,False,False
2,0.25,0.7499999999999999,-1.2199999999999998,1.7199999999999998,uncertain,4-3-7,14,False,9,23,10,False,False,False
2,0.25,0.7499999999999999,-1.2199999999999998,1.7199999999999998,uncertain,4-8-4,16,False,9,25,10,False,False,False
2,0.25,0.7499999999999999,-1.2199999999999998,1.7199999999999998,uncertain,4-9-3,16,False,6,22,8,False,False,False
2,0.25,0.7499999999999999,-1.2199999999999998,1.7199999999999998,uncertain,4-A-A-7,13,False,10,23,8,False,False,False
2,0.25,0.7499999999999999,-1.2199999999999998,1.7199999999999998,uncertain,5-2-9,16,False,6,22,7,False,False,False
2,0.25,0.7499999999999999,-1.2199999999999998,1.7199999999999998,uncertain,5-4-3,12,False,10,22,10,False,False,False
2,0.25,0.7499999999999999,-1.2199999999999998,1.7199999999999998,uncertain,5-4-6,15,False,9,24,8,False,False,False
2,0.25,0.7499999999999999,-1.2199999999999998,1.7199999999999998,uncertain,5-7-2,14,False,10,24,8,False,False,False
2,0.25,0.7499999999999999,-1.2199999999999998,1.7199999999999998,uncertain,5-8-3,16,False,10,26,9,False,False,False
2,0.25,0.7499999999999999,-1.2199999999999998,1.7199999999999998,uncertain,5-A-6,12,False,10,22,2,False,False,False
2,0.25,0.7499999999999999,-1.2199999999999998,1.7199999999999998,uncertain,5-A-8,14,False,9,23,10,False,False,False
2,0.25,0.7499999999999999,-1.2199999999999998,1.7199999999999998,uncertain,6-7,13,False,9,22,7,False,False,True
2,0.25,0.7499999999999999,-1.2199999999999998,1.7199999999999998,uncertain,6-7-A,14,False,10,24,A,False,False,False
2,0.25,0.7499999999999999,-1.2199999999999998,1.7199999999999998,uncertain,6-7-A,14,False,9,23,8,False,False,False
2,0.25,0.7499999999999999,-1.2199999999999998,1.7199999999999998,uncertain,7-3-3-A,14,False,10,24,10,False,False,False
2,0.25,0.7499999999999999,-1.2199999999999998,1.7199999999999998,uncertain,7-5-2,14,False,9,23,9,False,False,False
2,0.25,0.7499999999999999,-1.2199999999999998,1.7199999999999998,uncertain,7-5-3,15,False,10,25,10,False,False,False
2,0.25,0.7499999999999999,-1.2199999999999998,1.7199999999999998,uncertain,7-8-A,16,False,6,22,10,False,False,False
2,0.25,0.7499999999999999,-1.2199999999999998,1.7199999999999998,uncertain,8-6,14,False,9,23,7,False,False,True
2,0.25,0.7499999999999999,-1.2199999999999998,1.7199999999999998,uncertain,8-7-A,16,False,6,22,10,False,False,False
2,0.25,0.7499999999999999,-1.2199999999999998,1.7199999999999998,uncertain,9-3-2,14,False,8,22,10,False,False,False
2,0.25,0.7499999999999999,-1.2199999999999998,1.7199999999999998,uncertain,9-3-3,15,False,10,25,9,False,False,False
2,0.25,0.7499999999999999,-1.2199999999999998,1.7199999999999998,uncertain,A-2-10-A,14,False,10,24,10,False,False,False
2,0.25,0.7499999999999999,-1.2199999999999998,1.7199999999999998,uncertain,A-5-10,16,False,7,23,7,False,False,False
2,0.25,0.7499999999999999,-1.2199999999999998,1.7199999999999998,uncertain,A-6-5,12,False,10,22,2,False,False,False
2,0.25,0.7499999999999999,-1.2199999999999998,1.7199999999999998,uncertain,A-6-5,12,False,10,22,8,False,False,False
2,1.0,0.0,1.0,1.0,uncertain,10-2-2,14,False,9,23,A,False,False,False
2,1.0,0.0,1.0,1.0,uncertain,2-5-5,12,False,10,22,9,False,False,False
2,1.0,0.0,1.0,1.0,uncertain,4-A-10,15,False,8,23,10,False,False,False
2,1.0,0.0,1.0,1.0,uncertain,5-9-2,16,False,7,23,8,False,False,False
2,1.0,0.0,1.0,1.0,uncertain,9-7,16,False,8,24,8,True,False,True
2,1.0,1.4999999999999998,-1.9399999999999995,3.9399999999999995,uncertain,10-2-2-A,15,False,10,25,9,False,False,False
2,1.0,1.4999999999999998,-1.9399999999999995,3.9399999999999995,uncertain,10-2-3-A,16,False,10,26,10,False,False,False
2,1.0,1.4999999999999998,-1.9399999999999995,3.9399999999999995,uncertain,10-3-2,15,False,9,24,7,False,False,False
2,1.0,1.4999999999999998,-1.9399999999999995,3.9399999999999995,uncertain,10-3-3,16,False,8,24,10,False,False,False
2,1.0,1.4999999999999998,-1.9399999999999995,3.9399999999999995,uncertain,10-3-3,16,False,8,24,9,False,False,False
2,1.0,1.4999999999999998,-1.9399999999999995,3.9399999999999995,uncertain,10-5-A,16,False,6,22,8,False,False,False
2,1.0,1.4999999999999998,-1.9399999999999995,3.9399999999999995,uncertain,10-5-A,16,False,7,23,A,False,False,False
2,1.0,1.4999999999999998,-1.9399999999999995,3.9399999999999995,uncertain,2-10-2,14,False,8,22,A,False,False,False
2,1.0,1.4999999999999998,-1.9399999999999995,3.9399999999999995,uncertain,2-10-2-A,15,False,10,25,10,False,False,False
2,1.0,1.4999999999999998,-1.9399999999999995,3.9399999999999995,uncertain,2-10-3,15,False,9,24,A,False,False,False
2,1.0,1.4999999999999998,-1.9399999999999995,3.9399999999999995,uncertain,2-10-4,16,False,7,23,9,False,False,False
2,1.0,1.4999999999999998,-1.9399999999999995,3.9399999999999995,uncertain,2-10-4,16,False,8,24,8,False,False,False
2,1.0,1.4999999999999998,-1.9399999999999995,3.9399999999999995,uncertain,2-10-4,16,False,9,25,7,False,False,False
2,1.0,1.4999999999999998,-1.9399999999999995,3.9399999999999995,uncertain,2-10-A-A,14,False,10,24,7,False,False,False
2,1.0,1.4999999999999998,-1.9399999999999995,3.9399999999999995,uncertain,2-2-10-2,16,False,10,26,10,False,False,False
2,1.0,1.4999999999999998,-1.9399999999999995,3.9399999999999995,uncertain,2-2-10-2,16,False,10,26,9,False,False,False
2,1.0,1.4999999999999998,-1.9399999999999995,3.9399999999999995,uncertain,2-2-8,12,False,10,22,10,False,False,False
2,1.0,1.4999999999999998,-1.9399999999999995,3.9399999999999995,uncertain,2-3-7,12,False,10,22,2,False,False,False
2,1.0,1.4999999999999998,-1.9399999999999995,3.9399999999999995,uncertain,2-3-7,12,False,10,22,9,False,False,False
2,1.0,1.4999999999999998,-1.9399999999999995,3.9399999999999995,uncertain,2-3-9,14,False,10,24,7,False,False,False
2,1.0,1.4999999999999998,-1.9399999999999995,3.9399999999999995,uncertain,2-4-10,16,False,9,25,7,True,False,False
2,1.0,1.4999999999999998,-1.9399999999999995,3.9399999999999995,uncertain,2-4-6,12,False,10,22,7,False,False,False
2,1.0,1.4999999999999998,-1.9399999999999995,3.9399999999999995,uncertain,2-4-9,15,False,7,22,10,False,False,False
2,1.0,1.4999999999999998,-1.9399999999999995,3.9399999999999995,uncertain,2-6-4,12,False,10,22,9,False,False,False
2,1.0,1.4999999999999998,-1.9399999999999995,3.9399999999999995,uncertain,2-6-6,14,False,10,24,8,False,False,False
2,1.0,1.4999999999999998,-1.9399999999999995,3.9399999999999995,uncertain,2-6-6-2,16,False,9,25,10,False,False,False
2,1.0,1.4999999999999998,-1.9399999999999995,3.9399999999999995,uncertain,2-7-2-A,12,False,10,22,10,False,False,False
2,1.0,1.4999999999999998,-1.9399999999999995,3.9399999999999995,uncertain,2-7-4,13,False,10,23,10,False,False,False
2,1.0,1.4999999999999998,-1.9399999999999995,3.9399999999999995,uncertain,2-7-6,15,False,10,25,7,False,False,False
2,1.0,1.4999999999999998,-1.9399999999999995,3.9399999999999995,uncertain,2-7-7,16,False,7,23,10,False,False,False
2,1.0,1.4999999999999998,-1.9399999999999995,3.9399999999999995,uncertain,2-A-10-A,14,False,8,22,9,False,False,False
2,1.0,1.4999999999999998,-1.9399999999999995,3.9399999999999995,uncertain,2-A-9,12,False,10,22,3,False,False,False
2,1.0,1.4999999999999998,-1.9399999999999995,3.9399999999999995,uncertain,3-10,13,False,9,22,7,True,False,True
2,1.0,1.4999999999999998,-1.9399999999999995,3.9399999999999995,uncertain,3-10-2,15,False,10,25,7,True,False,False
2,1.0,1.4999999999999998,-1.9399999999999995,3.9399999999999995,uncertain,3-10-2,15,False,10,25,9,False,False,False
2,1.0,1.4999999999999998,-1.9399999999999995,3.9399999999999995,uncertain,3-10-2,15,False,7,22,8,False,False,False
2,1.0,1.4999999999999998,-1.9399999999999995,3.9399999999999995,uncertain,3-10-3,16,False,8,24,10,False,False,False
2,1.0,1.4999999999999998,-1.9399999999999995,3.9399999999999995,uncertain,3-2-10,15,False,7,22,9,False,False,False
2,1.0,1.4999999999999998,-1.9399999999999995,3.9399999999999995,uncertain,3-2-6-5,16,False,10,26,8,False,False,False
2,1.0,1.4999999999999998,-1.9399999999999995,3.9399999999999995,uncertain,3-2-8,13,False,10,23,7,True,False,False
2,1.0,1.4999999999999998,-1.9399999999999995,3.9399999999999995,uncertain,3-2-A-10,16,False,10,26,10,False,False,False
2,1.0,1.4999999999999998,-1.9399999999999995,3.9399999999999995,uncertain,3-3-10,16,False,6,22,8,False,False,False
2,1.0,1.4999999999999998,-1.9399999999999995,3.9399999999999995,uncertain,3-4-5,12,False,10,22,7,False,False,False
2,1.0,1.4999999999999998,-1.9399999999999995,3.9399999999999995,uncertain,3-4-5,12,False,10,22,9,False,False,False
2,1.0,1.4999999999999998,-1.9399999999999995,3.9399999999999995,uncertain,3-4-6,13,False,10,23,7,False,False,False
2,1.0,1.4999999999999998,-1.9399999999999995,3.9399999999999995,uncertain,3-4-7,14,False,10,24,A,False,False,False
2,1.0,1.4999999999999998,-1.9399999999999995,3.9399999999999995,uncertain,3-4-8,15,False,10,25,A,False,False,False
2,1.0,1.4999999999999998,-1.9399999999999995,3.9399999999999995,uncertain,3-4-8,15,False,7,22,10,False,False,False
2,1.0,1.4999999999999998,-1.9399999999999995,3.9399999999999995,uncertain,3-5-4,12,False,10,22,2,False,False,False
2,1.0,1.4999999999999998,-1.9399999999999995,3.9399999999999995,uncertain,3-5-5,13,False,10,23,A,False,False,False
2,1.0,1.4999999999999998,-1.9399999999999995,3.9399999999999995,uncertain,3-5-8,16,False,7,23,10,False,False,False
2,1.0,1.4999999999999998,-1.9399999999999995,3.9399999999999995,uncertain,3-6-3,12,False,10,22,8,False,False,False
2,1.0,1.4999999999999998,-1.9399999999999995,3.9399999999999995,uncertain,3-6-4,13,False,9,22,10,False,False,False
2,1.0,1.4999999999999998,-1.9399999999999995,3.9399999999999995,uncertain,3-6-6,15,False,10,25,7,False,False,False
2,1.0,1.4999999999999998,-1.9399999999999995,3.9399999999999995,uncertain,3-7-4,14,False,9,23,10,False,False,False
2,1.0,1.4999999999999998,-1.9399999999999995,3.9399999999999995,uncertain,3-7-5,15,False,10,25,A,False,False,False
2,1.0,1.4999999999999998,-1.9399999999999995,3.9399999999999995,uncertain,3-7-6,16,False,10,26,10,False,False,False
2,1.0,1.4999999999999998,-1.9399999999999995,3.9399999999999995,uncertain,3-7-6,16,False,6,22,10,False,False,False
2,1.0,1.4999999999999998,-1.9399999999999995,3.9399999999999995,uncertain,3-9,12,False,10,22,2,True,False,True
2,1.0,1.4999999999999998,-1.9399999999999995,3.9399999999999995,uncertain,3-9,12,False,10,22,3,True,False,True
2,1.0,1.4999999999999998,-1.9399999999999995,3.9399999999999995,uncertain,3-9,12,False,10,22,7,True,False,True
2,1.0,1.4999999999999998,-1.9399999999999995,3.9399999999999995,uncertain,3-A-10,14,False,10,24,7,True,False,False
2,1.0,1.4999999999999998,-1.9399999999999995,3.9399999999999995,uncertain,3-A-10-2,16,False,6,22,7,False,False,False
2,1.0,1.4999999999999998,-1.9399999999999995,3.9399999999999995,uncertain,3-A-2-8,14,False,9,23,10,False,False,False
2,1.0,1.4999999999999998,-1.9399999999999995,3.9399999999999995,uncertain,3-A-8,12,False,10,22,10,False,False,False
2,1.0,1.4999999999999998,-1.9399999999999995,3.9399999999999995,uncertain,4-10-2,16,False,10,26,8,False,False,False
2,1.0,1.4999999999999998,-1.9399999999999995,3.9399999999999995,uncertain,4-10-A,15,False,8,23,8,False,False,False
2,1.0,1.4999999999999998,-1.9399999999999995,3.9399999999999995,uncertain,4-2-10,16,False,9,25,9,False,False,False
2,1.0,1.4999999999999998,-1.9399999999999995,3.9399999999999995,uncertain,4-2-8,14,False,10,24,7,False,False,False
2,1.0,1.4999999999999998,-1.9399999999999995,3.9399999999999995,uncertain,4-3-6,13,False,10,23,10,False,False,False
2,1.0,1.4999999999999998,-1.9399999999999995,3.9399999999999995,uncertain,4-3-9,16,False,10,26,A,False,False,False
2,1.0,1.4999999999999998,-1.9399999999999995,3.9399999999999995,uncertain,4-3-9,16,False,6,22,10,False,False,False
2,1.0,1.4999999999999998,-1.9399999999999995,3.9399999999999995,uncertain,4-3-A-5,13,False,10,23,10,False,False,False
2,1.0,1.4999999999999998,-1.9399999999999995,3.9399999999999995,uncertain,4-4-4,12,False,10,22,9,False,False,False
2,1.0,1.4999999999999998,-1.9399999999999995,3.9399999999999995,uncertain,4-4-5,13,False,10,23,8,False,False,False
2,1.0,1.4999999999999998,-1.9399999999999995,3.9399999999999995,uncertain,4-4-6-A,15,False,10,25,7,False,False,False
2,1.0,1.4999999999999998,-1.9399999999999995,3.9399999999999995,uncertain,4-4-8,16,False,10,26,9,False,False,False
2,1.0,1.4999999999999998,-1.9399999999999995,3.9399999999999995,uncertain,4-4-8,16,False,9,25,10,False,False,False
2,1.0,1.4999999999999998,-1.9399999999999995,3.9399999999999995,uncertain,4-5-4,13,False,10,23,9,False,False,False
2,1.0,1.4999999999999998,-1.9399999999999995,3.9399999999999995,uncertain,4-5-5,14,False,10,24,9,False,False,False
2,1.0,1.4999999999999998,-1.9399999999999995,3.9399999999999995,uncertain,4-5-6,15,False,10,25,A,False,False,False
2,1.0,1.4999999999999998,-1.9399999999999995,3.9399999999999995,uncertain,4-5-6,15,False,7,22,10,False,False,False
2,1.0,1.4999999999999998,-1.9399999999999995,3.9399999999999995,uncertain,4-5-6,15,False,8,23,10,False,False,False
2,1.0,1.4999999999999998,-1.9399999999999995,3.9399999999999995,uncertain,4-8-2,14,False,10,24,7,False,False,False
2,1.0,1.4999999999999998,-1.9399999999999995,3.9399999999999995,uncertain,4-8-4,16,False,7,23,10,False,False,False
2,1.0,1.4999999999999998,-1.9399999999999995,3.9399999999999995,uncertain,4-8-A,13,False,10,23,A,False,False,False
2,1.0,1.4999999999999998,-1.9399999999999995,3.9399999999999995,uncertain,4-9-2,15,False,10,25,7,False,False,False
2,1.0,1.4999999999999998,-1.9399999999999995,3.9399999999999995,uncertain,4-9-A,14,False,9,23,9,False,False,False
2,1.0,1.4999999999999998,-1.9399999999999995,3.9399999999999995,uncertain,4-A-10,15,False,9,24,9,False,False,False
2,1.0,1.4999999999999998,-1.9399999999999995,3.9399999999999995,uncertain,4-A-10-A,16,False,10,26,10,False,False,False
2,1.0,1.4999999999999998,-1.9399999999999995,3.9399999999999995,uncertain,4-A-7,12,False,10,22,2,False,False,False
2,1.0,1.4999999999999998,-1.9399999999999995,3.9399999999999995,uncertain,4-A-8-2,15,False,10,25,10,False,False,False
2,1.0,1.4999999999999998,-1.9399999999999995,3.9399999999999995,uncertain,5-10-A,16,False,7,23,7,False,False,False
2,1.0,1.4999999999999998,-1.9399999999999995,3.9399999999999995,uncertain,5-10-A,16,False,8,24,9,False,False,False
2,1.0,1.4999999999999998,-1.9399999999999995,3.9399999999999995,uncertain,5-10-A,16,False,9,25,9,False,False,False
2,1.0,1.4999999999999998,-1.9399999999999995,3.9399999999999995,uncertain,5-2-8,15,False,10,25,9,False,False,False
2,1.0,1.4999999999999998,-1.9399999999999995,3.9399999999999995,uncertain,5-3-2-4,14,False,10,24,10,False,False,False
2,1.0,1.4999999999999998,-1.9399999999999995,3.9399999999999995,uncertain,5-3-4,12,False,10,22,3,False,False,False
2,1.0,1.4999999999999998,-1.9399999999999995,3.9399999999999995,uncertain,5-3-6,14,False,10,24,A,False,False,False
2,1.0,1.4999999999999998,-1.9399999999999995,3.9399999999999995,uncertain,5-4-3,12,False,10,22,A,False,False,False
2,1.0,1.4999999999999998,-1.9399999999999995,3.9399999999999995,uncertain,5-4-4,13,False,10,23,10,False,False,False
2,1.0,1.4999999999999998,-1.9399999999999995,3.9399999999999995,uncertain,5-4-4,13,False,10,23,7,False,False,False
2,1.0,1.4999999999999998,-1.9399999999999995,3.9399999999999995,uncertain,5-5-4,14,False,10,24,10,False,False,False
2,1.0,1.4999999999999998,-1.9399999999999995,3.9399999999999995,uncertain,5-5-4,14,False,9,23,10,False,False,False
2,1.0,1.4999999999999998,-1.9399999999999995,3.9399999999999995,uncertain,5-7-3,15,False,7,22,8,False,False,False
2,1.0,1.4999999999999998,-1.9399999999999995,3.9399999999999995,uncertain,5-7-4,16,False,10,26,7,False,False,False
2,1.0,1.4999999999999998,-1.9399999999999995,3.9399999999999995,uncertain,5-8-2,15,False,7,22,8,False,False,False
2,1.0,1.4999999999999998,-1.9399999999999995,3.9399999999999995,uncertain,5-8-3,16,False,7,23,10,False,False,False
2,1.0,1.4999999999999998,-1.9399999999999995,3.9399999999999995,uncertain,5-9,14,False,9,23,8,False,False,True
2,1.0,1.4999999999999998,-1.9399999999999995,3.9399999999999995,uncertain,5-9-A,15,False,10,25,A,False,False,False
2,1.0,1.4999999999999998,-1.9399999999999995,3.9399999999999995,uncertain,5-A-10,16,False,6,22,7,False,False,False
2,1.0,1.4999999999999998,-1.9399999999999995,3.9399999999999995,uncertain,5-A-6,12,False,10,22,8,False,False,False
2,1.0,1.4999999999999998,-1.9399999999999995,3.9399999999999995,uncertain,5-A-8,14,False,10,24,10,False,False,False
2,1.0,1.4999999999999998,-1.9399999999999995,3.9399999999999995,uncertain,6-2-6,14,False,10,24,7,False,False,False
2,1.0,1.4999999999999998,-1.9399999999999995,3.9399999999999995,uncertain,6-4-6,16,False,7,23,10,False,False,False
2,1.0,1.4999999999999998,-1.9399999999999995,3.9399999999999995,uncertain,6-4-6,16,False,9,25,10,False,False,False
2,1.0,1.4999999999999998,-1.9399999999999995,3.9399999999999995,uncertain,6-6-A,13,False,10,23,8,False,False,False
2,1.0,1.4999999999999998,-1.9399999999999995,3.9399999999999995,uncertain,6-7-3,16,False,10,26,7,False,False,False
2,1.0,1.4999999999999998,-1.9399999999999995,3.9399999999999995,uncertain,6-8-2,16,False,8,24,10,False,False,False
2,1.0,1.4999999999999998,-1.9399999999999995,3.9399999999999995,uncertain,6-A-7,14,False,9,23,10,False,False,False
2,1.0,1.4999999999999998,-1.9399999999999995,3.9399999999999995,uncertain,7-2-3,12,False,10,22,9,False,False,False
2,1.0,1.4999999999999998,-1.9399999999999995,3.9399999999999995,uncertain,7-2-5,14,False,10,24,9,False,False,False
2,1.0,1.4999999999999998,-1.9399999999999995,3.9399999999999995,uncertain,7-2-5,14,False,9,23,10,False,False,False
2,1.0,1.4999999999999998,-1.9399999999999995,3.9399999999999995,uncertain,7-2-7,16,False,9,25,10,False,False,False
2,1.0,1.4999999999999998,-1.9399999999999995,3.9399999999999995,uncertain,7-5-2,14,False,10,24,9,False,False,False
2,1.0,1.4999999999999998,-1.9399999999999995,3.9399999999999995,uncertain,7-5-4,16,False,10,26,10,False,False,False
2,1.0,1.4999999999999998,-1.9399999999999995,3.9399999999999995,uncertain,7-6-2,15,False,10,25,A,False,False,False
2,1.0,1.4999999999999998,-1.9399999999999995,3.9399999999999995,uncertain,7-6-2,15,False,9,24,10,False,False,False
2,1.0,1.4999999999999998,-1.9399999999999995,3.9399999999999995,uncertain,7-8-A,16,False,6,22,9,False,False,False
2,1.0,1.4999999999999998,-1.9399999999999995,3.9399999999999995,uncertain,7-8-A,16,False,7,23,10,False,False,False
2,1.0,1.4999999999999998,-1.9399999999999995,3.9399999999999995,uncertain,7-9,16,False,6,22,9,False,False,True
2,1.0,1.4999999999999998,-1.9399999999999995,3.9399999999999995,uncertain,8-2-5,15,False,8,23,10,False,False,False
2,1.0,1.4999999999999998,-1.9399999999999995,3.9399999999999995,uncertain,8-4-3,15,False,10,25,9,False,False,False
2,1.0,1.4999999999999998,-1.9399999999999995,3.9399999999999995,uncertain,8-5,13,False,9,22,9,False,False,True
2,1.0,1.4999999999999998,-1.9399999999999995,3.9399999999999995,uncertain,8-5,13,False,9,22,A,True,False,True
2,1.0,1.4999999999999998,-1.9399999999999995,3.9399999999999995,uncertain,8-6,14,False,9,23,8,True,False,True
2,1.0,1.4999999999999998,-1.9399999999999995,3.9399999999999995,uncertain,8-6,14,False,9,23,9,False,False,True
2,1.0,1.4999999999999998,-1.9399999999999995,3.9399999999999995,uncertain,8-6-2,16,False,10,26,7,False,False,False
2,1.0,1.4999999999999998,-1.9399999999999995,3.9399999999999995,uncertain,8-7,15,False,7,22,9,True,False,True
2,1.0,1.4999999999999998,-1.9399999999999995,3.9399999999999995,uncertain,8-7,15,False,9,24,7,False,False,True
2,1.0,1.4999999999999998,-1.9399999999999995,3.9399999999999995,uncertain,8-7-A,16,False,6,22,8,False,False,False
2,1.0,1.4999999999999998,-1.9399999999999995,3.9399999999999995,uncertain,9-3,12,False,10,22,8,True,False,True
2,1.0,1.4999999999999998,-1.9399999999999995,3.9399999999999995,uncertain,9-3-3,15,False,10,25,A,False,False,False
2,1.0,1.4999999999999998,-1.9399999999999995,3.9399999999999995,uncertain,9-3-A,13,False,10,23,8,False,False,False
2,1.0,1.4999999999999998,-1.9399999999999995,3.9399999999999995,uncertain,9-4-2,15,False,10,25,A,False,False,False
2,1.0,1.4999999999999998,-1.9399999999999995,3.9399999999999995,uncertain,9-4-2,15,False,7,22,9,False,False,False
2,1.0,1.4999999999999998,-1.9399999999999995,3.9399999999999995,uncertain,9-4-2,15,False,9,24,8,False,False,False
2,1.0,1.4999999999999998,-1.9399999999999995,3.9399999999999995,uncertain,9-4-A,14,False,10,24,7,False,False,False
2,1.0,1.4999999999999998,-1.9399999999999995,3.9399999999999995,uncertain,9-5,14,False,8,22,9,True,False,True
2,1.0,1.4999999999999998,-1.9399999999999995,3.9399999999999995,uncertain,9-7,16,False,8,24,7,False,False,True
2,1.0,1.4999999999999998,-1.9399999999999995,3.9399999999999995,uncertain,A-2-3-10,16,False,10,26,10,False,False,False
2,1.0,1.4999999999999998,-1.9399999999999995,3.9399999999999995,uncertain,A-2-9,12,False,10,22,8,False,False,False
2,1.0,1.4999999999999998,-1.9399999999999995,3.9399999999999995,uncertain,A-3-3-6,13,False,10,23,10,False,False,False
2,1.0,1.4999999999999998,-1.9399999999999995,3.9399999999999995,uncertain,A-3-8,12,False,10,22,2,False,False,False
2,1.0,1.4999999999999998,-1.9399999999999995,3.9399999999999995,uncertain,A-4-10,15,False,9,24,7,False,False,False
2,1.0,1.4999999999999998,-1.9399999999999995,3.9399999999999995,uncertain,A-4-7,12,False,10,22,3,False,False,False
2,1.0,1.4999999999999998,-1.9399999999999995,3.9399999999999995,uncertain,A-4-8-A,14,False,10,24,10,False,False,False
2,1.0,1.4999999999999998,-1.9399999999999995,3.9399999999999995,uncertain,A-5-10,16,False,10,26,9,False,False,False
2,1.0,1.4999999999999998,-1.9399999999999995,3.9399999999999995,uncertain,A-5-10,16,False,6,22,7,False,False,False
2,1.0,1.4999999999999998,-1.9399999999999995,3.9399999999999995,uncertain,A-5-10,16,False,8,24,8,False,False,False
2,1.0,1.4999999999999998,-1.9399999999999995,3.9399999999999995,uncertain,A-5-9,15,False,10,25,9,False,False,False
2,1.0,1.4999999999999998,-1.9399999999999995,3.9399999999999995,uncertain,A-5-9,15,False,8,23,7,False,False,False
2,1.0,1.4999999999999998,-1.9399999999999995,3.9399999999999995,uncertain,A-6-7,14,False,10,24,10,False,False,False
2,1.0,1.4999999999999998,-1.9399999999999995,3.9399999999999995,uncertain,A-6-8,15,False,9,24,10,False,False,False
2,1.0,1.4999999999999998,-1.9399999999999995,3.9399999999999995,uncertain,A-6-9,16,False,6,22,7,False,False,False
2,1.0,1.4999999999999998,-1.9399999999999995,3.9399999999999995,uncertain,A-7-7,15,False,10,25,9,False,False,False
2,1.75,0.7499999999999999,0.28000000000000025,3.2199999999999998,uncertain,2-2-10,14,False,8,22,A,False,False,False
2,1.75,0.7499999999999999,0.28000000000000025,3.2199999999999998,uncertain,2-3-10,15,False,7,22,8,False,False,False
2,1.75,0.7499999999999999,0.28000000000000025,3.2199999999999998,uncertain,2-3-9,14,False,10,24,8,False,False,False
2,1.75,0.7499999999999999,0.28000000000000025,3.2199999999999998,uncertain,2-4-10,16,False,6,22,8,False,False,False
2,1.75,0.7499999999999999,0.28000000000000025,3.2199999999999998,uncertain,2-5-8,15,False,7,22,10,False,False,False
2,1.75,0.7499999999999999,0.28000000000000025,3.2199999999999998,uncertain,2-6-7,15,False,10,25,8,False,False,False
2,1.75,0.7499999999999999,0.28000000000000025,3.2199999999999998,uncertain,3-3-7,13,False,9,22,9,False,False,False
2,1.75,0.7499999999999999,0.28000000000000025,3.2199999999999998,uncertain,3-4-5,12,False,10,22,8,False,False,False
2,1.75,0.7499999999999999,0.28000000000000025,3.2199999999999998,uncertain,3-A-10-A,15,False,10,25,10,False,False,False
2,1.75,0.7499999999999999,0.28000000000000025,3.2199999999999998,uncertain,5-10-A,16,False,9,25,10,False,False,False
2,1.75,0.7499999999999999,0.28000000000000025,3.2199999999999998,uncertain,5-2-8,15,False,8,23,9,False,False,False
2,1.75,0.7499999999999999,0.28000000000000025,3.2199999999999998,uncertain,5-3-8,16,False,10,26,10,False,False,False
2,1.75,0.7499999999999999,0.28000000000000025,3.2199999999999998,uncertain,5-4-6,15,False,10,25,8,False,False,False
2,1.75,0.7499999999999999,0.28000000000000025,3.2199999999999998,uncertain,5-A-10,16,False,6,22,A,False,False,False
2,1.75,0.7499999999999999,0.28000000000000025,3.2199999999999998,uncertain,6-8,14,False,9,23,7,False,False,True
2,1.75,0.7499999999999999,0.28000000000000025,3.2199999999999998,uncertain,7-2-3-A,13,False,10,23,10,False,False,False
2,1.75,0.7499999999999999,0.28000000000000025,3.2199999999999998,uncertain,7-2-4,13,False,10,23,10,False,False,False
2,1.75,0.7499999999999999,0.28000000000000025,3.2199999999999998,uncertain,7-2-4,13,False,10,23,7,False,False,False
2,1.75,0.7499999999999999,0.28000000000000025,3.2199999999999998,uncertain,7-5-2,14,False,10,24,8,False,False,False
2,1.75,0.7499999999999999,0.28000000000000025,3.2199999999999998,uncertain,7-A-5,13,False,10,23,9,False,False,False
2,1.75,0.7499999999999999,0.28000000000000025,3.2199999999999998,uncertain,8-4,12,False,10,22,A,True,False,True
2,1.75,0.7499999999999999,0.28000000000000025,3.2199999999999998,uncertain,8-6-2,16,False,10,26,10,False,False,False
2,1.75,0.7499999999999999,0.28000000000000025,3.2199999999999998,uncertain,9-3-3,15,False,10,25,7,False,False,False
2,1.75,0.7499999999999999,0.28000000000000025,3.2199999999999998,uncertain,9-6,15,False,10,25,9,True,False,True
2,1.75,0.7499999999999999,0.28000000000000025,3.2199999999999998,uncertain,A-5-6,12,False,10,22,10,False,False,False
2,2.5,0.0,2.5,2.5,uncertain,10-2-2,14,False,8,22,7,False,False,False
2,2.5,0.0,2.5,2.5,uncertain,10-3-A-2,16,False,10,26,10,False,False,False
2,2.5,0.0,2.5,2.5,uncertain,2-4-10,16,False,9,25,A,False,False,False
2,2.5,0.0,2.5,2.5,uncertain,2-4-6,12,False,10,22,3,False,False,False
2,2.5,0.0,2.5,2.5,uncertain,2-4-7,13,False,10,23,8,False,False,False
2,2.5,0.0,2.5,2.5,uncertain,2-5-5,12,False,10,22,2,False,False,False
2,2.5,0.0,2.5,2.5,uncertain,2-6-8,16,False,10,26,9,False,False,False
2,2.5,0.0,2.5,2.5,uncertain,2-6-8,16,False,9,25,10,False,False,False
2,2.5,0.0,2.5,2.5,uncertain,2-8-6,16,False,10,26,10,False,False,False
2,2.5,0.0,2.5,2.5,uncertain,2-A-10,13,False,9,22,7,False,False,False
2,2.5,0.0,2.5,2.5,uncertain,2-A-A-10,14,False,10,24,A,False,False,False
2,2.5,0.0,2.5,2.5,uncertain,3-10-A,14,False,8,22,9,False,False,False
2,2.5,0.0,2.5,2.5,uncertain,3-10-A,14,False,9,23,8,False,False,False
2,2.5,0.0,2.5,2.5,uncertain,3-2-10,15,False,10,25,A,False,False,False
2,2.5,0.0,2.5,2.5,uncertain,3-3-10,16,False,8,24,8,False,False,False
2,2.5,0.0,2.5,2.5,uncertain,3-3-9,15,False,9,24,8,False,False,False
2,2.5,0.0,2.5,2.5,uncertain,3-5-4,12,False,10,22,8,False,False,False
2,2.5,0.0,2.5,2.5,uncertain,3-9-A,13,False,10,23,9,False,False,False
2,2.5,0.0,2.5,2.5,uncertain,3-A-8,12,False,10,22,2,False,False,False
2,2.5,0.0,2.5,2.5,uncertain,4-4-5,13,False,10,23,7,False,False,False
2,2.5,0.0,2.5,2.5,uncertain,5-10-A,16,False,8,24,8,False,False,False
2,2.5,0.0,2.5,2.5,uncertain,6-2-5,13,False,9,22,7,False,False,False
2,2.5,0.0,2.5,2.5,uncertain,6-A-5,12,False,10,22,2,False,False,False
2,2.5,0.0,2.5,2.5,uncertain,7-2-7,16,False,10,26,8,False,False,False
2,2.5,0.0,2.5,2.5,uncertain,7-8,15,False,7,22,A,False,False,True
2,2.5,0.0,2.5,2.5,uncertain,7-8,15,False,8,23,A,False,False,True
2,2.5,0.0,2.5,2.5,uncertain,8-5-2,15,False,9,24,7,False,False,False
2,2.5,0.0,2.5,2.5,uncertain,9-5,14,False,9,23,9,False,False,True
2,2.5,0.0,2.5,2.5,uncertain,9-6,15,False,9,24,8,False,False,True
2,2.5,0.0,2.5,2.5,uncertain,A-3-8-3,15,False,10,25,10,False,False,False
2,2.5,0.0,2.5,2.5,uncertain,A-5-10,16,False,6,22,9,False,False,False
20,0.25,0.2980197803396349,-0.3341187694656844,0.8341187694656844,uncertain,10-2-A,13,False,10,23,10,False,False,False
20,0.325,0.2975226660980727,-0.25814442555222245,0.9081444255522224,uncertain,8-5,13,False,10,23,9,False,False,True
20,0.4000000000000001,0.31539448982270807,-0.21817320005250768,1.0181732000525079,uncertain,10-6,16,False,6,22,A,False,False,True
20,0.4750000000000001,0.29351544386875744,-0.10029026998276447,1.0502902699827645,uncertain,4-9,13,False,10,23,9,False,False,True
20,0.625,0.3241892722014815,-0.010410973514903832,1.2604109735149038,uncertain,10-6,16,False,9,25,7,False,False,True
200,0.0849999999999999,0.08083344126121716,-0.07343354487198574,0.24343354487198554,uncertain,6-10,16,False,10,26,10,False,False,True
200,0.6549999999999999,0.09844200904963611,0.46205366226271316,0.8479463377372867,rescue,2-10,12,False,10,22,10,False,False,True
206,0.5194174757281557,0.09652036651991978,0.33023755734911286,0.7085973941071985,rescue,10-3,13,False,10,23,10,False,False,True
209,0.3181818181818184,0.08805797814493053,0.14558818101775456,0.49077545534588224,rescue,4-10,14,False,10,24,10,False,False,True
21,0.2857142857142857,0.2857142857142857,-0.27428571428571424,0.8457142857142856,uncertain,9-5,14,False,8,22,10,False,False,True
21,0.35714285714285715,0.30304576336566325,-0.23682683905384277,0.951112553339557,uncertain,6-7,13,False,10,23,9,False,False,True
21,0.4285714285714285,0.30135747299612836,-0.16208921850098312,1.0192320756438402,uncertain,10-4-A,15,False,10,25,10,False,False,False
21,0.42857142857142855,0.2830230393736993,-0.12615372860102209,0.9832965857438791,uncertain,5-A-10,16,False,10,26,10,False,False,False
216,0.13194444444444445,0.08017121849548155,-0.025191143806699373,0.28908003269558824,uncertain,10-4,14,False,10,24,10,False,False,True
22,0.11363636363636363,0.25467876842906995,-0.38553402248461344,0.6128067497573407,uncertain,7-9,16,False,7,23,10,False,False,True
22,0.18181818181818182,0.2743458464191897,-0.3558996771634299,0.7195360407997935,uncertain,6-7,13,False,10,23,8,False,False,True
226,0.24336283185840693,0.08321407918370004,0.08026323665835486,0.40646242705845903,rescue,10-5,15,False,10,25,10,False,False,True
23,0.34782608695652173,0.28016578697337535,-0.201298855511294,0.8969510294243375,uncertain,5-10,15,False,10,25,A,False,False,True
23,0.8043478260869564,0.287656351083989,0.240541377962338,1.3681542742115749,uncertain,9-3,12,False,10,22,7,False,False,True
24,0.18750000000000006,0.25504422037722424,-0.31238667193935943,0.6873866719393595,uncertain,10-5-A,16,False,10,26,10,False,False,False
24,0.4375,0.2828307029332904,-0.11684817774924916,0.9918481777492492,uncertain,10-4,14,False,9,23,7,False,False,True
25,0.21999999999999997,0.2467792535850613,-0.2636873370267202,0.7036873370267201,uncertain,4-A-10,15,False,10,25,10,False,False,False
25,0.22000000000000006,0.2615339366124404,-0.2926065157603831,0.7326065157603833,uncertain,2-2-10,14,False,10,24,10,False,False,False
26,0.48076923076923084,0.2752352409663822,-0.058691841524878274,1.02023030306334,uncertain,2-A-10,13,False,10,23,10,False,False,False
3,-0.5,0.0,-0.5,-0.5,uncertain,10-3-2,15,False,9,24,10,False,False,False
3,-0.5,0.0,-0.5,-0.5,uncertain,10-3-3,16,False,9,25,9,False,False,False
3,-0.5,0.0,-0.5,-0.5,uncertain,2-10-2,14,False,10,24,7,False,False,False
3,-0.5,0.0,-0.5,-0.5,uncertain,2-10-2,14,False,10,24,8,False,False,False
3,-0.5,0.0,-0.5,-0.5,uncertain,2-3-10,15,False,7,22,9,False,False,False
3,-0.5,0.0,-0.5,-0.5,uncertain,2-3-A-10,16,False,10,26,10,False,False,False
3,-0.5,0.0,-0.5,-0.5,uncertain,2-4-10,16,False,10,26,9,False,False,False
3,-0.5,0.0,-0.5,-0.5,uncertain,2-4-10,16,False,10,26,A,False,False,False
3,-0.5,0.0,-0.5,-0.5,uncertain,2-4-7,13,False,10,23,10,False,False,False
3,-0.5,0.0,-0.5,-0.5,uncertain,2-4-9,15,False,10,25,10,False,False,False
3,-0.5,0.0,-0.5,-0.5,uncertain,2-5-8,15,False,10,25,7,False,False,False
3,-0.5,0.0,-0.5,-0.5,uncertain,2-5-9,16,False,7,23,10,False,False,False
3,-0.5,0.0,-0.5,-0.5,uncertain,2-7-2-2,13,False,10,23,10,False,False,False
3,-0.5,0.0,-0.5,-0.5,uncertain,2-7-5,14,False,10,24,9,False,False,False
3,-0.5,0.0,-0.5,-0.5,uncertain,2-7-7,16,False,10,26,10,False,False,False
3,-0.5,0.0,-0.5,-0.5,uncertain,2-8-6,16,False,8,24,10,False,False,False
3,-0.5,0.0,-0.5,-0.5,uncertain,2-A-10,13,False,9,22,9,False,False,False
3,-0.5,0.0,-0.5,-0.5,uncertain,3-3-9,15,False,10,25,10,False,False,False
3,-0.5,0.0,-0.5,-0.5,uncertain,3-5-4,12,False,10,22,9,False,False,False
3,-0.5,0.0,-0.5,-0.5,uncertain,3-5-7,15,False,8,23,10,False,False,False
3,-0.5,0.0,-0.5,-0.5,uncertain,3-A-10,14,False,9,23,10,False,False,False
3,-0.5,0.0,-0.5,-0.5,uncertain,4-10-2,16,False,8,24,7,False,False,False
3,-0.5,0.0,-0.5,-0.5,uncertain,4-10-2,16,False,8,24,A,False,False,False
3,-0.5,0.0,-0.5,-0.5,uncertain,4-10-A,15,False,9,24,8,False,False,False
3,-0.5,0.0,-0.5,-0.5,uncertain,4-3-8,15,False,10,25,10,False,False,False
3,-0.5,0.0,-0.5,-0.5,uncertain,4-5-3,12,False,10,22,10,False,False,False
3,-0.5,0.0,-0.5,-0.5,uncertain,4-5-6,15,False,10,25,10,False,False,False
3,-0.5,0.0,-0.5,-0.5,uncertain,4-6-5,15,False,9,24,10,False,False,False
3,-0.5,0.0,-0.5,-0.5,uncertain,4-8-2,14,False,10,24,10,False,False,False
3,-0.5,0.0,-0.5,-0.5,uncertain,4-8-2,14,False,10,24,8,False,False,False
3,-0.5,0.0,-0.5,-0.5,uncertain,4-8-2,14,False,10,24,A,False,False,False
3,-0.5,0.0,-0.5,-0.5,uncertain,4-8-2,14,False,9,23,10,False,False,False
3,-0.5,0.0,-0.5,-0.5,uncertain,4-A-10,15,False,7,22,7,False,False,False
3,-0.5,0.0,-0.5,-0.5,uncertain,5-10-A,16,False,6,22,8,False,False,False
3,-0.5,0.0,-0.5,-0.5,uncertain,5-2-9,16,False,8,24,10,False,False,False
3,-0.5,0.0,-0.5,-0.5,uncertain,5-3-7,15,False,10,25,10,False,False,False
3,-0.5,0.0,-0.5,-0.5,uncertain,5-3-7,15,False,9,24,10,False,False,False
3,-0.5,0.0,-0.5,-0.5,uncertain,5-4-3,12,False,10,22,7,False,False,False
3,-0.5,0.0,-0.5,-0.5,uncertain,5-4-7,16,False,9,25,10,False,False,False
3,-0.5,0.0,-0.5,-0.5,uncertain,5-5-3-A,14,False,9,23,10,False,False,False
3,-0.5,0.0,-0.5,-0.5,uncertain,5-8,13,False,9,22,A,False,False,True
3,-0.5,0.0,-0.5,-0.5,uncertain,5-A-10,16,False,7,23,10,False,False,False
3,-0.5,0.0,-0.5,-0.5,uncertain,5-A-10,16,False,8,24,10,False,False,False
3,-0.5,0.0,-0.5,-0.5,uncertain,5-A-7,13,False,10,23,10,False,False,False
3,-0.5,0.0,-0.5,-0.5,uncertain,5-A-9,15,False,10,25,10,False,False,False
3,-0.5,0.0,-0.5,-0.5,uncertain,6-2-4,12,False,10,22,8,False,False,False
3,-0.5,0.0,-0.5,-0.5,uncertain,6-4-3,13,False,10,23,A,False,False,False
3,-0.5,0.0,-0.5,-0.5,uncertain,6-8,14,False,8,22,8,False,False,True
3,-0.5,0.0,-0.5,-0.5,uncertain,6-8-A,15,False,7,22,10,False,False,False
3,-0.5,0.0,-0.5,-0.5,uncertain,6-A-7,14,False,8,22,10,False,False,False
3,-0.5,0.0,-0.5,-0.5,uncertain,6-A-9,16,False,6,22,10,False,False,False
3,-0.5,0.0,-0.5,-0.5,uncertain,7-3-2,12,False,10,22,10,False,False,False
3,-0.5,0.0,-0.5,-0.5,uncertain,7-5-A,13,False,10,23,7,False,False,False
3,-0.5,0.0,-0.5,-0.5,uncertain,7-6-3,16,False,10,26,9,False,False,False
3,-0.5,0.0,-0.5,-0.5,uncertain,7-6-A,14,False,10,24,10,False,False,False
3,-0.5,0.0,-0.5,-0.5,uncertain,7-7-2,16,False,10,26,8,False,False,False
3,-0.5,0.0,-0.5,-0.5,uncertain,7-7-2,16,False,6,22,10,False,False,False
3,-0.5,0.0,-0.5,-0.5,uncertain,7-8,15,False,8,23,9,False,False,True
3,-0.5,0.0,-0.5,-0.5,uncertain,7-8-A,16,False,7,23,7,False,False,False
3,-0.5,0.0,-0.5,-0.5,uncertain,7-9,16,False,7,23,7,True,False,True
3,-0.5,0.0,-0.5,-0.5,uncertain,7-9,16,False,8,24,8,False,False,True
3,-0.5,0.0,-0.5,-0.5,uncertain,8-2-6,16,False,10,26,10,False,False,False
3,-0.5,0.0,-0.5,-0.5,uncertain,8-4-2,14,False,10,24,10,False,False,False
3,-0.5,0.0,-0.5,-0.5,uncertain,8-4-2,14,False,8,22,8,False,False,False
3,-0.5,0.0,-0.5,-0.5,uncertain,8-4-3,15,False,10,25,A,False,False,False
3,-0.5,0.0,-0.5,-0.5,uncertain,8-4-4,16,False,10,26,9,False,False,False
3,-0.5,0.0,-0.5,-0.5,uncertain,8-5,13,False,9,22,A,False,False,True
3,-0.5,0.0,-0.5,-0.5,uncertain,8-5-2,15,False,10,25,9,False,False,False
3,-0.5,0.0,-0.5,-0.5,uncertain,8-6,14,False,10,24,A,True,False,True
3,-0.5,0.0,-0.5,-0.5,uncertain,8-6,14,False,8,22,A,False,False,True
3,-0.5,0.0,-0.5,-0.5,uncertain,8-7,15,False,7,22,7,False,False,True
3,-0.5,0.0,-0.5,-0.5,uncertain,9-5,14,False,9,23,8,True,False,True
3,-0.5,0.0,-0.5,-0.5,uncertain,9-6,15,False,8,23,8,False,False,True
3,-0.5,0.0,-0.5,-0.5,uncertain,9-6-A,16,False,10,26,10,False,False,False
3,-0.5,0.0,-0.5,-0.5,uncertain,9-7,16,False,7,23,9,False,False,True
3,-0.5,0.0,-0.5,-0.5,uncertain,A-2-9,12,False,10,22,10,False,False,False
3,-0.5,0.0,-0.5,-0.5,uncertain,A-3-10,14,False,8,22,A,False,False,False
3,-0.5,0.0,-0.5,-0.5,uncertain,A-3-4-8,16,False,10,26,10,False,False,False
3,-0.5,0.0,-0.5,-0.5,uncertain,A-3-9,13,False,10,23,8,False,False,False
3,-0.5,0.0,-0.5,-0.5,uncertain,A-4-7,12,False,10,22,9,False,False,False
3,-0.5,0.0,-0.5,-0.5,uncertain,A-5-10,16,False,9,25,10,False,False,False
3,0.0,0.5,-0.98,0.98,uncertain,10-2-3,15,False,7,22,10,False,False,False
3,0.0,0.5,-0.98,0.98,uncertain,10-3-3,16,False,6,22,10,False,False,False
3,0.0,0.5,-0.98,0.98,uncertain,10-3-A,14,False,10,24,9,False,False,False
3,0.0,0.5,-0.98,0.98,uncertain,10-5-A,16,False,7,23,10,False,False,False
3,0.0,0.5,-0.98,0.98,uncertain,2-10-4,16,False,8,24,7,False,False,False
3,0.0,0.5,-0.98,0.98,uncertain,2-3-10,15,False,10,25,9,False,False,False
3,0.0,0.5,-0.98,0.98,uncertain,2-4-9,15,False,9,24,10,False,False,False
3,0.0,0.5,-0.98,0.98,uncertain,2-5-9,16,False,10,26,9,False,False,False
3,0.0,0.5,-0.98,0.98,uncertain,2-A-10,13,False,9,22,10,False,False,False
3,0.0,0.5,-0.98,0.98,uncertain,3-10-2-A,16,False,10,26,10,False,False,False
3,0.0,0.5,-0.98,0.98,uncertain,4-10-2,16,False,9,25,8,False,False,False
3,0.0,0.5,-0.98,0.98,uncertain,4-10-A,15,False,9,24,10,False,False,False
3,0.0,0.5,-0.98,0.98,uncertain,4-3-8,15,False,10,25,9,False,False,False
3,0.0,0.5,-0.98,0.98,uncertain,4-9-3,16,False,10,26,7,False,False,False
3,0.0,0.5,-0.98,0.98,uncertain,5-2-8,15,False,10,25,10,False,False,False
3,0.0,0.5,-0.98,0.98,uncertain,6-3-6,15,False,7,22,10,False,False,False
3,0.0,0.5,-0.98,0.98,uncertain,6-7-A,14,False,10,24,10,False,False,False
3,0.0,0.5,-0.98,0.98,uncertain,6-A-9,16,False,9,25,9,False,False,False
3,0.0,0.5,-0.98,0.98,uncertain,7-2-7,16,False,10,26,10,False,False,False
3,0.0,0.5,-0.98,0.98,uncertain,7-8,15,False,9,24,8,False,False,True
3,0.0,0.5,-0.98,0.98,uncertain,7-8,15,False,9,24,A,False,False,True
3,0.0,0.5,-0.98,0.98,uncertain,8-4,12,False,10,22,9,True,False,True
3,0.0,0.5,-0.98,0.98,uncertain,8-4-2,14,False,10,24,8,False,False,False
3,0.0,0.5,-0.98,0.98,uncertain,8-6,14,False,10,24,8,True,False,True
3,0.0,0.5,-0.98,0.98,uncertain,9-5-A,15,False,10,25,10,False,False,False
3,0.0,0.5,-0.98,0.98,uncertain,A-3-10,14,False,10,24,8,False,False,False
3,0.0,0.5,-0.98,0.98,uncertain,A-3-2-10,16,False,10,26,10,False,False,False
3,0.0,0.5,-0.98,0.98,uncertain,A-5-10,16,False,10,26,A,False,False,False
3,0.5,0.5,-0.48,1.48,uncertain,4-6-4,14,False,8,22,10,False,False,False
3,0.5,0.5,-0.48,1.48,uncertain,9-4-2,15,False,10,25,10,False,False,False
3,0.5,1.0,-1.46,2.46,uncertain,10-2-2,14,False,10,24,7,False,False,False
3,0.5,1.0,-1.46,2.46,uncertain,10-2-3,15,False,10,25,7,False,False,False
3,0.5,1.0,-1.46,2.46,uncertain,10-2-3,15,False,10,25,8,False,False,False
3,0.5,1.0,-1.46,2.46,uncertain,10-2-3,15,False,9,24,7,False,False,False
3,0.5,1.0,-1.46,2.46,uncertain,10-2-4,16,False,6,22,10,False,False,False
3,0.5,1.0,-1.46,2.46,uncertain,10-2-4,16,False,9,25,A,False,False,False
3,0.5,1.0,-1.46,2.46,uncertain,10-3-2,15,False,7,22,7,False,False,False
3,0.5,1.0,-1.46,2.46,uncertain,10-3-2-A,16,False,10,26,10,False,False,False
3,0.5,1.0,-1.46,2.46,uncertain,10-3-3,16,False,7,23,10,False,False,False
3,0.5,1.0,-1.46,2.46,uncertain,10-4-2,16,False,6,22,8,False,False,False
3,0.5,1.0,-1.46,2.46,uncertain,2-10-3,15,False,8,23,10,False,False,False
3,0.5,1.0,-1.46,2.46,uncertain,2-10-3,15,False,8,23,7,False,False,False
3,0.5,1.0,-1.46,2.46,uncertain,2-10-3,15,False,8,23,A,False,False,False
3,0.5,1.0,-1.46,2.46,uncertain,2-10-3-A,16,False,10,26,10,False,False,False
3,0.5,1.0,-1.46,2.46,uncertain,2-10-4,16,False,8,24,10,False,False,False
3,0.5,1.0,-1.46,2.46,uncertain,2-2-9,13,False,10,23,10,False,False,False
3,0.5,1.0,-1.46,2.46,uncertain,2-3-10,15,False,9,24,10,False,False,False
3,0.5,1.0,-1.46,2.46,uncertain,2-4-10,16,False,10,26,7,False,False,False
3,0.5,1.0,-1.46,2.46,uncertain,2-4-10,16,False,10,26,8,False,False,False
3,0.5,1.0,-1.46,2.46,uncertain,2-4-10,16,False,7,23,10,False,False,False
3,0.5,1.0,-1.46,2.46,uncertain,2-4-9,15,False,8,23,10,False,False,False
3,0.5,1.0,-1.46,2.46,uncertain,2-5-7,14,False,10,24,10,False,False,False
3,0.5,1.0,-1.46,2.46,uncertain,2-7-4,13,False,9,22,10,False,False,False
3,0.5,1.0,-1.46,2.46,uncertain,3-3-10,16,False,7,23,9,False,False,False
3,0.5,1.0,-1.46,2.46,uncertain,3-5-5,13,False,9,22,8,False,False,False
3,0.5,1.0,-1.46,2.46,uncertain,3-6-3,12,False,10,22,2,False,False,False
3,0.5,1.0,-1.46,2.46,uncertain,3-6-6,15,False,8,23,10,False,False,False
3,0.5,1.0,-1.46,2.46,uncertain,3-7-4,14,False,10,24,10,False,False,False
3,0.5,1.0,-1.46,2.46,uncertain,3-9-2,14,False,10,24,8,False,False,False
3,0.5,1.0,-1.46,2.46,uncertain,3-9-3,15,False,10,25,7,False,False,False
3,0.5,1.0,-1.46,2.46,uncertain,3-9-A,13,False,10,23,10,False,False,False
3,0.5,1.0,-1.46,2.46,uncertain,4-10-2,16,False,7,23,10,False,False,False
3,0.5,1.0,-1.46,2.46,uncertain,4-10-2,16,False,8,24,10,False,False,False
3,0.5,1.0,-1.46,2.46,uncertain,4-10-2,16,False,9,25,7,False,False,False
3,0.5,1.0,-1.46,2.46,uncertain,4-10-A,15,False,10,25,8,False,False,False
3,0.5,1.0,-1.46,2.46,uncertain,4-2-10,16,False,6,22,7,False,False,False
3,0.5,1.0,-1.46,2.46,uncertain,4-2-9,15,False,10,25,8,False,False,False
3,0.5,1.0,-1.46,2.46,uncertain,4-4-7,15,False,10,25,10,False,False,False
3,0.5,1.0,-1.46,2.46,uncertain,4-5-5,14,False,10,24,10,False,False,False
3,0.5,1.0,-1.46,2.46,uncertain,4-6-4,14,False,10,24,10,False,False,False
3,0.5,1.0,-1.46,2.46,uncertain,4-8-3,15,False,10,25,7,False,False,False
3,0.5,1.0,-1.46,2.46,uncertain,4-9,13,False,9,22,9,False,False,True
3,0.5,1.0,-1.46,2.46,uncertain,4-9-A,14,False,8,22,10,False,False,False
3,0.5,1.0,-1.46,2.46,uncertain,4-A-10,15,False,9,24,10,False,False,False
3,0.5,1.0,-1.46,2.46,uncertain,4-A-8,13,False,10,23,8,False,False,False
3,0.5,1.0,-1.46,2.46,uncertain,5-10-A,16,False,8,24,10,False,False,False
3,0.5,1.0,-1.46,2.46,uncertain,5-3-8,16,False,6,22,10,False,False,False
3,0.5,1.0,-1.46,2.46,uncertain,5-4-5,14,False,10,24,10,False,False,False
3,0.5,1.0,-1.46,2.46,uncertain,5-5-6,16,False,6,22,10,False,False,False
3,0.5,1.0,-1.46,2.46,uncertain,5-8-2,15,False,10,25,10,False,False,False
3,0.5,1.0,-1.46,2.46,uncertain,5-9,14,False,8,22,A,False,False,True
3,0.5,1.0,-1.46,2.46,uncertain,5-A-10,16,False,6,22,9,False,False,False
3,0.5,1.0,-1.46,2.46,uncertain,6-3-3,12,False,10,22,10,False,False,False
3,0.5,1.0,-1.46,2.46,uncertain,6-3-4,13,False,10,23,10,False,False,False
3,0.5,1.0,-1.46,2.46,uncertain,6-3-5,14,False,10,24,9,False,False,False
3,0.5,1.0,-1.46,2.46,uncertain,6-4-5,15,False,10,25,A,False,False,False
3,0.5,1.0,-1.46,2.46,uncertain,6-6-3,15,False,10,25,9,False,False,False
3,0.5,1.0,-1.46,2.46,uncertain,6-6-4,16,False,7,23,10,False,False,False
3,0.5,1.0,-1.46,2.46,uncertain,6-7,13,False,9,22,A,False,False,True
3,0.5,1.0,-1.46,2.46,uncertain,6-8,14,False,8,22,7,False,False,True
3,0.5,1.0,-1.46,2.46,uncertain,6-8-2,16,False,10,26,10,False,False,False
3,0.5,1.0,-1.46,2.46,uncertain,6-9,15,False,7,22,A,False,False,True
3,0.5,1.0,-1.46,2.46,uncertain,7-5-4,16,False,10,26,9,False,False,False
3,0.5,1.0,-1.46,2.46,uncertain,7-7-2,16,False,10,26,9,False,False,False
3,0.5,1.0,-1.46,2.46,uncertain,7-8,15,False,9,24,7,False,False,True
3,0.5,1.0,-1.46,2.46,uncertain,7-8-A,16,False,10,26,10,False,False,False
3,0.5,1.0,-1.46,2.46,uncertain,7-8-A,16,False,10,26,7,False,False,False
3,0.5,1.0,-1.46,2.46,uncertain,7-A-4,12,False,10,22,10,False,False,False
3,0.5,1.0,-1.46,2.46,uncertain,7-A-6,14,False,10,24,10,False,False,False
3,0.5,1.0,-1.46,2.46,uncertain,7-A-6,14,False,10,24,9,False,False,False
3,0.5,1.0,-1.46,2.46,uncertain,8-2-2,12,False,10,22,10,False,False,False
3,0.5,1.0,-1.46,2.46,uncertain,8-4-2,14,False,10,24,7,False,False,False
3,0.5,1.0,-1.46,2.46,uncertain,8-4-3,15,False,10,25,10,False,False,False
3,0.5,1.0,-1.46,2.46,uncertain,8-4-4,16,False,10,26,10,False,False,False
3,0.5,1.0,-1.46,2.46,uncertain,8-5,13,False,10,23,A,True,False,True
3,0.5,1.0,-1.46,2.46,uncertain,8-5,13,False,9,22,7,False,False,True
3,0.5,1.0,-1.46,2.46,uncertain,8-5-3,16,False,10,26,10,False,False,False
3,0.5,1.0,-1.46,2.46,uncertain,8-6,14,False,10,24,9,True,False,True
3,0.5,1.0,-1.46,2.46,uncertain,8-6,14,False,9,23,8,False,False,True
3,0.5,1.0,-1.46,2.46,uncertain,8-6-2,16,False,8,24,10,False,False,False
3,0.5,1.0,-1.46,2.46,uncertain,9-3-3,15,False,9,24,10,False,False,False
3,0.5,1.0,-1.46,2.46,uncertain,9-3-4,16,False,10,26,10,False,False,False
3,0.5,1.0,-1.46,2.46,uncertain,9-5-2,16,False,10,26,10,False,False,False
3,0.5,1.0,-1.46,2.46,uncertain,9-7,16,False,6,22,7,False,False,True
3,0.5,1.0,-1.46,2.46,uncertain,A-2-10,13,False,10,23,A,False,False,False
3,0.5,1.0,-1.46,2.46,uncertain,A-3-10,14,False,9,23,9,False,False,False
3,0.5,1.0,-1.46,2.46,uncertain,A-4-10,15,False,9,24,10,False,False,False
3,0.5,1.0,-1.46,2.46,uncertain,A-4-7,12,False,10,22,2,False,False,False
3,0.5,1.0,-1.46,2.46,uncertain,A-4-7,12,False,10,22,8,False,False,False
3,0.5,1.0,-1.46,2.46,uncertain,A-5-7,13,False,10,23,10,False,False,False
3,0.5,1.0,-1.46,2.46,uncertain,A-5-7,13,False,9,22,10,False,False,False
3,1.0,0.8660254037844387,-0.6974097914174999,2.6974097914175,uncertain,10-3-2,15,False,10,25,A,False,False,False
3,1.0,0.8660254037844387,-0.6974097914174999,2.6974097914175,uncertain,2-10-A-3,16,False,10,26,10,False,False,False
3,1.0,0.8660254037844387,-0.6974097914174999,2.6974097914175,uncertain,2-5-8,15,False,10,25,10,False,False,False
3,1.0,0.8660254037844387,-0.6974097914174999,2.6974097914175,uncertain,3-10-3,16,False,6,22,7,False,False,False
3,1.0,0.8660254037844387,-0.6974097914174999,2.6974097914175,uncertain,3-10-3,16,False,9,25,10,False,False,False
3,1.0,0.8660254037844387,-0.6974097914174999,2.6974097914175,uncertain,3-2-10,15,False,8,23,10,False,False,False
3,1.0,0.8660254037844387,-0.6974097914174999,2.6974097914175,uncertain,3-5-6,14,False,10,24,8,False,False,False
3,1.0,0.8660254037844387,-0.6974097914174999,2.6974097914175,uncertain,3-6-6,15,False,10,25,9,False,False,False
3,1.0,0.8660254037844387,-0.6974097914174999,2.6974097914175,uncertain,3-A-10,14,False,10,24,9,False,False,False
3,1.0,0.8660254037844387,-0.6974097914174999,2.6974097914175,uncertain,4-3-8,15,False,10,25,7,False,False,False
3,1.0,0.8660254037844387,-0.6974097914174999,2.6974097914175,uncertain,4-5-3,12,False,10,22,2,False,False,False
3,1.0,0.8660254037844387,-0.6974097914174999,2.6974097914175,uncertain,4-6-5,15,False,10,25,10,False,False,False
3,1.0,0.8660254037844387,-0.6974097914174999,2.6974097914175,uncertain,5-3-4,12,False,10,22,10,False,False,False
3,1.0,0.8660254037844387,-0.6974097914174999,2.6974097914175,uncertain,5-4-6,15,False,10,25,10,False,False,False
3,1.0,0.8660254037844387,-0.6974097914174999,2.6974097914175,uncertain,5-8-A,14,False,10,24,10,False,False,False
3,1.0,0.8660254037844387,-0.6974097914174999,2.6974097914175,uncertain,5-9-A,15,False,10,25,10,False,False,False
3,1.0,0.8660254037844387,-0.6974097914174999,2.6974097914175,uncertain,6-6-2,14,False,10,24,7,False,False,False
3,1.0,0.8660254037844387,-0.6974097914174999,2.6974097914175,uncertain,7-7,14,False,9,23,A,False,False,True
3,1.0,0.8660254037844387,-0.6974097914174999,2.6974097914175,uncertain,9-4-3,16,False,8,24,10,False,False,False
3,1.5,1.0,-0.45999999999999996,3.46,uncertain,10-2-4,16,False,10,26,7,False,False,False
3,1.5,1.0,-0.45999999999999996,3.46,uncertain,10-5-A,16,False,10,26,8,False,False,False
3,1.5,1.0,-0.45999999999999996,3.46,uncertain,10-5-A,16,False,9,25,7,False,False,False
3,1.5,1.0,-0.45999999999999996,3.46,uncertain,2-10-A,13,False,9,22,7,False,False,False
3,1.5,1.0,-0.45999999999999996,3.46,uncertain,2-3-10,15,False,8,23,7,False,False,False
3,1.5,1.0,-0.45999999999999996,3.46,uncertain,2-6-7,15,False,9,24,10,False,False,False
3,1.5,1.0,-0.45999999999999996,3.46,uncertain,2-7-6,15,False,10,25,10,False,False,False
3,1.5,1.0,-0.45999999999999996,3.46,uncertain,2-7-6,15,False,8,23,10,False,False,False
3,1.5,1.0,-0.45999999999999996,3.46,uncertain,3-10-3,16,False,6,22,10,False,False,False
3,1.5,1.0,-0.45999999999999996,3.46,uncertain,3-6-5,14,False,9,23,10,False,False,False
3,1.5,1.0,-0.45999999999999996,3.46,uncertain,4-4-4,12,False,10,22,10,False,False,False
3,1.5,1.0,-0.45999999999999996,3.46,uncertain,4-8-3,15,False,10,25,10,False,False,False
3,1.5,1.0,-0.45999999999999996,3.46,uncertain,4-9,13,False,9,22,A,False,False,True
3,1.5,1.0,-0.45999999999999996,3.46,uncertain,5-10-A,16,False,9,25,7,False,False,False
3,1.5,1.0,-0.45999999999999996,3.46,uncertain,5-7-A,13,False,10,23,10,False,False,False
3,1.5,1.0,-0.45999999999999996,3.46,uncertain,6-6-A,13,False,10,23,7,False,False,False
3,1.5,1.0,-0.45999999999999996,3.46,uncertain,6-6-A,13,False,10,23,A,False,False,False
3,1.5,1.0,-0.45999999999999996,3.46,uncertain,6-9,15,False,9,24,7,False,False,True
3,1.5,1.0,-0.45999999999999996,3.46,uncertain,6-A-9,16,False,10,26,10,False,False,False
3,1.5,1.0,-0.45999999999999996,3.46,uncertain,7-5-A,13,False,10,23,10,False,False,False
3,1.5,1.0,-0.45999999999999996,3.46,uncertain,7-6,13,False,9,22,7,False,False,True
3,1.5,1.0,-0.45999999999999996,3.46,uncertain,7-8,15,False,7,22,7,False,False,True
3,1.5,1.0,-0.45999999999999996,3.46,uncertain,7-9,16,False,6,22,7,False,False,True
3,1.5,1.0,-0.45999999999999996,3.46,uncertain,7-9,16,False,8,24,A,False,False,True
3,1.5,1.0,-0.45999999999999996,3.46,uncertain,7-A-8,16,False,10,26,10,False,False,False
3,1.5,1.0,-0.45999999999999996,3.46,uncertain,8-2-3,13,False,10,23,A,False,False,False
3,1.5,1.0,-0.45999999999999996,3.46,uncertain,8-4,12,False,10,22,2,True,False,True
3,1.5,1.0,-0.45999999999999996,3.46,uncertain,8-4,12,False,10,22,7,True,False,True
3,1.5,1.0,-0.45999999999999996,3.46,uncertain,8-5-A,14,False,10,24,10,False,False,False
3,1.5,1.0,-0.45999999999999996,3.46,uncertain,9-4,13,False,10,23,9,True,False,True
3,1.5,1.0,-0.45999999999999996,3.46,uncertain,9-5,14,False,8,22,7,False,False,True
3,1.5,1.0,-0.45999999999999996,3.46,uncertain,9-6-A,16,False,9,25,10,False,False,False
3,1.5,1.0,-0.45999999999999996,3.46,uncertain,9-7,16,False,6,22,9,False,False,True
3,1.5,1.0,-0.45999999999999996,3.46,uncertain,A-4-10,15,False,10,25,8,False,False,False
3,1.5,1.0,-0.45999999999999996,3.46,uncertain,A-5-10,16,False,9,25,8,False,False,False
3,2.0,0.5,1.02,2.98,uncertain,10-2-A,13,False,10,23,9,False,False,False
3,2.0,0.5,1.02,2.98,uncertain,10-2-A,13,False,9,22,10,False,False,False
3,2.0,0.5,1.02,2.98,uncertain,6-7,13,False,9,22,9,False,False,True
3,2.0,0.5,1.02,2.98,uncertain,9-5,14,False,8,22,9,False,False,True
3,2.0,0.5,1.02,2.98,uncertain,A-4-7,12,False,10,22,7,False,False,False
3,2.5,0.0,2.5,2.5,uncertain,2-2-10,14,False,10,24,A,False,False,False
31,0.3709677419354839,0.24861740474835736,-0.11632237137129653,0.8582578552422643,uncertain,10-6,16,False,10,26,A,False,False,True
32,0.578125,0.25410875144410877,0.0800718471695468,1.0761781528304533,rescue,10-2,12,False,10,22,A,False,False,True
33,0.36363636363636365,0.22641885051330995,-0.08014458336972385,0.8074173106424511,uncertain,10-3,13,False,10,23,A,False,False,True
35,0.27142857142857135,0.21629311844169727,-0.15250594071715529,0.695363083574298,uncertain,6-10,16,False,10,26,A,False,False,True
35,0.3571428571428571,0.21554253277108293,-0.06532050708846543,0.7796062213741797,uncertain,3-10,13,False,10,23,A,False,False,True
38,0.24999999999999997,0.202008055836999,-0.14593578944051802,0.645935789440518,uncertain,4-10,14,False,10,24,A,False,False,True
38,0.7236842105263158,0.23226371344264407,0.26844733217873346,1.1789210888738981,rescue,10-5,15,False,10,25,A,False,False,True
39,0.23076923076923078,0.1976977424858274,-0.15671834450299088,0.6182568060414524,uncertain,9-6,15,False,10,25,10,False,False,True
39,0.3461538461538461,0.197106126967358,-0.04017416270217555,0.7324818550098677,uncertain,5-9,14,False,10,24,10,False,False,True
39,0.4615384615384616,0.21685444114724012,0.03650375688987101,0.8865731661870522,rescue,10-6,16,False,10,26,9,False,False,True
39,0.5769230769230769,0.2200619940398693,0.145601568604933,1.0082445852412207,rescue,10-4,14,False,10,24,A,False,False,True
4,-0.125,0.375,-0.86,0.61,uncertain,2-3-10,15,False,7,22,7,False,False,False
4,-0.125,0.375,-0.86,0.61,uncertain,2-8-2,12,False,10,22,10,False,False,False
4,-0.125,0.375,-0.86,0.61,uncertain,4-10-2,16,False,6,22,9,False,False,False
4,-0.125,0.375,-0.86,0.61,uncertain,4-4-5,13,False,9,22,10,False,False,False
4,-0.125,0.375,-0.86,0.61,uncertain,5-3-6,14,False,10,24,10,False,False,False
4,-0.125,0.375,-0.86,0.61,uncertain,5-9,14,False,8,22,7,False,False,True
4,-0.125,0.375,-0.86,0.61,uncertain,5-A-10,16,False,10,26,9,False,False,False
4,-0.125,0.375,-0.86,0.61,uncertain,6-2-7,15,False,10,25,10,False,False,False
4,-0.125,0.375,-0.86,0.61,uncertain,7-3-6,16,False,10,26,10,False,False,False
4,-0.125,0.375,-0.86,0.61,uncertain,8-2-5,15,False,10,25,10,False,False,False
4,-0.125,0.375,-0.86,0.61,uncertain,8-2-5,15,False,9,24,10,False,False,False
4,-0.125,0.375,-0.86,0.61,uncertain,8-4,12,False,10,22,8,True,False,True
4,-0.125,0.375,-0.86,0.61,uncertain,A-3-10,14,False,10,24,9,False,False,False
4,-0.125,0.375,-0.86,0.61,uncertain,A-7-7,15,False,10,25,10,False,False,False
4,-0.5,0.0,-0.5,-0.5,uncertain,10-2-3,15,False,9,24,10,False,False,False
4,-0.5,0.0,-0.5,-0.5,uncertain,10-3-3,16,False,10,26,8,False,False,False
4,-0.5,0.0,-0.5,-0.5,uncertain,10-3-A,14,False,10,24,7,False,False,False
4,-0.5,0.0,-0.5,-0.5,uncertain,2-10-3,15,False,10,25,7,False,False,False
4,-0.5,0.0,-0.5,-0.5,uncertain,2-10-4,16,False,7,23,10,False,False,False
4,-0.5,0.0,-0.5,-0.5,uncertain,2-3-10,15,False,10,25,8,False,False,False
4,-0.5,0.0,-0.5,-0.5,uncertain,2-5-7,14,False,8,22,10,False,False,False
4,-0.5,0.0,-0.5,-0.5,uncertain,3-10-2,15,False,8,23,10,False,False,False
4,-0.5,0.0,-0.5,-0.5,uncertain,3-10-A,14,False,9,23,7,False,False,False
4,-0.5,0.0,-0.5,-0.5,uncertain,3-2-7,12,False,10,22,10,False,False,False
4,-0.5,0.0,-0.5,-0.5,uncertain,4-10-A,15,False,10,25,A,False,False,False
4,-0.5,0.0,-0.5,-0.5,uncertain,5-10-A,16,False,10,26,9,False,False,False
4,-0.5,0.0,-0.5,-0.5,uncertain,5-3-8,16,False,8,24,10,False,False,False
4,-0.5,0.0,-0.5,-0.5,uncertain,5-A-9,15,False,7,22,10,False,False,False
4,-0.5,0.0,-0.5,-0.5,uncertain,6-4-2,12,False,10,22,10,False,False,False
4,-0.5,0.0,-0.5,-0.5,uncertain,6-7-2,15,False,8,23,10,False,False,False
4,-0.5,0.0,-0.5,-0.5,uncertain,6-8,14,False,8,22,A,False,False,True
4,-0.5,0.0,-0.5,-0.5,uncertain,6-8-A,15,False,10,25,10,False,False,False
4,-0.5,0.0,-0.5,-0.5,uncertain,6-9,15,False,9,24,A,False,False,True
4,-0.5,0.0,-0.5,-0.5,uncertain,6-A-5,12,False,10,22,10,False,False,False
4,-0.5,0.0,-0.5,-0.5,uncertain,7-2-5,14,False,10,24,8,False,False,False
4,-0.5,0.0,-0.5,-0.5,uncertain,8-4-3,15,False,9,24,10,False,False,False
4,-0.5,0.0,-0.5,-0.5,uncertain,8-5,13,False,10,23,9,True,False,True
4,-0.5,0.0,-0.5,-0.5,uncertain,8-6,14,False,9,23,10,False,False,True
4,-0.5,0.0,-0.5,-0.5,uncertain,9-3-2,14,False,10,24,10,False,False,False
4,-0.5,0.0,-0.5,-0.5,uncertain,9-3-3,15,False,10,25,10,False,False,False
4,-0.5,0.0,-0.5,-0.5,uncertain,9-6,15,False,7,22,7,False,False,True
4,-0.5,0.0,-0.5,-0.5,uncertain,A-3-10,14,False,10,24,A,False,False,False
4,-0.5,0.0,-0.5,-0.5,uncertain,A-5-8,14,False,10,24,10,False,False,False
4,-0.5,0.0,-0.5,-0.5,uncertain,A-6-6,13,False,9,22,10,False,False,False
4,-0.5,0.0,-0.5,-0.5,uncertain,A-6-8,15,False,10,25,10,False,False,False
4,-0.5,0.0,-0.5,-0.5,uncertain,A-7-8,16,False,10,26,10,False,False,False
4,0.25,0.4330127018922193,-0.5987048957087499,1.09870489570875,uncertain,4-4-8,16,False,10,26,10,False,False,False
4,0.25,0.75,-1.22,1.72,uncertain,10-2-4,16,False,10,26,8,False,False,False
4,0.25,0.75,-1.22,1.72,uncertain,10-2-4,16,False,7,23,10,False,False,False
4,0.25,0.75,-1.22,1.72,uncertain,10-3-2,15,False,10,25,8,False,False,False
4,0.25,0.75,-1.22,1.72,uncertain,10-3-2,15,False,10,25,9,False,False,False
4,0.25,0.75,-1.22,1.72,uncertain,10-4-A,15,False,10,25,7,False,False,False
4,0.25,0.75,-1.22,1.72,uncertain,10-4-A,15,False,8,23,10,False,False,False
4,0.25,0.75,-1.22,1.72,uncertain,2-10-2,14,False,9,23,10,False,False,False
4,0.25,0.75,-1.22,1.72,uncertain,2-10-3,15,False,9,24,10,False,False,False
4,0.25,0.75,-1.22,1.72,uncertain,2-2-10,14,False,8,22,10,False,False,False
4,0.25,0.75,-1.22,1.72,uncertain,2-2-10,14,False,8,22,8,False,False,False
4,0.25,0.75,-1.22,1.72,uncertain,2-3-7,12,False,10,22,10,False,False,False
4,0.25,0.75,-1.22,1.72,uncertain,2-3-9,14,False,10,24,10,False,False,False
4,0.25,0.75,-1.22,1.72,uncertain,2-5-6-2,15,False,10,25,10,False,False,False
4,0.25,0.75,-1.22,1.72,uncertain,3-10-2,15,False,10,25,8,False,False,False
4,0.25,0.75,-1.22,1.72,uncertain,3-10-2,15,False,10,25,A,False,False,False
4,0.25,0.75,-1.22,1.72,uncertain,3-10-3,16,False,8,24,9,False,False,False
4,0.25,0.75,-1.22,1.72,uncertain,3-10-A,14,False,8,22,10,False,False,False
4,0.25,0.75,-1.22,1.72,uncertain,3-3-10,16,False,10,26,8,False,False,False
4,0.25,0.75,-1.22,1.72,uncertain,3-3-10,16,False,10,26,A,False,False,False
4,0.25,0.75,-1.22,1.72,uncertain,3-3-7,13,False,10,23,10,False,False,False
4,0.25,0.75,-1.22,1.72,uncertain,3-4-7,14,False,10,24,10,False,False,False
4,0.25,0.75,-1.22,1.72,uncertain,3-4-8,15,False,10,25,7,False,False,False
4,0.25,0.75,-1.22,1.72,uncertain,3-5-8,16,False,8,24,10,False,False,False
4,0.25,0.75,-1.22,1.72,uncertain,3-6-6,15,False,10,25,10,False,False,False
4,0.25,0.75,-1.22,1.72,uncertain,4-10-2,16,False,10,26,9,False,False,False
4,0.25,0.75,-1.22,1.72,uncertain,4-10-2,16,False,10,26,A,False,False,False
4,0.25,0.75,-1.22,1.72,uncertain,4-10-A,15,False,7,22,10,False,False,False
4,0.25,0.75,-1.22,1.72,uncertain,4-10-A,15,False,8,23,10,False,False,False
4,0.25,0.75,-1.22,1.72,uncertain,4-2-10,16,False,7,23,10,False,False,False
4,0.25,0.75,-1.22,1.72,uncertain,4-3-9,16,False,10,26,9,False,False,False
4,0.25,0.75,-1.22,1.72,uncertain,4-4-8,16,False,10,26,7,False,False,False
4,0.25,0.75,-1.22,1.72,uncertain,4-6-2,12,False,10,22,10,False,False,False
4,0.25,0.75,-1.22,1.72,uncertain,4-6-6,16,False,10,26,10,False,False,False
4,0.25,0.75,-1.22,1.72,uncertain,4-9-3,16,False,10,26,10,False,False,False
4,0.25,0.75,-1.22,1.72,uncertain,4-9-A,14,False,10,24,10,False,False,False
4,0.25,0.75,-1.22,1.72,uncertain,4-A-10,15,False,10,25,9,False,False,False
4,0.25,0.75,-1.22,1.72,uncertain,5-2-7,14,False,9,23,10,False,False,False
4,0.25,0.75,-1.22,1.72,uncertain,5-A-10,16,False,8,24,A,False,False,False
4,0.25,0.75,-1.22,1.72,uncertain,6-3-3,12,False,10,22,9,False,False,False
4,0.25,0.75,-1.22,1.72,uncertain,6-6-2,14,False,10,24,10,False,False,False
4,0.25,0.75,-1.22,1.72,uncertain,6-6-A,13,False,10,23,10,False,False,False
4,0.25,0.75,-1.22,1.72,uncertain,6-8,14,False,9,23,8,False,False,True
4,0.25,0.75,-1.22,1.72,uncertain,6-9,15,False,7,22,7,False,False,True
4,0.25,0.75,-1.22,1.72,uncertain,7-2-5,14,False,8,22,10,False,False,False
4,0.25,0.75,-1.22,1.72,uncertain,7-2-6,15,False,10,25,9,False,False,False
4,0.25,0.75,-1.22,1.72,uncertain,7-6-2,15,False,10,25,10,False,False,False
4,0.25,0.75,-1.22,1.72,uncertain,8-7,15,False,7,22,A,False,False,True
4,0.25,0.75,-1.22,1.72,uncertain,8-7,15,False,8,23,8,False,False,True
4,0.25,0.75,-1.22,1.72,uncertain,8-7,15,False,9,24,8,False,False,True
4,0.25,0.75,-1.22,1.72,uncertain,9-3,12,False,10,22,3,True,False,True
4,0.25,0.75,-1.22,1.72,uncertain,9-3-3,15,False,8,23,10,False,False,False
4,0.25,0.75,-1.22,1.72,uncertain,9-4-A,14,False,10,24,10,False,False,False
4,0.25,0.75,-1.22,1.72,uncertain,9-6,15,False,8,23,9,False,False,True
4,0.25,0.75,-1.22,1.72,uncertain,9-7,16,False,8,24,8,False,False,True
4,0.25,0.75,-1.22,1.72,uncertain,9-7,16,False,8,24,9,False,False,True
4,0.25,0.75,-1.22,1.72,uncertain,A-2-10,13,False,9,22,8,False,False,False
4,0.25,0.75,-1.22,1.72,uncertain,A-5-6,12,False,10,22,2,False,False,False
4,0.625,0.7180703308172536,-0.7824178484018169,2.032417848401817,uncertain,10-2-2,14,False,10,24,A,False,False,False
4,0.625,0.7180703308172536,-0.7824178484018169,2.032417848401817,uncertain,10-4-2,16,False,10,26,8,False,False,False
4,0.625,0.7180703308172536,-0.7824178484018169,2.032417848401817,uncertain,2-3-10,15,False,8,23,10,False,False,False
4,0.625,0.7180703308172536,-0.7824178484018169,2.032417848401817,uncertain,2-4-9,15,False,10,25,9,False,False,False
4,0.625,0.7180703308172536,-0.7824178484018169,2.032417848401817,uncertain,3-3-10,16,False,9,25,10,False,False,False
4,0.625,0.7180703308172536,-0.7824178484018169,2.032417848401817,uncertain,4-10-2,16,False,8,24,9,False,False,False
4,0.625,0.7180703308172536,-0.7824178484018169,2.032417848401817,uncertain,4-2-10,16,False,10,26,7,False,False,False
4,0.625,0.7180703308172536,-0.7824178484018169,2.032417848401817,uncertain,4-5-7,16,False,10,26,10,False,False,False
4,0.625,0.7180703308172536,-0.7824178484018169,2.032417848401817,uncertain,4-A-10,15,False,10,25,7,False,False,False
4,0.625,0.7180703308172536,-0.7824178484018169,2.032417848401817,uncertain,4-A-9,14,False,10,24,10,False,False,False
4,0.625,0.7180703308172536,-0.7824178484018169,2.032417848401817,uncertain,5-10-A,16,False,10,26,A,False,False,False
4,0.625,0.7180703308172536,-0.7824178484018169,2.032417848401817,uncertain,6-3-5,14,False,10,24,10,False,False,False
4,0.625,0.7180703308172536,-0.7824178484018169,2.032417848401817,uncertain,6-9,15,False,7,22,9,False,False,True
4,0.625,0.7180703308172536,-0.7824178484018169,2.032417848401817,uncertain,7-9,16,False,9,25,9,False,False,True
4,0.625,0.7180703308172536,-0.7824178484018169,2.032417848401817,uncertain,7-A-4,12,False,10,22,9,False,False,False
4,0.625,0.7180703308172536,-0.7824178484018169,2.032417848401817,uncertain,8-7,15,False,8,23,7,False,False,True
4,0.625,0.7180703308172536,-0.7824178484018169,2.032417848401817,uncertain,9-6,15,False,7,22,9,False,False,True
4,0.625,0.7180703308172536,-0.7824178484018169,2.032417848401817,uncertain,A-3-10-A,15,False,10,25,10,False,False,False
4,1.0,0.8660254037844386,-0.6974097914174997,2.6974097914175,uncertain,10-2-3,15,False,8,23,10,False,False,False
4,1.0,0.8660254037844386,-0.6974097914174997,2.6974097914175,uncertain,10-3-2,15,False,10,25,7,False,False,False
4,1.0,0.8660254037844386,-0.6974097914174997,2.6974097914175,uncertain,10-5-A,16,False,10,26,A,False,False,False
4,1.0,0.8660254037844386,-0.6974097914174997,2.6974097914175,uncertain,2-10-2,14,False,8,22,10,False,False,False
4,1.0,0.8660254037844386,-0.6974097914174997,2.6974097914175,uncertain,2-2-10,14,False,10,24,9,False,False,False
4,1.0,0.8660254037844386,-0.6974097914174997,2.6974097914175,uncertain,2-4-10,16,False,9,25,10,False,False,False
4,1.0,0.8660254037844386,-0.6974097914174997,2.6974097914175,uncertain,3-10-A,14,False,10,24,7,False,False,False
4,1.0,0.8660254037844386,-0.6974097914174997,2.6974097914175,uncertain,3-5-7,15,False,10,25,10,False,False,False
4,1.0,0.8660254037844386,-0.6974097914174997,2.6974097914175,uncertain,4-2-7,13,False,10,23,10,False,False,False
4,1.0,0.8660254037844386,-0.6974097914174997,2.6974097914175,uncertain,4-A-7,12,False,10,22,10,False,False,False
4,1.0,0.8660254037844386,-0.6974097914174997,2.6974097914175,uncertain,5-10-A,16,False,7,23,10,False,False,False
4,1.0,0.8660254037844386,-0.6974097914174997,2.6974097914175,uncertain,5-A-10,16,False,6,22,10,False,False,False
4,1.0,0.8660254037844386,-0.6974097914174997,2.6974097914175,uncertain,5-A-7,13,False,9,22,7,False,False,False
4,1.0,0.8660254037844386,-0.6974097914174997,2.6974097914175,uncertain,6-A-8,15,False,10,25,9,False,False,False
4,1.0,0.8660254037844386,-0.6974097914174997,2.6974097914175,uncertain,7-7,14,False,8,22,A,False,False,True
4,1.0,0.8660254037844386,-0.6974097914174997,2.6974097914175,uncertain,8-6,14,False,9,23,10,True,False,True
4,1.0,0.8660254037844386,-0.6974097914174997,2.6974097914175,uncertain,8-6-A,15,False,10,25,10,False,False,False
4,1.0,0.8660254037844386,-0.6974097914174997,2.6974097914175,uncertain,8-7,15,False,10,25,9,True,False,True
4,1.0,0.8660254037844386,-0.6974097914174997,2.6974097914175,uncertain,8-7,15,False,8,23,A,False,False,True
4,1.0,0.8660254037844386,-0.6974097914174997,2.6974097914175,uncertain,9-4,13,False,9,22,A,False,False,True
4,1.0,0.8660254037844386,-0.6974097914174997,2.6974097914175,uncertain,A-2-9,12,False,10,22,3,False,False,False
4,1.0,0.8660254037844386,-0.6974097914174997,2.6974097914175,uncertain,A-2-9,12,False,10,22,7,False,False,False
4,1.0,0.8660254037844386,-0.6974097914174997,2.6974097914175,uncertain,A-6-6,13,False,10,23,10,False,False,False
4,1.375,0.7180703308172536,-0.03241784840181694,2.782417848401817,uncertain,10-2-A,13,False,10,23,7,False,False,False
4,1.375,0.7180703308172536,-0.03241784840181694,2.782417848401817,uncertain,2-3-8,13,False,9,22,10,False,False,False
4,1.375,0.7180703308172536,-0.03241784840181694,2.782417848401817,uncertain,2-8-5,15,False,10,25,10,False,False,False
4,1.375,0.7180703308172536,-0.03241784840181694,2.782417848401817,uncertain,3-A-10,14,False,8,22,10,False,False,False
4,1.75,0.75,0.28,3.2199999999999998,uncertain,2-10-3,15,False,10,25,A,False,False,False
4,1.75,0.75,0.28,3.2199999999999998,uncertain,2-A-10,13,False,10,23,8,False,False,False
4,1.75,0.75,0.28,3.2199999999999998,uncertain,3-5-8,16,False,10,26,8,False,False,False
4,1.75,0.75,0.28,3.2199999999999998,uncertain,3-A-10,14,False,10,24,7,False,False,False
4,1.75,0.75,0.28,3.2199999999999998,uncertain,5-2-9,16,False,10,26,10,False,False,False
4,1.75,0.75,0.28,3.2199999999999998,uncertain,5-5-6,16,False,10,26,A,False,False,False
4,1.75,0.75,0.28,3.2199999999999998,uncertain,6-A-8,15,False,10,25,10,False,False,False
4,1.75,0.75,0.28,3.2199999999999998,uncertain,7-7-A,15,False,10,25,10,False,False,False
4,1.75,0.75,0.28,3.2199999999999998,uncertain,8-4,12,False,10,22,3,True,False,True
4,1.75,0.75,0.28,3.2199999999999998,uncertain,8-6,14,False,8,22,7,False,False,True
4,1.75,0.75,0.28,3.2199999999999998,uncertain,9-7,16,False,7,23,8,False,False,True
4,1.75,0.75,0.28,3.2199999999999998,uncertain,9-7,16,False,9,25,9,False,False,True
4,2.5,0.0,2.5,2.5,uncertain,2-4-8,14,False,10,24,10,False,False,False
40,0.06250000000000003,0.1755828206946138,-0.281642328561443,0.4066423285614431,uncertain,10-3,13,False,10,23,9,False,False,True
41,0.378048780487805,0.2093693257730414,-0.03231509802735616,0.7884126590029661,uncertain,2-10,12,False,10,22,A,False,False,True
42,0.3571428571428572,0.19892693716917326,-0.03275393970872237,0.7470396539944368,uncertain,10-3,13,False,9,22,10,False,False,True
42,0.4285714285714285,0.20417494133704328,0.028388543550823653,0.8287543135920333,rescue,4-10,14,False,10,24,9,False,False,True
43,0.8255813953488371,0.22440009907692637,0.38575720115806145,1.2654055895396128,rescue,9-3,12,False,10,22,10,False,False,True
44,0.18181818181818182,0.18541629999870163,-0.18159776617927337,0.545234129815637,uncertain,6-10,16,False,9,25,10,False,False,True
44,0.25000000000000006,0.18570760622702243,-0.11398690820496388,0.613986908204964,uncertain,2-10,12,False,10,22,7,False,False,True
45,0.13333333333333333,0.17509016436272384,-0.20984338881760542,0.47651005548427205,uncertain,5-10,15,False,8,23,10,False,False,True
45,0.4,0.19886038958388505,0.010233636415585334,0.7897663635844148,rescue,6-10,16,False,10,26,8,False,False,True
46,0.11956521739130432,0.158636081731809,-0.19136150280304126,0.4304919375856499,uncertain,6-10,16,False,6,22,10,False,False,True
46,0.4456521739130435,0.19425832001752266,0.06490586667869913,0.8263984811473879,rescue,10-3,13,False,10,23,8,False,False,True
47,-0.053191489361702135,0.15072599714346444,-0.3486144437628924,0.24223146503948811,uncertain,6-8,14,False,10,24,10,False,False,True
47,0.2659574468085106,0.18739848551967125,-0.10134358481004507,0.6332584784270663,uncertain,6-10,16,False,8,24,10,False,False,True
47,0.3617021276595744,0.19752289277008936,-0.025442742169800747,0.7488469974889496,uncertain,5-10,15,False,10,25,8,False,False,True
48,0.21875000000000003,0.18408909946695157,-0.14206463495522506,0.5795646349552251,uncertain,3-10,13,False,10,23,8,False,False,True
48,0.25,0.1841455252458911,-0.11092522948194655,0.6109252294819465,uncertain,10-6,16,False,6,22,10,False,False,True
48,0.4999999999999999,0.20139143635789952,0.10527278473851681,0.8947272152614829,rescue,2-10,12,False,10,22,3,False,False,True
49,0.11224489795918365,0.16894612948773927,-0.21888951583678534,0.4433793117551526,uncertain,6-9,15,False,10,25,10,False,False,True
49,0.14285714285714285,0.17496355305594125,-0.20007142113250198,0.4857857068467877,uncertain,4-10,14,False,10,24,7,False,False,True
49,0.2653061224489796,0.18099665076598734,-0.08944731305235559,0.6200595579503148,uncertain,3-10,13,False,10,23,9,False,False,True
49,0.29591836734693877,0.1808887540942432,-0.05862359067777789,0.6504603253716554,uncertain,10-5,15,False,8,23,10,False,False,True
49,0.2959183673469388,0.18610214040652526,-0.06884182784985066,0.6606785625437284,uncertain,6-10,16,False,7,23,10,False,False,True
49,0.47959183673469385,0.20305866063400413,0.08159686189204579,0.877586811577342,rescue,8-6,14,False,10,24,10,False,False,True
5,-0.2,0.3,-0.788,0.38799999999999996,uncertain,3-2-10,15,False,7,22,10,False,False,False
5,-0.2,0.3,-0.788,0.38799999999999996,uncertain,3-3-10,16,False,10,26,9,False,False,False
5,-0.2,0.3,-0.788,0.38799999999999996,uncertain,3-5-4,12,False,10,22,10,False,False,False
5,-0.2,0.3,-0.788,0.38799999999999996,uncertain,4-10-2,16,False,9,25,10,False,False,False
5,-0.2,0.3,-0.788,0.38799999999999996,uncertain,4-8-A,13,False,10,23,10,False,False,False
5,-0.2,0.3,-0.788,0.38799999999999996,uncertain,5-5-3,13,False,10,23,10,False,False,False
5,-0.2,0.3,-0.788,0.38799999999999996,uncertain,6-2-7,15,False,8,23,10,False,False,False
5,-0.2,0.3,-0.788,0.38799999999999996,uncertain,6-9,15,False,9,24,9,False,False,True
5,-0.2,0.3,-0.788,0.38799999999999996,uncertain,7-5,12,False,10,22,9,False,False,True
5,-0.2,0.3,-0.788,0.38799999999999996,uncertain,7-6-3,16,False,7,23,10,False,False,False
5,-0.2,0.3,-0.788,0.38799999999999996,uncertain,8-7,15,False,10,25,A,False,False,True
5,-0.2,0.3,-0.788,0.38799999999999996,uncertain,9-5,14,False,10,24,A,False,False,True
5,-0.2,0.3,-0.788,0.38799999999999996,uncertain,9-7,16,False,7,23,7,False,False,True
5,-0.5,0.0,-0.5,-0.5,uncertain,10-3-3,16,False,10,26,7,False,False,False
5,-0.5,0.0,-0.5,-0.5,uncertain,10-4-2,16,False,10,26,7,False,False,False
5,-0.5,0.0,-0.5,-0.5,uncertain,2-4-10,16,False,8,24,10,False,False,False
5,-0.5,0.0,-0.5,-0.5,uncertain,3-10-A,14,False,9,23,10,False,False,False
5,-0.5,0.0,-0.5,-0.5,uncertain,3-2-10,15,False,9,24,10,False,False,False
5,-0.5,0.0,-0.5,-0.5,uncertain,4-2-10,16,False,8,24,10,False,False,False
5,-0.5,0.0,-0.5,-0.5,uncertain,4-6-3,13,False,10,23,10,False,False,False
5,-0.5,0.0,-0.5,-0.5,uncertain,4-9,13,False,9,22,7,False,False,True
5,-0.5,0.0,-0.5,-0.5,uncertain,4-A-9,14,False,9,23,10,False,False,False
5,-0.5,0.0,-0.5,-0.5,uncertain,5-5-2,12,False,10,22,10,False,False,False
5,-0.5,0.0,-0.5,-0.5,uncertain,5-8,13,False,10,23,A,False,False,True
5,-0.5,0.0,-0.5,-0.5,uncertain,5-A-6,12,False,10,22,10,False,False,False
5,-0.5,0.0,-0.5,-0.5,uncertain,6-2-5,13,False,10,23,10,False,False,False
5,-0.5,0.0,-0.5,-0.5,uncertain,6-2-6,14,False,10,24,10,False,False,False
5,-0.5,0.0,-0.5,-0.5,uncertain,7-2-6,15,False,10,25,10,False,False,False
5,-0.5,0.0,-0.5,-0.5,uncertain,7-3-4,14,False,10,24,10,False,False,False
5,-0.5,0.0,-0.5,-0.5,uncertain,7-7,14,False,9,23,9,False,False,True
5,-0.5,0.0,-0.5,-0.5,uncertain,7-A-7,15,False,10,25,10,False,False,False
5,-0.5,0.0,-0.5,-0.5,uncertain,8-4-A,13,False,10,23,10,False,False,False
5,-0.5,0.0,-0.5,-0.5,uncertain,9-4-3,16,False,10,26,10,False,False,False
5,-0.5,0.0,-0.5,-0.5,uncertain,A-5-9,15,False,10,25,10,False,False,False
5,-0.5,0.0,-0.5,-0.5,uncertain,A-7-6,14,False,10,24,10,False,False,False
5,0.09999999999999998,0.6,-1.076,1.2759999999999998,uncertain,2-6-5,13,False,10,23,10,False,False,False
5,0.09999999999999998,0.6,-1.076,1.2759999999999998,uncertain,3-A-9,13,False,10,23,10,False,False,False
5,0.09999999999999998,0.6,-1.076,1.2759999999999998,uncertain,4-9-2,15,False,10,25,10,False,False,False
5,0.09999999999999998,0.6,-1.076,1.2759999999999998,uncertain,5-A-10,16,False,10,26,8,False,False,False
5,0.09999999999999998,0.6,-1.076,1.2759999999999998,uncertain,6-4-3,13,False,10,23,10,False,False,False
5,0.09999999999999998,0.6,-1.076,1.2759999999999998,uncertain,6-9,15,False,8,23,8,False,False,True
5,0.09999999999999998,0.6,-1.076,1.2759999999999998,uncertain,7-9,16,False,6,22,A,False,False,True
5,0.09999999999999998,0.6,-1.076,1.2759999999999998,uncertain,9-5,14,False,9,23,7,False,False,True
5,0.09999999999999998,0.6,-1.076,1.2759999999999998,uncertain,9-6,15,False,8,23,7,False,False,True
5,0.09999999999999998,0.6,-1.076,1.2759999999999998,uncertain,A-5-6,12,False,10,22,7,False,False,False
5,0.1,0.6,-1.0759999999999998,1.276,uncertain,10-2-2,14,False,10,24,8,False,False,False
5,0.1,0.6,-1.0759999999999998,1.276,uncertain,10-4-A,15,False,10,25,9,False,False,False
5,0.1,0.6,-1.0759999999999998,1.276,uncertain,2-10-A,13,False,10,23,8,False,False,False
5,0.1,0.6,-1.0759999999999998,1.276,uncertain,2-3-8,13,False,10,23,10,False,False,False
5,0.1,0.6,-1.0759999999999998,1.276,uncertain,3-10-2,15,False,7,22,10,False,False,False
5,0.1,0.6,-1.0759999999999998,1.276,uncertain,3-10-3,16,False,10,26,7,False,False,False
5,0.1,0.6,-1.0759999999999998,1.276,uncertain,3-10-3,16,False,7,23,10,False,False,False
5,0.1,0.6,-1.0759999999999998,1.276,uncertain,3-2-10,15,False,10,25,7,False,False,False
5,0.1,0.6,-1.0759999999999998,1.276,uncertain,3-9-4,16,False,10,26,10,False,False,False
5,0.1,0.6,-1.0759999999999998,1.276,uncertain,5-7-3,15,False,10,25,10,False,False,False
5,0.1,0.6,-1.0759999999999998,1.276,uncertain,5-9,14,False,8,22,9,False,False,True
5,0.1,0.6,-1.0759999999999998,1.276,uncertain,5-A-10,16,False,9,25,10,False,False,False
5,0.1,0.6,-1.0759999999999998,1.276,uncertain,6-7-2,15,False,9,24,10,False,False,False
5,0.1,0.6,-1.0759999999999998,1.276,uncertain,7-5,12,False,10,22,3,True,False,True
5,0.1,0.6,-1.0759999999999998,1.276,uncertain,7-7,14,False,9,23,8,False,False,True
5,0.1,0.6,-1.0759999999999998,1.276,uncertain,7-8,15,False,8,23,7,False,False,True
5,0.1,0.6,-1.0759999999999998,1.276,uncertain,7-9,16,False,6,22,8,False,False,True
5,0.1,0.6,-1.0759999999999998,1.276,uncertain,9-6,15,False,9,24,7,False,False,True
5,0.1,0.6,-1.0759999999999998,1.276,uncertain,9-6,15,False,9,24,A,False,False,True
5,0.1,0.6,-1.0759999999999998,1.276,uncertain,A-7-5,13,False,10,23,10,False,False,False
5,0.4,0.6,-0.7759999999999999,1.576,uncertain,10-4-A,15,False,10,25,8,False,False,False
5,0.4,0.6,-0.7759999999999999,1.576,uncertain,2-10-3,15,False,10,25,8,False,False,False
5,0.4,0.6,-0.7759999999999999,1.576,uncertain,3-9-3,15,False,10,25,8,False,False,False
5,0.4,0.6,-0.7759999999999999,1.576,uncertain,5-9,14,False,9,23,7,False,False,True
5,0.4,0.6,-0.7759999999999999,1.576,uncertain,7-7,14,False,8,22,9,False,False,True
5,0.4,0.6,-0.7759999999999999,1.576,uncertain,A-5-10,16,False,6,22,10,False,False,False
5,0.7,0.5612486080160912,-0.40004727171153887,1.8000472717115388,uncertain,2-5-5,12,False,10,22,10,False,False,False
5,0.7,0.5612486080160912,-0.40004727171153887,1.8000472717115388,uncertain,4-4-8,16,False,7,23,10,False,False,False
5,0.7,0.7348469228349535,-0.7402999687565088,2.1402999687565085,uncertain,2-10-A-A,14,False,10,24,10,False,False,False
5,0.7,0.7348469228349535,-0.7402999687565088,2.1402999687565085,uncertain,2-4-10,16,False,6,22,10,False,False,False
5,0.7,0.7348469228349535,-0.7402999687565088,2.1402999687565085,uncertain,3-10-2,15,False,10,25,7,False,False,False
5,0.7,0.7348469228349535,-0.7402999687565088,2.1402999687565085,uncertain,5-A-10,16,False,10,26,A,False,False,False
5,0.7,0.7348469228349535,-0.7402999687565088,2.1402999687565085,uncertain,7-3-5,15,False,10,25,10,False,False,False
5,0.7,0.7348469228349535,-0.7402999687565088,2.1402999687565085,uncertain,7-5-2,14,False,10,24,10,False,False,False
5,0.7,0.7348469228349535,-0.7402999687565088,2.1402999687565085,uncertain,8-5,13,False,10,23,7,True,False,True
5,0.7,0.7348469228349535,-0.7402999687565088,2.1402999687565085,uncertain,A-2-10,13,False,10,23,7,False,False,False
5,1.0,0.6708203932499369,-0.3148079707698763,2.314807970769876,uncertain,10-3-A,14,False,10,24,8,False,False,False
5,1.0,0.6708203932499369,-0.3148079707698763,2.314807970769876,uncertain,2-3-10,15,False,10,25,7,False,False,False
5,1.0,0.6708203932499369,-0.3148079707698763,2.314807970769876,uncertain,2-A-10,13,False,10,23,A,False,False,False
5,1.0,0.6708203932499369,-0.3148079707698763,2.314807970769876,uncertain,3-4-8,15,False,10,25,10,False,False,False
5,1.0,0.6708203932499369,-0.3148079707698763,2.314807970769876,uncertain,8-5,13,False,10,23,10,True,False,True
5,1.0,0.6708203932499369,-0.3148079707698763,2.314807970769876,uncertain,9-4,13,False,9,22,9,False,False,True
5,1.3,0.5612486080160912,0.19995272828846122,2.400047271711539,uncertain,10-3-A,14,False,8,22,10,False,False,False
5,1.3,0.7348469228349535,-0.14029996875650874,2.740299968756509,uncertain,10-4-A,15,False,7,22,10,False,False,False
5,1.3,0.7348469228349535,-0.14029996875650874,2.740299968756509,uncertain,2-10-3,15,False,10,25,9,False,False,False
5,1.3,0.7348469228349535,-0.14029996875650874,2.740299968756509,uncertain,2-6-6,14,False,8,22,10,False,False,False
5,1.3,0.7348469228349535,-0.14029996875650874,2.740299968756509,uncertain,3-3-10,16,False,7,23,10,False,False,False
5,1.3,0.7348469228349535,-0.14029996875650874,2.740299968756509,uncertain,3-5-6,14,False,9,23,10,False,False,False
5,1.3,0.7348469228349535,-0.14029996875650874,2.740299968756509,uncertain,3-A-10,14,False,10,24,8,False,False,False
5,1.3,0.7348469228349535,-0.14029996875650874,2.740299968756509,uncertain,5-5-5,15,False,10,25,10,False,False,False
5,1.3,0.7348469228349535,-0.14029996875650874,2.740299968756509,uncertain,7-7,14,False,8,22,8,False,False,True
5,1.3,0.7348469228349535,-0.14029996875650874,2.740299968756509,uncertain,9-5,14,False,8,22,8,False,False,True
5,1.3,0.7348469228349535,-0.14029996875650874,2.740299968756509,uncertain,9-5,14,False,9,23,8,False,False,True
5,1.6,0.6,0.42400000000000015,2.776,uncertain,3-7-2,12,False,10,22,10,False,False,False
5,1.6,0.6,0.42400000000000015,2.776,uncertain,A-4-10,15,False,8,23,10,False,False,False
50,0.28,0.18303562717767963,-0.07874982926825203,0.6387498292682521,uncertain,10-6,16,False,7,23,10,False,False,True
50,0.30999999999999994,0.17779258725164176,-0.03847347101321791,0.6584734710132178,uncertain,10-6,16,False,10,26,8,False,False,True
50,0.34,0.1826337921656787,-0.017962232644730236,0.6979622326447303,uncertain,4-10,14,False,10,24,8,False,False,True
50,0.34000000000000014,0.18263379216567868,-0.01796223264473007,0.6979622326447303,uncertain,10-5,15,False,10,25,7,False,False,True
50,0.39999999999999997,0.18680995472317172,0.0338524887425834,0.7661475112574165,rescue,4-9,13,False,10,23,10,False,False,True
51,0.7941176470588235,0.20588235294117643,0.3905882352941177,1.1976470588235293,rescue,10-2,12,False,10,22,8,False,False,True
52,0.07692307692307694,0.15497324696419648,-0.2268244871267482,0.38067064097290204,uncertain,7-5,12,False,10,22,10,False,False,True
52,0.2211538461538461,0.17227377756893192,-0.11650275788126047,0.5588104501889526,uncertain,5-10,15,False,9,24,10,False,False,True
52,0.2788461538461539,0.17713014146964187,-0.06832892343434416,0.626021231126652,uncertain,10-5,15,False,9,24,10,False,False,True
52,0.3942307692307693,0.1711335083752654,0.0588090928152491,0.7296524456462894,rescue,6-6,12,False,10,22,10,False,False,True
52,0.48076923076923084,0.19270321317393763,0.1030709329483131,0.8584675285901486,rescue,8-5,13,False,10,23,10,False,False,True
52,0.5961538461538459,0.19804781669028415,0.207980125440889,0.9843275668668028,rescue,10-4,14,False,10,24,8,False,False,True
52,0.7692307692307692,0.18598193325907164,0.40470618004298875,1.1337553584185496,rescue,10-2,12,False,10,22,7,False,False,True
53,0.49056603773584895,0.18928603444796138,0.11956541021784467,0.8615666652538532,rescue,3-10,13,False,9,22,10,False,False,True
54,0.1111111111111111,0.1659663834573803,-0.21418300046535427,0.4364052226875765,uncertain,7-9,16,False,10,26,10,False,False,True
54,0.19444444444444448,0.17153104016622706,-0.14175639428136055,0.5306452831702495,uncertain,2-10,12,False,10,22,9,False,False,True
54,0.19444444444444456,0.17153104016622708,-0.14175639428136053,0.5306452831702496,uncertain,5-10,15,False,10,25,9,False,False,True
54,0.3888888888888887,0.1839406116495833,0.028365290055705372,0.749412487722072,rescue,5-10,15,False,10,25,7,False,False,True
54,0.4166666666666667,0.17916940907656906,0.06549462487659136,0.767838708456742,rescue,9-4,13,False,10,23,10,False,False,True
54,0.6666666666666666,0.19693670832517202,0.2806707183493295,1.0526626149840037,rescue,10-4,14,False,9,23,10,False,False,True
54,1.0,0.19826289642953604,0.6114047229981094,1.3885952770018906,rescue,10-4,14,False,10,24,7,False,False,True
55,0.07272727272727274,0.14817531125330488,-0.2176963373292048,0.3631508827837503,uncertain,10-6,16,False,8,24,10,False,False,True
55,0.1272727272727274,0.16372051708169819,-0.19361948620740102,0.44816494075285584,uncertain,10-6,16,False,9,25,10,False,False,True
55,0.20909090909090913,0.15980359846588135,-0.10412414390221833,0.5223059620840366,uncertain,9-7,16,False,10,26,10,False,False,True
55,0.3727272727272727,0.18128710316540642,0.0174045505230761,0.7280499949314693,rescue,6-10,16,False,10,26,7,False,False,True
56,0.4642857142857143,0.18501366343766903,0.101658933947883,0.8269124946235455,rescue,2-10,12,False,10,22,8,False,False,True
57,0.05263157894736846,0.13344540864134474,-0.20892142198966723,0.3141845798844042,uncertain,10-5,15,False,10,25,9,False,False,True
57,0.42105263157894746,0.1791048621402098,0.07000710178413627,0.7720981613737586,rescue,10-2,12,False,10,22,9,False,False,True
58,0.3275862068965518,0.16976181854582242,-0.005146957453260104,0.6603193712463638,uncertain,8-7,15,False,10,25,10,False,False,True
58,0.3534482758620689,0.17348803273705268,0.013411731697445639,0.6934848200266921,rescue,4-10,14,False,8,22,10,False,False,True
58,0.37931034482758624,0.17318340031109533,0.03987088021783941,0.718749809437333,rescue,7-6,13,False,10,23,10,False,False,True
58,0.40517241379310354,0.18051520027551357,0.05136262125309693,0.7589822063331102,rescue,10-6,16,False,10,26,7,False,False,True
59,0.13559322033898305,0.154718550902479,-0.16765513942987578,0.4388415801078419,uncertain,10-4,14,False,10,24,9,False,False,True
59,0.4152542372881357,0.17771544508925818,0.0669319649131897,0.7635765096630818,rescue,6-7,13,False,10,23,10,False,False,True
59,0.4915254237288134,0.17989684906600287,0.13892759955944778,0.844123247898179,rescue,5-7,12,False,10,22,10,False,False,True
59,0.6694915254237287,0.18156173970871653,0.3136305155946443,1.025352535252813,rescue,3-10,13,False,10,23,7,False,False,True
6,-0.5,0.0,-0.5,-0.5,uncertain,10-4,14,False,9,23,A,False,False,True
6,-0.5,0.0,-0.5,-0.5,uncertain,10-4-2,16,False,10,26,9,False,False,False
6,-0.5,0.0,-0.5,-0.5,uncertain,10-4-2,16,False,7,23,10,False,False,False
6,-0.5,0.0,-0.5,-0.5,uncertain,2-6-8,16,False,10,26,10,False,False,False
6,-0.5,0.0,-0.5,-0.5,uncertain,2-7-3,12,False,10,22,10,False,False,False
6,-0.5,0.0,-0.5,-0.5,uncertain,3-10-2,15,False,9,24,10,False,False,False
6,-0.5,0.0,-0.5,-0.5,uncertain,3-2-8,13,False,10,23,10,False,False,False
6,-0.5,0.0,-0.5,-0.5,uncertain,5-A-10,16,False,10,26,7,False,False,False
6,-0.5,0.0,-0.5,-0.5,uncertain,6-8,14,False,9,23,A,False,False,True
6,-0.5,0.0,-0.5,-0.5,uncertain,7-9,16,False,8,24,7,False,False,True
6,-0.5,0.0,-0.5,-0.5,uncertain,A-4-10,15,False,10,25,9,False,False,False
6,-1.3877787807814457e-17,0.5,-0.98,0.98,uncertain,10-4-2,16,False,8,24,10,False,False,False
6,-1.3877787807814457e-17,0.5,-0.98,0.98,uncertain,6-9,15,False,9,24,8,False,False,True
6,0.0,0.5,-0.98,0.98,uncertain,3-5-5,13,False,10,23,10,False,False,False
6,0.0,0.5,-0.98,0.98,uncertain,8-7-A,16,False,10,26,10,False,False,False
6,0.25,0.51234753829798,-0.7542011750640407,1.2542011750640407,uncertain,10-5-A,16,False,10,26,7,False,False,False
6,0.25,0.51234753829798,-0.7542011750640407,1.2542011750640407,uncertain,2-A-10,13,False,10,23,9,False,False,False
6,0.25,0.51234753829798,-0.7542011750640407,1.2542011750640407,uncertain,3-2-9,14,False,10,24,10,False,False,False
6,0.25,0.51234753829798,-0.7542011750640407,1.2542011750640407,uncertain,3-6-7,16,False,10,26,10,False,False,False
6,0.25,0.51234753829798,-0.7542011750640407,1.2542011750640407,uncertain,6-3-6,15,False,10,25,10,False,False,False
6,0.25,0.51234753829798,-0.7542011750640407,1.2542011750640407,uncertain,A-3-8,12,False,10,22,10,False,False,False
6,0.49999999999999994,0.632455532033676,-0.7396128427860049,1.739612842786005,uncertain,6-4-6,16,False,10,26,10,False,False,False
6,0.5,0.5,-0.48,1.48,uncertain,6-9,15,False,8,23,7,False,False,True
6,0.5,0.632455532033676,-0.7396128427860049,1.739612842786005,uncertain,10-3-A,14,False,9,23,10,False,False,False
6,0.5,0.632455532033676,-0.7396128427860049,1.739612842786005,uncertain,10-4-A,15,False,9,24,10,False,False,False
6,0.5,0.632455532033676,-0.7396128427860049,1.739612842786005,uncertain,2-10-4,16,False,10,26,7,False,False,False
6,0.5,0.632455532033676,-0.7396128427860049,1.739612842786005,uncertain,2-6-6,14,False,10,24,10,False,False,False
6,0.5,0.632455532033676,-0.7396128427860049,1.739612842786005,uncertain,3-5-6,14,False,10,24,10,False,False,False
6,0.5,0.632455532033676,-0.7396128427860049,1.739612842786005,uncertain,4-2-10,16,False,10,26,10,False,False,False
6,0.5,0.632455532033676,-0.7396128427860049,1.739612842786005,uncertain,4-4-5,13,False,10,23,10,False,False,False
6,0.5,0.632455532033676,-0.7396128427860049,1.739612842786005,uncertain,5-2-7,14,False,10,24,10,False,False,False
6,0.5,0.632455532033676,-0.7396128427860049,1.739612842786005,uncertain,5-9,14,False,9,23,10,False,False,True
6,0.5,0.632455532033676,-0.7396128427860049,1.739612842786005,uncertain,6-7-2,15,False,10,25,10,False,False,False
6,0.5,0.632455532033676,-0.7396128427860049,1.739612842786005,uncertain,7-3-3,13,False,10,23,10,False,False,False
6,0.5,0.632455532033676,-0.7396128427860049,1.739612842786005,uncertain,9-6,15,False,10,25,8,True,False,True
6,0.5,0.632455532033676,-0.7396128427860049,1.739612842786005,uncertain,9-7,16,False,9,25,8,False,False,True
6,0.5,0.632455532033676,-0.7396128427860049,1.739612842786005,uncertain,A-2-10,13,False,10,23,9,False,False,False
6,0.5,0.632455532033676,-0.7396128427860049,1.739612842786005,uncertain,A-6-5,12,False,10,22,10,False,False,False
6,0.75,0.6020797289396148,-0.43007626872164506,1.930076268721645,uncertain,10-4-2,16,False,9,25,10,False,False,False
6,0.75,0.6020797289396148,-0.43007626872164506,1.930076268721645,uncertain,5-10-A,16,False,10,26,8,False,False,False
6,0.75,0.6020797289396148,-0.43007626872164506,1.930076268721645,uncertain,6-9,15,False,8,23,9,False,False,True
6,0.75,0.6020797289396148,-0.43007626872164506,1.930076268721645,uncertain,8-7,15,False,10,25,8,True,False,True
6,0.75,0.6020797289396148,-0.43007626872164506,1.930076268721645,uncertain,A-4-10,15,False,7,22,10,False,False,False
6,1.0,0.670820393249937,-0.31480797076987654,2.3148079707698765,uncertain,10-2-2,14,False,8,22,10,False,False,False
6,1.0,0.670820393249937,-0.31480797076987654,2.3148079707698765,uncertain,2-5-9,16,False,10,26,10,False,False,False
6,1.0,0.670820393249937,-0.31480797076987654,2.3148079707698765,uncertain,4-8,12,False,10,22,A,False,False,True
6,1.0,0.670820393249937,-0.31480797076987654,2.3148079707698765,uncertain,5-8,13,False,9,22,7,False,False,True
6,1.0,0.670820393249937,-0.31480797076987654,2.3148079707698765,uncertain,7-2-5,14,False,10,24,10,False,False,False
6,1.0,0.670820393249937,-0.31480797076987654,2.3148079707698765,uncertain,9-6,15,False,7,22,8,False,False,True
6,1.0,0.670820393249937,-0.31480797076987654,2.3148079707698765,uncertain,A-3-9,13,False,10,23,10,False,False,False
6,1.25,0.6020797289396148,0.06992373127835494,2.430076268721645,uncertain,4-A-8,13,False,10,23,10,False,False,False
6,1.3877787807814457e-17,0.5,-0.98,0.98,uncertain,10-4-2,16,False,10,26,A,False,False,False
6,1.3877787807814457e-17,0.5,-0.98,0.98,uncertain,3-10-A,14,False,10,24,8,False,False,False
6,1.3877787807814457e-17,0.5,-0.98,0.98,uncertain,4-10-2,16,False,10,26,7,False,False,False
6,1.3877787807814457e-17,0.5,-0.98,0.98,uncertain,6-A-6,13,False,10,23,10,False,False,False
6,1.3877787807814457e-17,0.5,-0.98,0.98,uncertain,7-9,16,False,7,23,8,False,False,True
6,1.3877787807814457e-17,0.5,-0.98,0.98,uncertain,A-4-10,15,False,10,25,7,False,False,False
6,1.3877787807814457e-17,0.5,-0.98,0.98,uncertain,A-6-9,16,False,10,26,10,False,False,False
6,1.5,0.632455532033676,0.2603871572139951,2.7396128427860047,uncertain,2-10-A,13,False,10,23,7,False,False,False
6,1.75,0.51234753829798,0.7457988249359593,2.7542011750640407,uncertain,5-7,12,False,10,22,A,False,False,True
6,1.75,0.51234753829798,0.7457988249359593,2.7542011750640407,uncertain,A-2-10,13,False,10,23,8,False,False,False
6,2.5,0.0,2.5,2.5,uncertain,2-10,12,False,10,22,2,True,False,True
60,0.29999999999999993,0.16519120918868638,-0.023774770009825363,0.6237747700098253,uncertain,5-10,15,False,7,22,10,False,False,True
60,0.30000000000000004,0.1689950355303324,-0.03123026963945147,0.6312302696394516,uncertain,4-10,14,False,9,23,10,False,False,True
60,2.42861286636753e-17,0.1318062265446219,-0.25834020402745894,0.25834020402745894,uncertain,5-8,13,False,10,23,10,False,False,True
61,0.5573770491803278,0.17652472413704026,0.21138858987172893,0.9033655084889267,rescue,10-3,13,False,10,23,7,False,False,True
62,0.32258064516129037,0.16426396825937456,0.0006232673729162364,0.6445380229496644,rescue,8-4,12,False,10,22,10,False,False,True
62,0.8064516129032256,0.18083581387493264,0.4520134177083577,1.1608898080980936,rescue,10-2,12,False,10,22,3,False,False,True
62,0.9758064516129034,0.18732559996226197,0.6086482756868699,1.3429646275389369,rescue,10-2,12,False,10,22,2,False,False,True
64,0.3906250000000001,0.1660960283239789,0.06507678448500148,0.7161732155149987,rescue,3-9,12,False,10,22,10,False,False,True
64,0.8593750000000001,0.18212151923333264,0.5024168223026682,1.216333177697332,rescue,4-8,12,False,10,22,10,False,False,True
65,0.3307692307692307,0.15783881561889754,0.021405152156191543,0.6401333093822699,rescue,7-7,14,False,10,24,10,False,False,True
66,0.22727272727272727,0.15274558664755308,-0.07210862255647679,0.5266540771019314,uncertain,9-5,14,False,10,24,10,False,False,True
66,0.8181818181818181,0.17294796354052935,0.4792038096423806,1.1571598267212557,rescue,2-10,12,False,10,22,2,False,False,True
67,0.5074626865671641,0.1669465776971044,0.18024739428083952,0.8346779788534886,rescue,10-5,15,False,10,25,8,False,False,True
68,0.27205882352941174,0.15553647831077233,-0.032792673959702034,0.5769103210185256,uncertain,10-4,14,False,8,22,10,False,False,True
7,-0.07142857142857141,0.42857142857142855,-0.9114285714285714,0.7685714285714286,uncertain,10-2-3,15,False,10,25,9,False,False,False
7,-0.07142857142857141,0.42857142857142855,-0.9114285714285714,0.7685714285714286,uncertain,10-6,16,False,7,23,A,False,False,True
7,-0.07142857142857141,0.42857142857142855,-0.9114285714285714,0.7685714285714286,uncertain,2-10-4,16,False,10,26,9,False,False,False
7,-0.07142857142857141,0.42857142857142855,-0.9114285714285714,0.7685714285714286,uncertain,2-10-A,13,False,10,23,9,False,False,False
7,-0.07142857142857141,0.42857142857142855,-0.9114285714285714,0.7685714285714286,uncertain,4-2-10,16,False,6,22,10,False,False,False
7,-0.07142857142857141,0.42857142857142855,-0.9114285714285714,0.7685714285714286,uncertain,4-2-9,15,False,10,25,10,False,False,False
7,-0.07142857142857141,0.42857142857142855,-0.9114285714285714,0.7685714285714286,uncertain,4-3-9,16,False,10,26,10,False,False,False
7,-0.07142857142857141,0.42857142857142855,-0.9114285714285714,0.7685714285714286,uncertain,6-9-A,16,False,10,26,10,False,False,False
7,-0.07142857142857142,0.42857142857142855,-0.9114285714285714,0.7685714285714286,uncertain,A-3-10,14,False,10,24,7,False,False,False
7,-0.07142857142857144,0.42857142857142855,-0.9114285714285714,0.7685714285714286,uncertain,6-8,14,False,8,22,9,False,False,True
7,-0.2857142857142857,0.21428571428571427,-0.7057142857142857,0.13428571428571429,uncertain,5-9,14,False,10,24,7,False,False,True
7,-0.5,0.0,-0.5,-0.5,uncertain,2-10-A,13,False,10,23,A,False,False,False
7,0.14285714285714285,0.4460712855998855,-0.7314425769186328,1.0171568626329184,uncertain,4-2-10,16,False,10,26,9,False,False,False
7,0.14285714285714285,0.4460712855998856,-0.731442576918633,1.0171568626329186,uncertain,10-5-A,16,False,10,26,9,False,False,False
7,0.14285714285714285,0.4460712855998856,-0.731442576918633,1.0171568626329186,uncertain,2-8-3,13,False,10,23,10,False,False,False
7,0.14285714285714285,0.4460712855998856,-0.731442576918633,1.0171568626329186,uncertain,3-3-8,14,False,10,24,10,False,False,False
7,0.14285714285714285,0.4460712855998856,-0.731442576918633,1.0171568626329186,uncertain,7-9,16,False,9,25,8,False,False,True
7,0.14285714285714285,0.4460712855998856,-0.731442576918633,1.0171568626329186,uncertain,A-5-10,16,False,7,23,10,False,False,False
7,0.3571428571428571,0.5532833351724881,-0.7272924797952195,1.4415781940809338,uncertain,4-10-A,15,False,10,25,9,False,False,False
7,0.35714285714285715,0.5532833351724881,-0.7272924797952194,1.4415781940809338,uncertain,5-9,14,False,8,22,10,False,False,True
7,0.35714285714285715,0.5532833351724881,-0.7272924797952194,1.4415781940809338,uncertain,6-6-3,15,False,10,25,10,False,False,False
7,0.35714285714285715,0.5532833351724881,-0.7272924797952194,1.4415781940809338,uncertain,7-6,13,False,10,23,7,False,False,True
7,0.35714285714285715,0.5532833351724881,-0.7272924797952194,1.4415781940809338,uncertain,7-9,16,False,8,24,9,False,False,True
7,0.5714285714285714,0.539273888233625,-0.4855482495093335,1.6284053923664763,uncertain,10-6,16,False,8,24,A,False,False,True
7,0.5714285714285714,0.539273888233625,-0.4855482495093335,1.6284053923664763,uncertain,2-10-4,16,False,10,26,8,False,False,False
7,0.5714285714285714,0.539273888233625,-0.4855482495093335,1.6284053923664763,uncertain,2-A-10,13,False,10,23,7,False,False,False
7,0.5714285714285714,0.539273888233625,-0.4855482495093335,1.6284053923664763,uncertain,4-5-4,13,False,10,23,10,False,False,False
7,0.5714285714285714,0.539273888233625,-0.4855482495093335,1.6284053923664763,uncertain,5-7-2,14,False,10,24,10,False,False,False
7,0.5714285714285714,0.539273888233625,-0.4855482495093335,1.6284053923664763,uncertain,A-7-4,12,False,10,22,10,False,False,False
7,0.7857142857142857,0.5101020306102035,-0.2140856942817132,1.7855142657102845,uncertain,3-9,12,False,10,22,A,False,False,True
7,0.7857142857142857,0.6060915267313265,-0.40222510667911415,1.9736536781076857,uncertain,10-3,13,False,9,22,A,False,False,True
7,0.7857142857142857,0.6060915267313265,-0.40222510667911415,1.9736536781076857,uncertain,A-2-10,13,False,9,22,10,False,False,False
7,1.0,0.5669467095138409,-0.11121555064712796,2.111215550647128,uncertain,4-A-10,15,False,10,25,8,False,False,False
70,0.7000000000000001,0.17427756828534594,0.358415966160722,1.0415840338392781,rescue,7-8,15,False,10,25,10,False,False,True
72,0.020833333333333346,0.1298689826725646,-0.23370987270489327,0.27537653937156,uncertain,10-5,15,False,7,22,10,False,False,True
8,-0.12499999999999999,0.37499999999999994,-0.8599999999999999,0.6099999999999999,uncertain,4-2-10,16,False,10,26,8,False,False,False
8,-0.125,0.37499999999999994,-0.8599999999999999,0.6099999999999999,uncertain,3-9-3,15,False,10,25,10,False,False,False
8,-0.125,0.37499999999999994,-0.8599999999999999,0.6099999999999999,uncertain,A-3-10,14,False,9,23,10,False,False,False
8,-0.12500000000000003,0.2454951265154914,-0.6061704479703631,0.3561704479703631,uncertain,7-8,15,False,10,25,A,False,False,True
8,-0.12500000000000003,0.375,-0.86,0.61,uncertain,2-A-9,12,False,10,22,10,False,False,False
8,-0.5,0.0,-0.5,-0.5,uncertain,3-2-10,15,False,10,25,8,False,False,False
8,-0.5,0.0,-0.5,-0.5,uncertain,3-3-6,12,False,10,22,10,False,False,False
8,-0.5,0.0,-0.5,-0.5,uncertain,5-2-6,13,False,10,23,10,False,False,False
8,-0.5,0.0,-0.5,-0.5,uncertain,6-2-8,16,False,10,26,10,False,False,False
8,0.0625,0.3945782106068634,-0.7108732927894522,0.8358732927894522,uncertain,4-A-10,15,False,7,22,10,False,False,False
8,0.0625,0.3945782106068634,-0.7108732927894522,0.8358732927894522,uncertain,6-10,16,False,8,24,A,False,False,True
8,0.0625,0.3945782106068634,-0.7108732927894522,0.8358732927894522,uncertain,6-10,16,False,9,25,A,False,False,True
8,0.0625,0.3945782106068634,-0.7108732927894522,0.8358732927894522,uncertain,7-6,13,False,10,23,A,False,False,True
8,0.0625,0.3945782106068634,-0.7108732927894522,0.8358732927894522,uncertain,7-A-5,13,False,10,23,10,False,False,False
8,0.25,0.40089186286863654,-0.5357480512225276,1.0357480512225274,uncertain,9-6,15,False,7,22,10,False,False,True
8,0.25,0.4909902530309828,-0.7123408959407262,1.2123408959407262,uncertain,10-2-A,13,False,10,23,8,False,False,False
8,0.25,0.4909902530309828,-0.7123408959407262,1.2123408959407262,uncertain,9-3-A,13,False,10,23,10,False,False,False
8,0.4375,0.3945782106068634,-0.3358732927894522,1.210873292789452,uncertain,10-2-4,16,False,9,25,10,False,False,False
8,0.625,0.5489437910335498,-0.4509298304257576,1.7009298304257576,uncertain,7-7,14,False,10,24,A,False,False,True
8,0.625,0.5489437910335498,-0.4509298304257576,1.7009298304257576,uncertain,9-3,12,False,10,22,A,False,False,True
8,0.625,0.5489437910335498,-0.4509298304257576,1.7009298304257576,uncertain,A-5-10,16,False,10,26,7,False,False,False
8,0.8125,0.44257263326406177,-0.05494236119756102,1.679942361197561,uncertain,5-8,13,False,9,22,9,False,False,True
8,0.8125,0.5255736661700513,-0.21762438569330045,1.8426243856933004,uncertain,3-10-3,16,False,10,26,8,False,False,False
8,0.8125,0.5255736661700513,-0.21762438569330045,1.8426243856933004,uncertain,5-8-3,16,False,10,26,10,False,False,False
8,0.9999999999999999,0.5669467095138409,-0.11121555064712807,2.111215550647128,uncertain,7-6,13,False,9,22,10,False,False,True
8,1.0,0.5669467095138409,-0.11121555064712796,2.111215550647128,uncertain,3-10,13,False,10,23,7,True,False,True
8,1.0,0.5669467095138409,-0.11121555064712796,2.111215550647128,uncertain,3-10-A,14,False,10,24,9,False,False,False
8,1.0,0.5669467095138409,-0.11121555064712796,2.111215550647128,uncertain,8-7,15,False,10,25,8,False,False,True
8,1.1875,0.5255736661700513,0.15737561430669955,2.2176243856933002,uncertain,10-3-2,15,False,8,23,10,False,False,False
8,1.375,0.5489437910335498,0.2990701695742424,2.450929830425758,uncertain,10-6,16,False,7,23,8,False,False,True
8,1.375,0.5489437910335498,0.2990701695742424,2.450929830425758,uncertain,4-3-5,12,False,10,22,10,False,False,False
81,0.11111111111111109,0.12576923802968631,-0.1353965954270741,0.35761881764929626,uncertain,6-10,16,False,10,26,9,False,False,True
9,-0.16666666666666666,0.3333333333333333,-0.82,0.4866666666666667,uncertain,10-2-4,16,False,8,24,10,False,False,False
9,0.0,0.35355339059327373,-0.6929646455628165,0.6929646455628165,uncertain,6-10,16,False,6,22,7,False,False,True
9,0.16666666666666669,0.44095855184409843,-0.6976120949477662,1.0309454282810997,uncertain,3-10,13,False,9,22,8,False,False,True
9,0.16666666666666669,0.44095855184409843,-0.6976120949477662,1.0309454282810997,uncertain,6-8,14,False,10,24,A,False,False,True
9,0.16666666666666674,0.44095855184409843,-0.6976120949477662,1.0309454282810997,uncertain,10-6,16,False,9,25,A,False,False,True
9,0.3333333333333333,0.44095855184409843,-0.5309454282810997,1.1976120949477662,uncertain,10-5,15,False,9,24,A,False,False,True
9,0.3333333333333333,0.44095855184409843,-0.5309454282810997,1.1976120949477662,uncertain,2-10,12,False,10,22,3,True,False,True
9,0.3333333333333333,0.44095855184409843,-0.5309454282810997,1.1976120949477662,uncertain,4-10,14,False,9,23,9,False,False,True
9,0.49999999999999994,0.5,-0.48000000000000004,1.48,uncertain,6-10,16,False,9,25,8,False,False,True
9,0.5,0.5,-0.48,1.48,uncertain,10-5,15,False,9,24,9,False,False,True
9,0.5,0.5,-0.48,1.48,uncertain,5-7-4,16,False,10,26,10,False,False,False
9,0.5,0.5,-0.48,1.48,uncertain,6-7,13,False,10,23,A,False,False,True
9,0.5,0.5,-0.48,1.48,uncertain,7-7,14,False,10,24,8,False,False,True
9,0.6666666666666666,0.4859126579037751,-0.2857221428247325,1.6190554761580658,uncertain,5-7,12,False,10,22,7,False,False,True
9,0.8333333333333334,0.5270462766947299,-0.1996773689883372,1.866344035655004,uncertain,2-10,12,False,10,22,7,True,False,True
9,0.8333333333333334,0.5270462766947299,-0.1996773689883372,1.866344035655004,uncertain,6-7,13,False,9,22,8,False,False,True
9,1.0,0.5,0.020000000000000018,1.98,uncertain,4-2-6,12,False,10,22,10,False,False,False
9,1.0,0.5,0.020000000000000018,1.98,uncertain,7-5,12,False,10,22,A,False,False,True
9,1.3333333333333333,0.4859126579037751,0.3809445238419341,2.2857221428247323,uncertain,9-6,15,False,10,25,7,False,False,True
