pre_hit_hard_or_soft,pre_hit_total,dealer_upcard,bust_causing_card,busted_total,replacement_card,final_hand_outcome,split_hand_status,double_status,player_cards_before_hit,opportunities,rescue_attempts,survival_probability,final_win_probability,final_push_probability,final_loss_probability,average_total_result,incremental_rescue_ev_versus_declining,standard_error,confidence_interval_95_low,confidence_interval_95_high,recommended_decision
hard,12,10,10,22,,loss,False,False,10-2,212,0,0.0,0.0,0.0,0.0,0.0,0.0,0.0,0.0,0.0,uncertain
hard,12,10,10,22,,loss,False,False,A-2-9,2,0,0.0,0.0,0.0,0.0,0.0,0.0,0.0,0.0,0.0,uncertain
hard,12,10,10,22,,loss,False,False,6-6,57,0,0.0,0.0,0.0,0.0,0.0,0.0,0.0,0.0,0.0,uncertain
hard,12,10,10,22,,loss,False,False,7-5,42,0,0.0,0.0,0.0,0.0,0.0,0.0,0.0,0.0,0.0,uncertain
hard,12,10,10,22,,loss,False,False,2-8-2,3,0,0.0,0.0,0.0,0.0,0.0,0.0,0.0,0.0,0.0,uncertain
hard,12,10,10,22,,loss,False,False,8-4,55,0,0.0,0.0,0.0,0.0,0.0,0.0,0.0,0.0,0.0,uncertain
hard,12,10,10,22,,loss,False,False,4-3-5,6,0,0.0,0.0,0.0,0.0,0.0,0.0,0.0,0.0,0.0,uncertain
hard,12,10,10,22,,loss,False,False,2-10,198,0,0.0,0.0,0.0,0.0,0.0,0.0,0.0,0.0,0.0,uncertain
hard,12,10,10,22,,loss,False,False,A-7-4,9,0,0.0,0.0,0.0,0.0,0.0,0.0,0.0,0.0,0.0,uncertain
hard,12,10,10,22,,loss,False,False,5-3-3-A,1,0,0.0,0.0,0.0,0.0,0.0,0.0,0.0,0.0,0.0,uncertain
hard,12,10,10,22,,loss,False,False,9-3,57,0,0.0,0.0,0.0,0.0,0.0,0.0,0.0,0.0,0.0,uncertain
hard,12,10,10,22,,loss,False,False,3-9,68,0,0.0,0.0,0.0,0.0,0.0,0.0,0.0,0.0,0.0,uncertain
hard,12,10,10,22,,loss,False,False,5-A-2-4,1,0,0.0,0.0,0.0,0.0,0.0,0.0,0.0,0.0,0.0,uncertain
hard,12,10,10,22,,loss,False,False,5-7,47,0,0.0,0.0,0.0,0.0,0.0,0.0,0.0,0.0,0.0,uncertain
hard,12,10,10,22,,loss,False,False,3-3-6,7,0,0.0,0.0,0.0,0.0,0.0,0.0,0.0,0.0,0.0,uncertain
hard,12,10,10,22,,loss,False,False,7-3-2,4,0,0.0,0.0,0.0,0.0,0.0,0.0,0.0,0.0,0.0,uncertain
hard,12,10,10,22,,loss,False,False,4-5-3,4,0,0.0,0.0,0.0,0.0,0.0,0.0,0.0,0.0,0.0,uncertain
hard,12,10,10,22,,loss,False,False,A-4-2-5,2,0,0.0,0.0,0.0,0.0,0.0,0.0,0.0,0.0,0.0,uncertain
hard,12,10,10,22,,loss,False,False,2-3-7,6,0,0.0,0.0,0.0,0.0,0.0,0.0,0.0,0.0,0.0,uncertain
hard,12,10,10,22,,loss,False,False,A-4-7,7,0,0.0,0.0,0.0,0.0,0.0,0.0,0.0,0.0,0.0,uncertain
hard,12,10,10,22,,loss,False,False,3-7-2,5,0,0.0,0.0,0.0,0.0,0.0,0.0,0.0,0.0,0.0,uncertain
hard,12,10,10,22,,loss,False,False,3-6-3,2,0,0.0,0.0,0.0,0.0,0.0,0.0,0.0,0.0,0.0,uncertain
hard,12,10,10,22,,loss,False,False,4-8,62,0,0.0,0.0,0.0,0.0,0.0,0.0,0.0,0.0,0.0,uncertain
hard,12,10,10,22,,loss,False,False,4-A-7,3,0,0.0,0.0,0.0,0.0,0.0,0.0,0.0,0.0,0.0,uncertain
hard,12,10,10,22,,loss,False,False,2-4-6,10,0,0.0,0.0,0.0,0.0,0.0,0.0,0.0,0.0,0.0,uncertain
hard,12,10,10,22,,loss,False,False,3-2-7,6,0,0.0,0.0,0.0,0.0,0.0,0.0,0.0,0.0,0.0,uncertain
hard,12,10,10,22,,loss,False,False,3-5-4,7,0,0.0,0.0,0.0,0.0,0.0,0.0,0.0,0.0,0.0,uncertain
hard,12,10,10,22,,loss,False,False,4-2-6,10,0,0.0,0.0,0.0,0.0,0.0,0.0,0.0,0.0,0.0,uncertain
hard,12,10,10,22,,loss,False,False,3-A-8,2,0,0.0,0.0,0.0,0.0,0.0,0.0,0.0,0.0,0.0,uncertain
hard,12,10,10,22,,loss,False,False,2-7-2-A,3,0,0.0,0.0,0.0,0.0,0.0,0.0,0.0,0.0,0.0,uncertain
hard,12,10,10,22,,loss,False,False,3-2-2-5,2,0,0.0,0.0,0.0,0.0,0.0,0.0,0.0,0.0,0.0,uncertain
hard,12,10,10,22,,loss,False,False,2-A-9,6,0,0.0,0.0,0.0,0.0,0.0,0.0,0.0,0.0,0.0,uncertain
hard,12,10,10,22,,loss,True,False,8-4,11,0,0.0,0.0,0.0,0.0,0.0,0.0,0.0,0.0,0.0,uncertain
hard,12,10,10,22,,loss,False,False,5-5-2,6,0,0.0,0.0,0.0,0.0,0.0,0.0,0.0,0.0,0.0,uncertain
hard,12,10,10,22,,loss,False,False,3-A-4-4,1,0,0.0,0.0,0.0,0.0,0.0,0.0,0.0,0.0,0.0,uncertain
hard,12,10,10,22,,loss,False,False,5-4-3,6,0,0.0,0.0,0.0,0.0,0.0,0.0,0.0,0.0,0.0,uncertain
hard,12,10,10,22,,loss,False,False,6-3-3,4,0,0.0,0.0,0.0,0.0,0.0,0.0,0.0,0.0,0.0,uncertain
hard,12,10,10,22,,loss,False,False,8-2-2,5,0,0.0,0.0,0.0,0.0,0.0,0.0,0.0,0.0,0.0,uncertain
hard,12,10,10,22,,loss,False,False,2-3-A-6,1,0,0.0,0.0,0.0,0.0,0.0,0.0,0.0,0.0,0.0,uncertain
hard,12,10,10,22,,loss,False,False,4-4-4,3,0,0.0,0.0,0.0,0.0,0.0,0.0,0.0,0.0,0.0,uncertain
hard,12,10,10,22,,loss,False,False,3-5-3-A,1,0,0.0,0.0,0.0,0.0,0.0,0.0,0.0,0.0,0.0,uncertain
hard,12,10,10,22,,loss,False,False,3-A-3-5,1,0,0.0,0.0,0.0,0.0,0.0,0.0,0.0,0.0,0.0,uncertain
hard,12,10,10,22,,loss,False,False,5-A-6,2,0,0.0,0.0,0.0,0.0,0.0,0.0,0.0,0.0,0.0,uncertain
hard,12,10,10,22,,loss,False,False,5-3-2-2,1,0,0.0,0.0,0.0,0.0,0.0,0.0,0.0,0.0,0.0,uncertain
hard,12,10,10,22,,loss,False,False,6-2-4,2,0,0.0,0.0,0.0,0.0,0.0,0.0,0.0,0.0,0.0,uncertain
hard,12,10,10,22,,loss,False,False,2-7-3,5,0,0.0,0.0,0.0,0.0,0.0,0.0,0.0,0.0,0.0,uncertain
hard,12,10,10,22,,loss,False,False,2-5-5,4,0,0.0,0.0,0.0,0.0,0.0,0.0,0.0,0.0,0.0,uncertain
hard,12,10,10,22,,loss,False,False,5-3-4,2,0,0.0,0.0,0.0,0.0,0.0,0.0,0.0,0.0,0.0,uncertain
hard,12,10,10,22,,loss,False,False,4-2-4-2,1,0,0.0,0.0,0.0,0.0,0.0,0.0,0.0,0.0,0.0,uncertain
hard,12,10,10,22,,loss,False,False,2-5-3-2,2,0,0.0,0.0,0.0,0.0,0.0,0.0,0.0,0.0,0.0,uncertain
hard,12,10,10,22,,loss,False,False,7-A-4,2,0,0.0,0.0,0.0,0.0,0.0,0.0,0.0,0.0,0.0,uncertain
hard,12,10,10,22,,loss,False,False,6-4-2,5,0,0.0,0.0,0.0,0.0,0.0,0.0,0.0,0.0,0.0,uncertain
hard,12,10,10,22,,loss,False,False,2-2-2-6,1,0,0.0,0.0,0.0,0.0,0.0,0.0,0.0,0.0,0.0,uncertain
hard,12,10,10,22,,loss,False,False,2-4-2-4,1,0,0.0,0.0,0.0,0.0,0.0,0.0,0.0,0.0,0.0,uncertain
hard,12,10,10,22,,loss,False,False,2-2-8,3,0,0.0,0.0,0.0,0.0,0.0,0.0,0.0,0.0,0.0,uncertain
hard,12,10,10,22,,loss,False,False,7-2-2-A,1,0,0.0,0.0,0.0,0.0,0.0,0.0,0.0,0.0,0.0,uncertain
hard,12,10,10,22,,loss,False,False,2-A-2-7,1,0,0.0,0.0,0.0,0.0,0.0,0.0,0.0,0.0,0.0,uncertain
hard,12,10,10,22,,loss,False,False,7-2-3,1,0,0.0,0.0,0.0,0.0,0.0,0.0,0.0,0.0,0.0,uncertain
hard,12,10,10,22,,loss,False,False,3-4-5,2,0,0.0,0.0,0.0,0.0,0.0,0.0,0.0,0.0,0.0,uncertain
hard,12,10,10,22,,loss,False,False,A-3-8,3,0,0.0,0.0,0.0,0.0,0.0,0.0,0.0,0.0,0.0,uncertain
hard,12,10,10,22,,loss,False,False,5-2-4-A,1,0,0.0,0.0,0.0,0.0,0.0,0.0,0.0,0.0,0.0,uncertain
hard,12,10,10,22,,loss,False,False,A-6-5,5,0,0.0,0.0,0.0,0.0,0.0,0.0,0.0,0.0,0.0,uncertain
hard,12,10,10,22,,loss,False,False,4-2-5-A,1,0,0.0,0.0,0.0,0.0,0.0,0.0,0.0,0.0,0.0,uncertain
hard,12,10,10,22,,loss,False,False,3-5-2-2,1,0,0.0,0.0,0.0,0.0,0.0,0.0,0.0,0.0,0.0,uncertain
hard,12,10,10,22,,loss,False,False,2-3-2-5,2,0,0.0,0.0,0.0,0.0,0.0,0.0,0.0,0.0,0.0,uncertain
hard,12,10,10,22,,loss,False,False,4-3-2-3,1,0,0.0,0.0,0.0,0.0,0.0,0.0,0.0,0.0,0.0,uncertain
hard,12,10,10,22,,loss,False,False,6-A-5,3,0,0.0,0.0,0.0,0.0,0.0,0.0,0.0,0.0,0.0,uncertain
hard,12,10,10,22,,loss,False,False,2-4-3-3,1,0,0.0,0.0,0.0,0.0,0.0,0.0,0.0,0.0,0.0,uncertain
hard,12,10,10,22,,loss,False,False,4-A-2-5,1,0,0.0,0.0,0.0,0.0,0.0,0.0,0.0,0.0,0.0,uncertain
hard,12,10,10,22,,loss,False,False,2-A-A-8,1,0,0.0,0.0,0.0,0.0,0.0,0.0,0.0,0.0,0.0,uncertain
hard,12,10,10,22,,loss,False,False,2-3-6-A,1,0,0.0,0.0,0.0,0.0,0.0,0.0,0.0,0.0,0.0,uncertain
hard,12,10,10,22,,loss,False,False,5-2-5,1,0,0.0,0.0,0.0,0.0,0.0,0.0,0.0,0.0,0.0,uncertain
hard,12,10,10,22,,loss,False,False,2-A-4-5,1,0,0.0,0.0,0.0,0.0,0.0,0.0,0.0,0.0,0.0,uncertain
hard,12,10,10,22,,loss,False,False,4-6-2,2,0,0.0,0.0,0.0,0.0,0.0,0.0,0.0,0.0,0.0,uncertain
hard,12,10,10,22,,loss,False,False,3-4-2-3,2,0,0.0,0.0,0.0,0.0,0.0,0.0,0.0,0.0,0.0,uncertain
hard,12,10,10,22,,loss,False,False,2-6-4,1,0,0.0,0.0,0.0,0.0,0.0,0.0,0.0,0.0,0.0,uncertain
hard,12,10,10,22,,loss,False,False,3-3-5-A,1,0,0.0,0.0,0.0,0.0,0.0,0.0,0.0,0.0,0.0,uncertain
hard,12,10,10,22,,loss,False,False,2-3-5-2,1,0,0.0,0.0,0.0,0.0,0.0,0.0,0.0,0.0,0.0,uncertain
hard,12,2,10,22,,loss,False,False,4-8,7,0,0.0,0.0,0.0,0.0,0.0,0.0,0.0,0.0,0.0,uncertain
hard,12,2,10,22,,loss,False,False,10-2,61,0,0.0,0.0,0.0,0.0,0.0,0.0,0.0,0.0,0.0,uncertain
hard,12,2,10,22,,loss,False,False,4-3-5,2,0,0.0,0.0,0.0,0.0,0.0,0.0,0.0,0.0,0.0,uncertain
hard,12,2,10,22,,loss,False,False,5-7,7,0,0.0,0.0,0.0,0.0,0.0,0.0,0.0,0.0,0.0,uncertain
hard,12,2,10,22,,loss,False,False,8-4,16,0,0.0,0.0,0.0,0.0,0.0,0.0,0.0,0.0,0.0,uncertain
hard,12,2,10,22,,loss,True,False,2-10,4,0,0.0,0.0,0.0,0.0,0.0,0.0,0.0,0.0,0.0,uncertain
hard,12,2,10,22,,loss,False,False,2-10,53,0,0.0,0.0,0.0,0.0,0.0,0.0,0.0,0.0,0.0,uncertain
hard,12,2,10,22,,loss,False,False,9-3,17,0,0.0,0.0,0.0,0.0,0.0,0.0,0.0,0.0,0.0,uncertain
hard,12,2,10,22,,loss,False,False,3-2-7,2,0,0.0,0.0,0.0,0.0,0.0,0.0,0.0,0.0,0.0,uncertain
hard,12,2,10,22,,loss,False,False,7-5,15,0,0.0,0.0,0.0,0.0,0.0,0.0,0.0,0.0,0.0,uncertain
hard,12,2,10,22,,loss,False,False,2-7-3,1,0,0.0,0.0,0.0,0.0,0.0,0.0,0.0,0.0,0.0,uncertain
hard,12,2,10,22,,loss,False,False,6-2-4,1,0,0.0,0.0,0.0,0.0,0.0,0.0,0.0,0.0,0.0,uncertain
hard,12,2,10,22,,loss,False,False,5-A-6,1,0,0.0,0.0,0.0,0.0,0.0,0.0,0.0,0.0,0.0,uncertain
hard,12,2,10,22,,loss,False,False,4-A-7,3,0,0.0,0.0,0.0,0.0,0.0,0.0,0.0,0.0,0.0,uncertain
hard,12,2,10,22,,loss,False,False,4-4-4,2,0,0.0,0.0,0.0,0.0,0.0,0.0,0.0,0.0,0.0,uncertain
hard,12,2,10,22,,loss,False,False,3-6-3,2,0,0.0,0.0,0.0,0.0,0.0,0.0,0.0,0.0,0.0,uncertain
hard,12,2,10,22,,loss,False,False,3-9,13,0,0.0,0.0,0.0,0.0,0.0,0.0,0.0,0.0,0.0,uncertain
hard,12,2,10,22,,loss,False,False,3-5-4,1,0,0.0,0.0,0.0,0.0,0.0,0.0,0.0,0.0,0.0,uncertain
hard,12,2,10,22,,loss,False,False,5-4-3,1,0,0.0,0.0,0.0,0.0,0.0,0.0,0.0,0.0,0.0,uncertain
hard,12,2,10,22,,loss,False,False,A-3-8,1,0,0.0,0.0,0.0,0.0,0.0,0.0,0.0,0.0,0.0,uncertain
hard,12,2,10,22,,loss,True,False,2-A-9,1,0,0.0,0.0,0.0,0.0,0.0,0.0,0.0,0.0,0.0,uncertain
hard,12,2,10,22,,loss,False,False,5-3-4,3,0,0.0,0.0,0.0,0.0,0.0,0.0,0.0,0.0,0.0,uncertain
hard,12,2,10,22,,loss,True,False,6-2-4,1,0,0.0,0.0,0.0,0.0,0.0,0.0,0.0,0.0,0.0,uncertain
hard,12,2,10,22,,loss,False,False,7-2-3,2,0,0.0,0.0,0.0,0.0,0.0,0.0,0.0,0.0,0.0,uncertain
hard,12,2,10,22,,loss,False,False,4-3-3-2,1,0,0.0,0.0,0.0,0.0,0.0,0.0,0.0,0.0,0.0,uncertain
hard,12,2,10,22,,loss,False,False,2-5-5,1,0,0.0,0.0,0.0,0.0,0.0,0.0,0.0,0.0,0.0,uncertain
hard,12,2,10,22,,loss,False,False,6-3-3,1,0,0.0,0.0,0.0,0.0,0.0,0.0,0.0,0.0,0.0,uncertain
hard,12,2,10,22,,loss,True,False,2-5-5,1,0,0.0,0.0,0.0,0.0,0.0,0.0,0.0,0.0,0.0,uncertain
hard,12,2,10,22,,loss,True,False,3-A-8,1,0,0.0,0.0,0.0,0.0,0.0,0.0,0.0,0.0,0.0,uncertain
hard,12,2,10,22,,loss,False,False,A-6-5,2,0,0.0,0.0,0.0,0.0,0.0,0.0,0.0,0.0,0.0,uncertain
hard,12,2,10,22,,loss,False,False,3-A-8,1,0,0.0,0.0,0.0,0.0,0.0,0.0,0.0,0.0,0.0,uncertain
hard,12,2,10,22,,loss,False,False,5-2-4-A,1,0,0.0,0.0,0.0,0.0,0.0,0.0,0.0,0.0,0.0,uncertain
hard,12,2,10,22,,loss,False,False,A-4-7,2,0,0.0,0.0,0.0,0.0,0.0,0.0,0.0,0.0,0.0,uncertain
hard,12,2,10,22,,loss,True,False,2-3-7,2,0,0.0,0.0,0.0,0.0,0.0,0.0,0.0,0.0,0.0,uncertain
hard,12,2,10,22,,loss,False,False,3-5-3-A,1,0,0.0,0.0,0.0,0.0,0.0,0.0,0.0,0.0,0.0,uncertain
hard,12,2,10,22,,loss,False,False,3-A-3-5,1,0,0.0,0.0,0.0,0.0,0.0,0.0,0.0,0.0,0.0,uncertain
hard,12,2,10,22,,loss,False,False,5-A-A-5,1,0,0.0,0.0,0.0,0.0,0.0,0.0,0.0,0.0,0.0,uncertain
hard,12,2,10,22,,loss,False,False,2-3-7,1,0,0.0,0.0,0.0,0.0,0.0,0.0,0.0,0.0,0.0,uncertain
hard,12,2,10,22,,loss,False,False,4-2-6,1,0,0.0,0.0,0.0,0.0,0.0,0.0,0.0,0.0,0.0,uncertain
hard,12,2,10,22,,loss,False,False,A-2-9,1,0,0.0,0.0,0.0,0.0,0.0,0.0,0.0,0.0,0.0,uncertain
hard,12,2,10,22,,loss,False,False,6-A-5,1,0,0.0,0.0,0.0,0.0,0.0,0.0,0.0,0.0,0.0,uncertain
hard,12,2,10,22,,loss,False,False,A-5-6,2,0,0.0,0.0,0.0,0.0,0.0,0.0,0.0,0.0,0.0,uncertain
hard,12,2,10,22,,loss,True,False,9-3,1,0,0.0,0.0,0.0,0.0,0.0,0.0,0.0,0.0,0.0,uncertain
hard,12,3,10,22,,loss,False,False,3-9,9,0,0.0,0.0,0.0,0.0,0.0,0.0,0.0,0.0,0.0,uncertain
hard,12,3,10,22,,loss,False,False,10-2,61,0,0.0,0.0,0.0,0.0,0.0,0.0,0.0,0.0,0.0,uncertain
hard,12,3,10,22,,loss,False,False,2-A-9,2,0,0.0,0.0,0.0,0.0,0.0,0.0,0.0,0.0,0.0,uncertain
hard,12,3,10,22,,loss,False,False,4-2-6,3,0,0.0,0.0,0.0,0.0,0.0,0.0,0.0,0.0,0.0,uncertain
hard,12,3,10,22,,loss,True,False,8-4,3,0,0.0,0.0,0.0,0.0,0.0,0.0,0.0,0.0,0.0,uncertain
hard,12,3,10,22,,loss,True,False,3-9,2,0,0.0,0.0,0.0,0.0,0.0,0.0,0.0,0.0,0.0,uncertain
hard,12,3,10,22,,loss,False,False,2-6-3-A,1,0,0.0,0.0,0.0,0.0,0.0,0.0,0.0,0.0,0.0,uncertain
hard,12,3,10,22,,loss,False,False,2-10,62,0,0.0,0.0,0.0,0.0,0.0,0.0,0.0,0.0,0.0,uncertain
hard,12,3,10,22,,loss,True,False,2-10,11,0,0.0,0.0,0.0,0.0,0.0,0.0,0.0,0.0,0.0,uncertain
hard,12,3,10,22,,loss,False,False,8-4,19,0,0.0,0.0,0.0,0.0,0.0,0.0,0.0,0.0,0.0,uncertain
hard,12,3,10,22,,loss,False,False,7-5,14,0,0.0,0.0,0.0,0.0,0.0,0.0,0.0,0.0,0.0,uncertain
hard,12,3,10,22,,loss,False,False,9-3,19,0,0.0,0.0,0.0,0.0,0.0,0.0,0.0,0.0,0.0,uncertain
hard,12,3,10,22,,loss,False,False,2-4-6,2,0,0.0,0.0,0.0,0.0,0.0,0.0,0.0,0.0,0.0,uncertain
hard,12,3,10,22,,loss,False,False,4-8,20,0,0.0,0.0,0.0,0.0,0.0,0.0,0.0,0.0,0.0,uncertain
hard,12,3,10,22,,loss,False,False,5-7,10,0,0.0,0.0,0.0,0.0,0.0,0.0,0.0,0.0,0.0,uncertain
hard,12,3,10,22,,loss,False,False,3-A-8,2,0,0.0,0.0,0.0,0.0,0.0,0.0,0.0,0.0,0.0,uncertain
hard,12,3,10,22,,loss,True,False,7-5,3,0,0.0,0.0,0.0,0.0,0.0,0.0,0.0,0.0,0.0,uncertain
hard,12,3,10,22,,loss,False,False,A-5-6,1,0,0.0,0.0,0.0,0.0,0.0,0.0,0.0,0.0,0.0,uncertain
hard,12,3,10,22,,loss,False,False,5-2-5,3,0,0.0,0.0,0.0,0.0,0.0,0.0,0.0,0.0,0.0,uncertain
hard,12,3,10,22,,loss,False,False,A-2-9,2,0,0.0,0.0,0.0,0.0,0.0,0.0,0.0,0.0,0.0,uncertain
hard,12,3,10,22,,loss,True,False,9-3,1,0,0.0,0.0,0.0,0.0,0.0,0.0,0.0,0.0,0.0,uncertain
hard,12,3,10,22,,loss,True,False,2-3-7,1,0,0.0,0.0,0.0,0.0,0.0,0.0,0.0,0.0,0.0,uncertain
hard,12,3,10,22,,loss,False,False,4-4-4,1,0,0.0,0.0,0.0,0.0,0.0,0.0,0.0,0.0,0.0,uncertain
hard,12,3,10,22,,loss,False,False,A-3-8,1,0,0.0,0.0,0.0,0.0,0.0,0.0,0.0,0.0,0.0,uncertain
hard,12,3,10,22,,loss,False,False,3-4-5,1,0,0.0,0.0,0.0,0.0,0.0,0.0,0.0,0.0,0.0,uncertain
hard,12,3,10,22,,loss,False,False,5-A-2-4,1,0,0.0,0.0,0.0,0.0,0.0,0.0,0.0,0.0,0.0,uncertain
hard,12,3,10,22,,loss,False,False,4-A-7,1,0,0.0,0.0,0.0,0.0,0.0,0.0,0.0,0.0,0.0,uncertain
hard,12,3,10,22,,loss,True,False,3-2-5-2,1,0,0.0,0.0,0.0,0.0,0.0,0.0,0.0,0.0,0.0,uncertain
hard,12,3,10,22,,loss,False,False,5-A-6,1,0,0.0,0.0,0.0,0.0,0.0,0.0,0.0,0.0,0.0,uncertain
hard,12,3,10,22,,loss,True,False,2-6-4,1,0,0.0,0.0,0.0,0.0,0.0,0.0,0.0,0.0,0.0,uncertain
hard,12,3,10,22,,loss,False,False,A-4-7,1,0,0.0,0.0,0.0,0.0,0.0,0.0,0.0,0.0,0.0,uncertain
hard,12,3,10,22,,loss,False,False,4-3-5,2,0,0.0,0.0,0.0,0.0,0.0,0.0,0.0,0.0,0.0,uncertain
hard,12,7,10,22,,loss,False,False,5-A-6,2,0,0.0,0.0,0.0,0.0,0.0,0.0,0.0,0.0,0.0,uncertain
hard,12,7,10,22,,loss,False,False,A-3-8,1,0,0.0,0.0,0.0,0.0,0.0,0.0,0.0,0.0,0.0,uncertain
hard,12,7,10,22,,loss,False,False,10-2,52,0,0.0,0.0,0.0,0.0,0.0,0.0,0.0,0.0,0.0,uncertain
hard,12,7,10,22,,loss,True,False,2-10,6,0,0.0,0.0,0.0,0.0,0.0,0.0,0.0,0.0,0.0,uncertain
hard,12,7,10,22,,loss,False,False,6-6,12,0,0.0,0.0,0.0,0.0,0.0,0.0,0.0,0.0,0.0,uncertain
hard,12,7,10,22,,loss,True,False,7-5,3,0,0.0,0.0,0.0,0.0,0.0,0.0,0.0,0.0,0.0,uncertain
hard,12,7,10,22,,loss,False,False,2-10,45,0,0.0,0.0,0.0,0.0,0.0,0.0,0.0,0.0,0.0,uncertain
hard,12,7,10,22,,loss,False,False,2-7-2-A,1,0,0.0,0.0,0.0,0.0,0.0,0.0,0.0,0.0,0.0,uncertain
hard,12,7,10,22,,loss,False,False,3-9,12,0,0.0,0.0,0.0,0.0,0.0,0.0,0.0,0.0,0.0,uncertain
hard,12,7,10,22,,loss,True,False,3-4-5,1,0,0.0,0.0,0.0,0.0,0.0,0.0,0.0,0.0,0.0,uncertain
hard,12,7,10,22,,loss,False,False,4-8,12,0,0.0,0.0,0.0,0.0,0.0,0.0,0.0,0.0,0.0,uncertain
hard,12,7,10,22,,loss,False,False,3-4-5,2,0,0.0,0.0,0.0,0.0,0.0,0.0,0.0,0.0,0.0,uncertain
hard,12,7,10,22,,loss,False,False,A-2-9,4,0,0.0,0.0,0.0,0.0,0.0,0.0,0.0,0.0,0.0,uncertain
hard,12,7,10,22,,loss,False,False,3-A-8,3,0,0.0,0.0,0.0,0.0,0.0,0.0,0.0,0.0,0.0,uncertain
hard,12,7,10,22,,loss,False,False,8-4,14,0,0.0,0.0,0.0,0.0,0.0,0.0,0.0,0.0,0.0,uncertain
hard,12,7,10,22,,loss,False,False,5-7,7,0,0.0,0.0,0.0,0.0,0.0,0.0,0.0,0.0,0.0,uncertain
hard,12,7,10,22,,loss,False,False,6-A-5,2,0,0.0,0.0,0.0,0.0,0.0,0.0,0.0,0.0,0.0,uncertain
hard,12,7,10,22,,loss,False,False,2-3-2-5,1,0,0.0,0.0,0.0,0.0,0.0,0.0,0.0,0.0,0.0,uncertain
hard,12,7,10,22,,loss,True,False,3-9,1,0,0.0,0.0,0.0,0.0,0.0,0.0,0.0,0.0,0.0,uncertain
hard,12,7,10,22,,loss,False,False,9-3,19,0,0.0,0.0,0.0,0.0,0.0,0.0,0.0,0.0,0.0,uncertain
hard,12,7,10,22,,loss,False,False,7-5,20,0,0.0,0.0,0.0,0.0,0.0,0.0,0.0,0.0,0.0,uncertain
hard,12,7,10,22,,loss,False,False,A-4-7,3,0,0.0,0.0,0.0,0.0,0.0,0.0,0.0,0.0,0.0,uncertain
hard,12,7,10,22,,loss,False,False,A-5-6,4,0,0.0,0.0,0.0,0.0,0.0,0.0,0.0,0.0,0.0,uncertain
hard,12,7,10,22,,loss,False,False,3-6-3,1,0,0.0,0.0,0.0,0.0,0.0,0.0,0.0,0.0,0.0,uncertain
hard,12,7,10,22,,loss,True,False,2-6-4,2,0,0.0,0.0,0.0,0.0,0.0,0.0,0.0,0.0,0.0,uncertain
hard,12,7,10,22,,loss,False,False,2-7-3,1,0,0.0,0.0,0.0,0.0,0.0,0.0,0.0,0.0,0.0,uncertain
hard,12,7,10,22,,loss,False,False,2-3-7,2,0,0.0,0.0,0.0,0.0,0.0,0.0,0.0,0.0,0.0,uncertain
hard,12,7,10,22,,loss,False,False,5-3-4,1,0,0.0,0.0,0.0,0.0,0.0,0.0,0.0,0.0,0.0,uncertain
hard,12,7,10,22,,loss,False,False,4-5-3,2,0,0.0,0.0,0.0,0.0,0.0,0.0,0.0,0.0,0.0,uncertain
hard,12,7,10,22,,loss,True,False,8-4,1,0,0.0,0.0,0.0,0.0,0.0,0.0,0.0,0.0,0.0,uncertain
hard,12,7,10,22,,loss,False,False,A-6-5,2,0,0.0,0.0,0.0,0.0,0.0,0.0,0.0,0.0,0.0,uncertain
hard,12,7,10,22,,loss,False,False,4-A-7,1,0,0.0,0.0,0.0,0.0,0.0,0.0,0.0,0.0,0.0,uncertain
hard,12,7,10,22,,loss,False,False,2-6-3-A,1,0,0.0,0.0,0.0,0.0,0.0,0.0,0.0,0.0,0.0,uncertain
hard,12,7,10,22,,loss,False,False,2-6-4,1,0,0.0,0.0,0.0,0.0,0.0,0.0,0.0,0.0,0.0,uncertain
hard,12,7,10,22,,loss,False,False,3-2-7,3,0,0.0,0.0,0.0,0.0,0.0,0.0,0.0,0.0,0.0,uncertain
hard,12,7,10,22,,loss,False,False,6-3-3,1,0,0.0,0.0,0.0,0.0,0.0,0.0,0.0,0.0,0.0,uncertain
hard,12,7,10,22,,loss,False,False,4-3-2-3,1,0,0.0,0.0,0.0,0.0,0.0,0.0,0.0,0.0,0.0,uncertain
hard,12,7,10,22,,loss,False,False,2-4-6,1,0,0.0,0.0,0.0,0.0,0.0,0.0,0.0,0.0,0.0,uncertain
hard,12,7,10,22,,loss,False,False,5-2-5,2,0,0.0,0.0,0.0,0.0,0.0,0.0,0.0,0.0,0.0,uncertain
hard,12,7,10,22,,loss,False,False,2-5-5,1,0,0.0,0.0,0.0,0.0,0.0,0.0,0.0,0.0,0.0,uncertain
hard,12,7,10,22,,loss,False,False,7-2-3,1,0,0.0,0.0,0.0,0.0,0.0,0.0,0.0,0.0,0.0,uncertain
hard,12,7,10,22,,loss,False,False,2-A-9,1,0,0.0,0.0,0.0,0.0,0.0,0.0,0.0,0.0,0.0,uncertain
hard,12,7,10,22,,loss,False,False,4-4-4,1,0,0.0,0.0,0.0,0.0,0.0,0.0,0.0,0.0,0.0,uncertain
hard,12,8,10,22,,loss,False,False,9-3,16,0,0.0,0.0,0.0,0.0,0.0,0.0,0.0,0.0,0.0,uncertain
hard,12,8,10,22,,loss,False,False,3-9,17,0,0.0,0.0,0.0,0.0,0.0,0.0,0.0,0.0,0.0,uncertain
hard,12,8,10,22,,loss,False,False,2-10,62,0,0.0,0.0,0.0,0.0,0.0,0.0,0.0,0.0,0.0,uncertain
hard,12,8,10,22,,loss,False,False,10-2,64,0,0.0,0.0,0.0,0.0,0.0,0.0,0.0,0.0,0.0,uncertain
hard,12,8,10,22,,loss,False,False,7-2-3,1,0,0.0,0.0,0.0,0.0,0.0,0.0,0.0,0.0,0.0,uncertain
hard,12,8,10,22,,loss,False,False,6-6,11,0,0.0,0.0,0.0,0.0,0.0,0.0,0.0,0.0,0.0,uncertain
hard,12,8,10,22,,loss,False,False,7-5,15,0,0.0,0.0,0.0,0.0,0.0,0.0,0.0,0.0,0.0,uncertain
hard,12,8,10,22,,loss,False,False,A-5-6,2,0,0.0,0.0,0.0,0.0,0.0,0.0,0.0,0.0,0.0,uncertain
hard,12,8,10,22,,loss,False,False,8-4,12,0,0.0,0.0,0.0,0.0,0.0,0.0,0.0,0.0,0.0,uncertain
hard,12,8,10,22,,loss,False,False,4-2-6,3,0,0.0,0.0,0.0,0.0,0.0,0.0,0.0,0.0,0.0,uncertain
hard,12,8,10,22,,loss,False,False,5-3-4,2,0,0.0,0.0,0.0,0.0,0.0,0.0,0.0,0.0,0.0,uncertain
hard,12,8,10,22,,loss,False,False,4-8,14,0,0.0,0.0,0.0,0.0,0.0,0.0,0.0,0.0,0.0,uncertain
hard,12,8,10,22,,loss,False,False,6-2-2-2,1,0,0.0,0.0,0.0,0.0,0.0,0.0,0.0,0.0,0.0,uncertain
hard,12,8,10,22,,loss,False,False,5-A-6,2,0,0.0,0.0,0.0,0.0,0.0,0.0,0.0,0.0,0.0,uncertain
hard,12,8,10,22,,loss,False,False,5-2-3-2,1,0,0.0,0.0,0.0,0.0,0.0,0.0,0.0,0.0,0.0,uncertain
hard,12,8,10,22,,loss,False,False,5-7,13,0,0.0,0.0,0.0,0.0,0.0,0.0,0.0,0.0,0.0,uncertain
hard,12,8,10,22,,loss,False,False,4-2-4-2,1,0,0.0,0.0,0.0,0.0,0.0,0.0,0.0,0.0,0.0,uncertain
hard,12,8,10,22,,loss,False,False,3-5-3-A,1,0,0.0,0.0,0.0,0.0,0.0,0.0,0.0,0.0,0.0,uncertain
hard,12,8,10,22,,loss,False,False,3-4-5,2,0,0.0,0.0,0.0,0.0,0.0,0.0,0.0,0.0,0.0,uncertain
hard,12,8,10,22,,loss,False,False,2-2-8,2,0,0.0,0.0,0.0,0.0,0.0,0.0,0.0,0.0,0.0,uncertain
hard,12,8,10,22,,loss,False,False,3-6-3,4,0,0.0,0.0,0.0,0.0,0.0,0.0,0.0,0.0,0.0,uncertain
hard,12,8,10,22,,loss,False,False,5-3-2-2,1,0,0.0,0.0,0.0,0.0,0.0,0.0,0.0,0.0,0.0,uncertain
hard,12,8,10,22,,loss,False,False,4-5-3,2,0,0.0,0.0,0.0,0.0,0.0,0.0,0.0,0.0,0.0,uncertain
hard,12,8,10,22,,loss,True,False,8-4,5,0,0.0,0.0,0.0,0.0,0.0,0.0,0.0,0.0,0.0,uncertain
hard,12,8,10,22,,loss,False,False,3-5-4,1,0,0.0,0.0,0.0,0.0,0.0,0.0,0.0,0.0,0.0,uncertain
hard,12,8,10,22,,loss,False,False,6-2-4,1,0,0.0,0.0,0.0,0.0,0.0,0.0,0.0,0.0,0.0,uncertain
hard,12,8,10,22,,loss,False,False,5-2-4-A,1,0,0.0,0.0,0.0,0.0,0.0,0.0,0.0,0.0,0.0,uncertain
hard,12,8,10,22,,loss,False,False,6-3-2-A,1,0,0.0,0.0,0.0,0.0,0.0,0.0,0.0,0.0,0.0,uncertain
hard,12,8,10,22,,loss,False,False,A-4-2-5,1,0,0.0,0.0,0.0,0.0,0.0,0.0,0.0,0.0,0.0,uncertain
hard,12,8,10,22,,loss,False,False,A-3-8,1,0,0.0,0.0,0.0,0.0,0.0,0.0,0.0,0.0,0.0,uncertain
hard,12,8,10,22,,loss,False,False,3-2-7,2,0,0.0,0.0,0.0,0.0,0.0,0.0,0.0,0.0,0.0,uncertain
hard,12,8,10,22,,loss,False,False,A-6-5,2,0,0.0,0.0,0.0,0.0,0.0,0.0,0.0,0.0,0.0,uncertain
hard,12,8,10,22,,loss,False,False,3-3-6,1,0,0.0,0.0,0.0,0.0,0.0,0.0,0.0,0.0,0.0,uncertain
hard,12,8,10,22,,loss,False,False,6-3-3,1,0,0.0,0.0,0.0,0.0,0.0,0.0,0.0,0.0,0.0,uncertain
hard,12,8,10,22,,loss,False,False,A-2-9,1,0,0.0,0.0,0.0,0.0,0.0,0.0,0.0,0.0,0.0,uncertain
hard,12,8,10,22,,loss,False,False,2-3-4-3,1,0,0.0,0.0,0.0,0.0,0.0,0.0,0.0,0.0,0.0,uncertain
hard,12,8,10,22,,loss,False,False,3-A-8,1,0,0.0,0.0,0.0,0.0,0.0,0.0,0.0,0.0,0.0,uncertain
hard,12,8,10,22,,loss,False,False,2-5-5,1,0,0.0,0.0,0.0,0.0,0.0,0.0,0.0,0.0,0.0,uncertain
hard,12,8,10,22,,loss,True,False,9-3,2,0,0.0,0.0,0.0,0.0,0.0,0.0,0.0,0.0,0.0,uncertain
hard,12,8,10,22,,loss,False,False,2-3-A-6,1,0,0.0,0.0,0.0,0.0,0.0,0.0,0.0,0.0,0.0,uncertain
hard,12,8,10,22,,loss,False,False,A-4-7,1,0,0.0,0.0,0.0,0.0,0.0,0.0,0.0,0.0,0.0,uncertain
hard,12,8,10,22,,loss,False,False,3-A-A-2-5,1,0,0.0,0.0,0.0,0.0,0.0,0.0,0.0,0.0,0.0,uncertain
hard,12,9,10,22,,loss,False,False,2-10,53,0,0.0,0.0,0.0,0.0,0.0,0.0,0.0,0.0,0.0,uncertain
hard,12,9,10,22,,loss,False,False,3-9,12,0,0.0,0.0,0.0,0.0,0.0,0.0,0.0,0.0,0.0,uncertain
hard,12,9,10,22,,loss,False,False,5-2-5,1,0,0.0,0.0,0.0,0.0,0.0,0.0,0.0,0.0,0.0,uncertain
hard,12,9,10,22,,loss,False,False,10-2,43,0,0.0,0.0,0.0,0.0,0.0,0.0,0.0,0.0,0.0,uncertain
hard,12,9,10,22,,loss,False,False,3-2-4-3,1,0,0.0,0.0,0.0,0.0,0.0,0.0,0.0,0.0,0.0,uncertain
hard,12,9,10,22,,loss,False,False,7-5,12,0,0.0,0.0,0.0,0.0,0.0,0.0,0.0,0.0,0.0,uncertain
hard,12,9,10,22,,loss,False,False,9-3,12,0,0.0,0.0,0.0,0.0,0.0,0.0,0.0,0.0,0.0,uncertain
hard,12,9,10,22,,loss,False,False,6-6,16,0,0.0,0.0,0.0,0.0,0.0,0.0,0.0,0.0,0.0,uncertain
hard,12,9,10,22,,loss,True,False,8-4,3,0,0.0,0.0,0.0,0.0,0.0,0.0,0.0,0.0,0.0,uncertain
hard,12,9,10,22,,loss,False,False,7-A-4,5,0,0.0,0.0,0.0,0.0,0.0,0.0,0.0,0.0,0.0,uncertain
hard,12,9,10,22,,loss,False,False,5-A-A-5,1,0,0.0,0.0,0.0,0.0,0.0,0.0,0.0,0.0,0.0,uncertain
hard,12,9,10,22,,loss,False,False,4-8,14,0,0.0,0.0,0.0,0.0,0.0,0.0,0.0,0.0,0.0,uncertain
hard,12,9,10,22,,loss,False,False,4-5-3,2,0,0.0,0.0,0.0,0.0,0.0,0.0,0.0,0.0,0.0,uncertain
hard,12,9,10,22,,loss,False,False,2-6-4,1,0,0.0,0.0,0.0,0.0,0.0,0.0,0.0,0.0,0.0,uncertain
hard,12,9,10,22,,loss,False,False,A-4-7,3,0,0.0,0.0,0.0,0.0,0.0,0.0,0.0,0.0,0.0,uncertain
hard,12,9,10,22,,loss,False,False,5-7,10,0,0.0,0.0,0.0,0.0,0.0,0.0,0.0,0.0,0.0,uncertain
hard,12,9,10,22,,loss,False,False,8-4,17,0,0.0,0.0,0.0,0.0,0.0,0.0,0.0,0.0,0.0,uncertain
hard,12,9,10,22,,loss,False,False,7-2-3,2,0,0.0,0.0,0.0,0.0,0.0,0.0,0.0,0.0,0.0,uncertain
hard,12,9,10,22,,loss,False,False,2-3-7,1,0,0.0,0.0,0.0,0.0,0.0,0.0,0.0,0.0,0.0,uncertain
hard,12,9,10,22,,loss,False,False,A-3-8,1,0,0.0,0.0,0.0,0.0,0.0,0.0,0.0,0.0,0.0,uncertain
hard,12,9,10,22,,loss,False,False,6-A-A-4,1,0,0.0,0.0,0.0,0.0,0.0,0.0,0.0,0.0,0.0,uncertain
hard,12,9,10,22,,loss,False,False,4-A-7,1,0,0.0,0.0,0.0,0.0,0.0,0.0,0.0,0.0,0.0,uncertain
hard,12,9,10,22,,loss,False,False,5-4-3,2,0,0.0,0.0,0.0,0.0,0.0,0.0,0.0,0.0,0.0,uncertain
hard,12,9,10,22,,loss,False,False,2-2-8,2,0,0.0,0.0,0.0,0.0,0.0,0.0,0.0,0.0,0.0,uncertain
hard,12,9,10,22,,loss,False,False,4-4-4,1,0,0.0,0.0,0.0,0.0,0.0,0.0,0.0,0.0,0.0,uncertain
hard,12,9,10,22,,loss,True,False,9-3,1,0,0.0,0.0,0.0,0.0,0.0,0.0,0.0,0.0,0.0,uncertain
hard,12,9,10,22,,loss,False,False,2-2-4-4,1,0,0.0,0.0,0.0,0.0,0.0,0.0,0.0,0.0,0.0,uncertain
hard,12,9,10,22,,loss,False,False,A-6-5,1,0,0.0,0.0,0.0,0.0,0.0,0.0,0.0,0.0,0.0,uncertain
hard,12,9,10,22,,loss,False,False,6-A-5,1,0,0.0,0.0,0.0,0.0,0.0,0.0,0.0,0.0,0.0,uncertain
hard,12,9,10,22,,loss,False,False,3-2-7,2,0,0.0,0.0,0.0,0.0,0.0,0.0,0.0,0.0,0.0,uncertain
hard,12,9,10,22,,loss,False,False,3-A-8,2,0,0.0,0.0,0.0,0.0,0.0,0.0,0.0,0.0,0.0,uncertain
hard,12,9,10,22,,loss,False,False,2-5-5,1,0,0.0,0.0,0.0,0.0,0.0,0.0,0.0,0.0,0.0,uncertain
hard,12,9,10,22,,loss,False,False,3-5-4,3,0,0.0,0.0,0.0,0.0,0.0,0.0,0.0,0.0,0.0,uncertain
hard,12,9,10,22,,loss,False,False,A-2-9,2,0,0.0,0.0,0.0,0.0,0.0,0.0,0.0,0.0,0.0,uncertain
hard,12,9,10,22,,loss,False,False,6-2-4,1,0,0.0,0.0,0.0,0.0,0.0,0.0,0.0,0.0,0.0,uncertain
hard,12,9,10,22,,loss,False,False,6-2-3-A,1,0,0.0,0.0,0.0,0.0,0.0,0.0,0.0,0.0,0.0,uncertain
hard,12,9,10,22,,loss,False,False,2-4-6,1,0,0.0,0.0,0.0,0.0,0.0,0.0,0.0,0.0,0.0,uncertain
hard,12,9,10,22,,loss,False,False,5-3-4,1,0,0.0,0.0,0.0,0.0,0.0,0.0,0.0,0.0,0.0,uncertain
hard,12,9,10,22,,loss,False,False,2-A-2-7,1,0,0.0,0.0,0.0,0.0,0.0,0.0,0.0,0.0,0.0,uncertain
hard,12,9,10,22,,loss,False,False,2-A-9,1,0,0.0,0.0,0.0,0.0,0.0,0.0,0.0,0.0,0.0,uncertain
hard,12,9,10,22,,loss,False,False,3-3-6,1,0,0.0,0.0,0.0,0.0,0.0,0.0,0.0,0.0,0.0,uncertain
hard,12,A,10,22,,loss,False,False,3-2-3-4,1,0,0.0,0.0,0.0,0.0,0.0,0.0,0.0,0.0,0.0,uncertain
hard,12,A,10,22,,loss,False,False,2-8-2,3,0,0.0,0.0,0.0,0.0,0.0,0.0,0.0,0.0,0.0,uncertain
hard,12,A,10,22,,loss,False,False,4-8,6,0,0.0,0.0,0.0,0.0,0.0,0.0,0.0,0.0,0.0,uncertain
hard,12,A,10,22,,loss,False,False,5-7,9,0,0.0,0.0,0.0,0.0,0.0,0.0,0.0,0.0,0.0,uncertain
hard,12,A,10,22,,loss,False,False,7-5,9,0,0.0,0.0,0.0,0.0,0.0,0.0,0.0,0.0,0.0,uncertain
hard,12,A,10,22,,loss,False,False,8-4,12,0,0.0,0.0,0.0,0.0,0.0,0.0,0.0,0.0,0.0,uncertain
hard,12,A,10,22,,loss,False,False,3-9,9,0,0.0,0.0,0.0,0.0,0.0,0.0,0.0,0.0,0.0,uncertain
hard,12,A,10,22,,loss,False,False,2-10,44,0,0.0,0.0,0.0,0.0,0.0,0.0,0.0,0.0,0.0,uncertain
hard,12,A,10,22,,loss,False,False,4-3-5,2,0,0.0,0.0,0.0,0.0,0.0,0.0,0.0,0.0,0.0,uncertain
hard,12,A,10,22,,loss,False,False,9-3,10,0,0.0,0.0,0.0,0.0,0.0,0.0,0.0,0.0,0.0,uncertain
hard,12,A,10,22,,loss,False,False,10-2,41,0,0.0,0.0,0.0,0.0,0.0,0.0,0.0,0.0,0.0,uncertain
hard,12,A,10,22,,loss,False,False,3-4-5,1,0,0.0,0.0,0.0,0.0,0.0,0.0,0.0,0.0,0.0,uncertain
hard,12,A,10,22,,loss,False,False,3-6-3,1,0,0.0,0.0,0.0,0.0,0.0,0.0,0.0,0.0,0.0,uncertain
hard,12,A,10,22,,loss,False,False,6-6,12,0,0.0,0.0,0.0,0.0,0.0,0.0,0.0,0.0,0.0,uncertain
hard,12,A,10,22,,loss,False,False,5-4-3,1,0,0.0,0.0,0.0,0.0,0.0,0.0,0.0,0.0,0.0,uncertain
hard,12,A,10,22,,loss,False,False,2-6-4,4,0,0.0,0.0,0.0,0.0,0.0,0.0,0.0,0.0,0.0,uncertain
hard,12,A,10,22,,loss,False,False,6-2-4,2,0,0.0,0.0,0.0,0.0,0.0,0.0,0.0,0.0,0.0,uncertain
hard,12,A,10,22,,loss,False,False,5-2-A-4,1,0,0.0,0.0,0.0,0.0,0.0,0.0,0.0,0.0,0.0,uncertain
hard,12,A,10,22,,loss,False,False,3-3-6,1,0,0.0,0.0,0.0,0.0,0.0,0.0,0.0,0.0,0.0,uncertain
hard,12,A,10,22,,loss,False,False,3-5-4,1,0,0.0,0.0,0.0,0.0,0.0,0.0,0.0,0.0,0.0,uncertain
hard,12,A,10,22,,loss,False,False,A-2-5-4,1,0,0.0,0.0,0.0,0.0,0.0,0.0,0.0,0.0,0.0,uncertain
hard,12,A,10,22,,loss,False,False,4-6-2,4,0,0.0,0.0,0.0,0.0,0.0,0.0,0.0,0.0,0.0,uncertain
hard,12,A,10,22,,loss,False,False,5-5-2,2,0,0.0,0.0,0.0,0.0,0.0,0.0,0.0,0.0,0.0,uncertain
hard,12,A,10,22,,loss,False,False,A-2-9,1,0,0.0,0.0,0.0,0.0,0.0,0.0,0.0,0.0,0.0,uncertain
hard,12,A,10,22,,loss,False,False,5-3-3-A,1,0,0.0,0.0,0.0,0.0,0.0,0.0,0.0,0.0,0.0,uncertain
hard,12,A,10,22,,loss,False,False,A-7-4,1,0,0.0,0.0,0.0,0.0,0.0,0.0,0.0,0.0,0.0,uncertain
hard,12,A,10,22,,loss,False,False,5-2-4-A,1,0,0.0,0.0,0.0,0.0,0.0,0.0,0.0,0.0,0.0,uncertain
hard,12,A,10,22,,loss,False,False,A-3-8,1,0,0.0,0.0,0.0,0.0,0.0,0.0,0.0,0.0,0.0,uncertain
hard,12,A,10,22,,loss,False,False,3-7-2,2,0,0.0,0.0,0.0,0.0,0.0,0.0,0.0,0.0,0.0,uncertain
hard,12,A,10,22,,loss,False,False,5-2-5,1,0,0.0,0.0,0.0,0.0,0.0,0.0,0.0,0.0,0.0,uncertain
hard,12,A,10,22,,loss,False,False,6-A-5,1,0,0.0,0.0,0.0,0.0,0.0,0.0,0.0,0.0,0.0,uncertain
hard,12,A,10,22,,loss,False,False,2-2-2-6,1,0,0.0,0.0,0.0,0.0,0.0,0.0,0.0,0.0,0.0,uncertain
hard,12,A,10,22,,loss,True,False,8-4,1,0,0.0,0.0,0.0,0.0,0.0,0.0,0.0,0.0,0.0,uncertain
hard,13,10,9,22,,loss,False,False,3-10,55,0,0.0,0.0,0.0,0.0,0.0,0.0,0.0,0.0,0.0,uncertain
hard,13,10,9,22,,loss,False,False,8-5,13,0,0.0,0.0,0.0,0.0,0.0,0.0,0.0,0.0,0.0,uncertain
hard,13,10,9,22,,loss,False,False,10-3,48,0,0.0,0.0,0.0,0.0,0.0,0.0,0.0,0.0,0.0,uncertain
hard,13,10,9,22,,loss,False,False,5-8,20,0,0.0,0.0,0.0,0.0,0.0,0.0,0.0,0.0,0.0,uncertain
hard,13,10,9,22,,loss,False,False,4-9,15,0,0.0,0.0,0.0,0.0,0.0,0.0,0.0,0.0,0.0,uncertain
hard,13,10,9,22,,loss,True,False,8-5,2,0,0.0,0.0,0.0,0.0,0.0,0.0,0.0,0.0,0.0,uncertain
hard,13,10,9,22,,loss,False,False,9-4,16,0,0.0,0.0,0.0,0.0,0.0,0.0,0.0,0.0,0.0,uncertain
hard,13,10,9,22,,loss,False,False,8-4-A,3,0,0.0,0.0,0.0,0.0,0.0,0.0,0.0,0.0,0.0,uncertain
hard,13,10,9,22,,loss,False,False,6-7,19,0,0.0,0.0,0.0,0.0,0.0,0.0,0.0,0.0,0.0,uncertain
hard,13,10,9,22,,loss,False,False,2-A-10,6,0,0.0,0.0,0.0,0.0,0.0,0.0,0.0,0.0,0.0,uncertain
hard,13,10,9,22,,loss,False,False,3-2-8,2,0,0.0,0.0,0.0,0.0,0.0,0.0,0.0,0.0,0.0,uncertain
hard,13,10,9,22,,loss,False,False,5-3-5,1,0,0.0,0.0,0.0,0.0,0.0,0.0,0.0,0.0,0.0,uncertain
hard,13,10,9,22,,loss,False,False,A-2-10,6,0,0.0,0.0,0.0,0.0,0.0,0.0,0.0,0.0,0.0,uncertain
hard,13,10,9,22,,loss,False,False,3-6-4,3,0,0.0,0.0,0.0,0.0,0.0,0.0,0.0,0.0,0.0,uncertain
hard,13,10,9,22,,loss,False,False,5-4-2-2,1,0,0.0,0.0,0.0,0.0,0.0,0.0,0.0,0.0,0.0,uncertain
hard,13,10,9,22,,loss,False,False,10-2-A,3,0,0.0,0.0,0.0,0.0,0.0,0.0,0.0,0.0,0.0,uncertain
hard,13,10,9,22,,loss,False,False,2-7-4,1,0,0.0,0.0,0.0,0.0,0.0,0.0,0.0,0.0,0.0,uncertain
hard,13,10,9,22,,loss,False,False,7-2-4,1,0,0.0,0.0,0.0,0.0,0.0,0.0,0.0,0.0,0.0,uncertain
hard,13,10,9,22,,loss,False,False,5-2-5-A,1,0,0.0,0.0,0.0,0.0,0.0,0.0,0.0,0.0,0.0,uncertain
hard,13,10,9,22,,loss,False,False,4-6-3,3,0,0.0,0.0,0.0,0.0,0.0,0.0,0.0,0.0,0.0,uncertain
hard,13,10,9,22,,loss,False,False,A-5-7,2,0,0.0,0.0,0.0,0.0,0.0,0.0,0.0,0.0,0.0,uncertain
hard,13,10,9,22,,loss,False,False,5-7-A,1,0,0.0,0.0,0.0,0.0,0.0,0.0,0.0,0.0,0.0,uncertain
hard,13,10,9,22,,loss,False,False,2-A-3-7,1,0,0.0,0.0,0.0,0.0,0.0,0.0,0.0,0.0,0.0,uncertain
hard,13,10,9,22,,loss,False,False,2-4-2-5,1,0,0.0,0.0,0.0,0.0,0.0,0.0,0.0,0.0,0.0,uncertain
hard,13,10,9,22,,loss,False,False,7-6,8,0,0.0,0.0,0.0,0.0,0.0,0.0,0.0,0.0,0.0,uncertain
hard,13,10,9,22,,loss,False,False,5-A-2-5,1,0,0.0,0.0,0.0,0.0,0.0,0.0,0.0,0.0,0.0,uncertain
hard,13,10,9,22,,loss,False,False,3-2-A-7,1,0,0.0,0.0,0.0,0.0,0.0,0.0,0.0,0.0,0.0,uncertain
hard,13,10,9,22,,loss,False,False,2-2-9,2,0,0.0,0.0,0.0,0.0,0.0,0.0,0.0,0.0,0.0,uncertain
hard,13,10,9,22,,loss,False,False,4-4-5,2,0,0.0,0.0,0.0,0.0,0.0,0.0,0.0,0.0,0.0,uncertain
hard,13,10,9,22,,loss,False,False,4-5-4,1,0,0.0,0.0,0.0,0.0,0.0,0.0,0.0,0.0,0.0,uncertain
hard,13,10,9,22,,loss,False,False,3-2-3-5,1,0,0.0,0.0,0.0,0.0,0.0,0.0,0.0,0.0,0.0,uncertain
hard,13,10,9,22,,loss,False,False,2-3-3-4-A,1,0,0.0,0.0,0.0,0.0,0.0,0.0,0.0,0.0,0.0,uncertain
hard,13,10,9,22,,loss,False,False,4-2-7,1,0,0.0,0.0,0.0,0.0,0.0,0.0,0.0,0.0,0.0,uncertain
hard,13,10,9,22,,loss,True,False,8-4-A,1,0,0.0,0.0,0.0,0.0,0.0,0.0,0.0,0.0,0.0,uncertain
hard,13,10,9,22,,loss,False,False,2-5-6,2,0,0.0,0.0,0.0,0.0,0.0,0.0,0.0,0.0,0.0,uncertain
hard,13,10,9,22,,loss,False,False,5-5-3,1,0,0.0,0.0,0.0,0.0,0.0,0.0,0.0,0.0,0.0,uncertain
hard,13,10,9,22,,loss,False,False,2-3-8,3,0,0.0,0.0,0.0,0.0,0.0,0.0,0.0,0.0,0.0,uncertain
hard,13,10,9,22,,loss,False,False,2-10-A,1,0,0.0,0.0,0.0,0.0,0.0,0.0,0.0,0.0,0.0,uncertain
hard,13,10,9,22,,loss,False,False,6-A-5-A,1,0,0.0,0.0,0.0,0.0,0.0,0.0,0.0,0.0,0.0,uncertain
hard,13,10,9,22,,loss,False,False,A-4-8,1,0,0.0,0.0,0.0,0.0,0.0,0.0,0.0,0.0,0.0,uncertain
hard,13,10,9,22,,loss,False,False,A-3-8-A,1,0,0.0,0.0,0.0,0.0,0.0,0.0,0.0,0.0,0.0,uncertain
hard,13,10,9,22,,loss,False,False,4-3-6,1,0,0.0,0.0,0.0,0.0,0.0,0.0,0.0,0.0,0.0,uncertain
hard,13,10,9,22,,loss,False,False,2-8-3,1,0,0.0,0.0,0.0,0.0,0.0,0.0,0.0,0.0,0.0,uncertain
hard,13,10,9,22,,loss,False,False,2-6-3-2,1,0,0.0,0.0,0.0,0.0,0.0,0.0,0.0,0.0,0.0,uncertain
hard,13,10,9,22,,loss,False,False,2-4-7,1,0,0.0,0.0,0.0,0.0,0.0,0.0,0.0,0.0,0.0,uncertain
hard,13,10,9,22,,loss,False,False,A-7-5,1,0,0.0,0.0,0.0,0.0,0.0,0.0,0.0,0.0,0.0,uncertain
hard,13,10,9,22,,loss,False,False,3-7-3,1,0,0.0,0.0,0.0,0.0,0.0,0.0,0.0,0.0,0.0,uncertain
hard,13,10,9,22,,loss,False,False,5-5-2-A,1,0,0.0,0.0,0.0,0.0,0.0,0.0,0.0,0.0,0.0,uncertain
hard,13,10,9,22,,loss,False,False,3-6-2-2,1,0,0.0,0.0,0.0,0.0,0.0,0.0,0.0,0.0,0.0,uncertain
hard,13,10,9,22,,loss,False,False,6-2-5,1,0,0.0,0.0,0.0,0.0,0.0,0.0,0.0,0.0,0.0,uncertain
hard,13,10,9,22,,loss,False,False,A-6-6,1,0,0.0,0.0,0.0,0.0,0.0,0.0,0.0,0.0,0.0,uncertain
hard,13,10,10,23,,loss,False,False,6-7,45,0,0.0,0.0,0.0,0.0,0.0,0.0,0.0,0.0,0.0,uncertain
hard,13,10,10,23,,loss,False,False,3-10,198,0,0.0,0.0,0.0,0.0,0.0,0.0,0.0,0.0,0.0,uncertain
hard,13,10,10,23,,loss,False,False,7-6,57,0,0.0,0.0,0.0,0.0,0.0,0.0,0.0,0.0,0.0,uncertain
hard,13,10,10,23,,loss,False,False,10-3,193,0,0.0,0.0,0.0,0.0,0.0,0.0,0.0,0.0,0.0,uncertain
hard,13,10,10,23,,loss,False,False,5-8,60,0,0.0,0.0,0.0,0.0,0.0,0.0,0.0,0.0,0.0,uncertain
hard,13,10,10,23,,loss,False,False,2-2-2-7,1,0,0.0,0.0,0.0,0.0,0.0,0.0,0.0,0.0,0.0,uncertain
hard,13,10,10,23,,loss,False,False,4-2-A-6,1,0,0.0,0.0,0.0,0.0,0.0,0.0,0.0,0.0,0.0,uncertain
hard,13,10,10,23,,loss,False,False,2-3-6-2,1,0,0.0,0.0,0.0,0.0,0.0,0.0,0.0,0.0,0.0,uncertain
hard,13,10,10,23,,loss,False,False,A-4-8,8,0,0.0,0.0,0.0,0.0,0.0,0.0,0.0,0.0,0.0,uncertain
hard,13,10,10,23,,loss,False,False,9-4,58,0,0.0,0.0,0.0,0.0,0.0,0.0,0.0,0.0,0.0,uncertain
hard,13,10,10,23,,loss,False,False,3-6-4,1,0,0.0,0.0,0.0,0.0,0.0,0.0,0.0,0.0,0.0,uncertain
hard,13,10,10,23,,loss,False,False,4-9,40,0,0.0,0.0,0.0,0.0,0.0,0.0,0.0,0.0,0.0,uncertain
hard,13,10,10,23,,loss,False,False,8-5,53,0,0.0,0.0,0.0,0.0,0.0,0.0,0.0,0.0,0.0,uncertain
hard,13,10,10,23,,loss,False,False,A-7-5,6,0,0.0,0.0,0.0,0.0,0.0,0.0,0.0,0.0,0.0,uncertain
hard,13,10,10,23,,loss,False,False,5-2-6,7,0,0.0,0.0,0.0,0.0,0.0,0.0,0.0,0.0,0.0,uncertain
hard,13,10,10,23,,loss,False,False,4-6-3,9,0,0.0,0.0,0.0,0.0,0.0,0.0,0.0,0.0,0.0,uncertain
hard,13,10,10,23,,loss,False,False,2-10-A,13,0,0.0,0.0,0.0,0.0,0.0,0.0,0.0,0.0,0.0,uncertain
hard,13,10,10,23,,loss,False,False,3-3-7,3,0,0.0,0.0,0.0,0.0,0.0,0.0,0.0,0.0,0.0,uncertain
hard,13,10,10,23,,loss,False,False,10-2-A,21,0,0.0,0.0,0.0,0.0,0.0,0.0,0.0,0.0,0.0,uncertain
hard,13,10,10,23,,loss,False,False,9-3-A,5,0,0.0,0.0,0.0,0.0,0.0,0.0,0.0,0.0,0.0,uncertain
hard,13,10,10,23,,loss,False,False,5-5-3,6,0,0.0,0.0,0.0,0.0,0.0,0.0,0.0,0.0,0.0,uncertain
hard,13,10,10,23,,loss,False,False,3-5-5,3,0,0.0,0.0,0.0,0.0,0.0,0.0,0.0,0.0,0.0,uncertain
hard,13,10,10,23,,loss,False,False,5-4-4,6,0,0.0,0.0,0.0,0.0,0.0,0.0,0.0,0.0,0.0,uncertain
hard,13,10,10,23,,loss,False,False,2-6-5,4,0,0.0,0.0,0.0,0.0,0.0,0.0,0.0,0.0,0.0,uncertain
hard,13,10,10,23,,loss,False,False,8-2-3,5,0,0.0,0.0,0.0,0.0,0.0,0.0,0.0,0.0,0.0,uncertain
hard,13,10,10,23,,loss,False,False,4-2-6-A,1,0,0.0,0.0,0.0,0.0,0.0,0.0,0.0,0.0,0.0,uncertain
hard,13,10,10,23,,loss,False,False,2-A-10,28,0,0.0,0.0,0.0,0.0,0.0,0.0,0.0,0.0,0.0,uncertain
hard,13,10,10,23,,loss,False,False,A-3-8-A,1,0,0.0,0.0,0.0,0.0,0.0,0.0,0.0,0.0,0.0,uncertain
hard,13,10,10,23,,loss,False,False,3-9-A,5,0,0.0,0.0,0.0,0.0,0.0,0.0,0.0,0.0,0.0,uncertain
hard,13,10,10,23,,loss,False,False,4-4-4-A,1,0,0.0,0.0,0.0,0.0,0.0,0.0,0.0,0.0,0.0,uncertain
hard,13,10,10,23,,loss,False,False,6-6-A,4,0,0.0,0.0,0.0,0.0,0.0,0.0,0.0,0.0,0.0,uncertain
hard,13,10,10,23,,loss,False,False,2-4-7,5,0,0.0,0.0,0.0,0.0,0.0,0.0,0.0,0.0,0.0,uncertain
hard,13,10,10,23,,loss,False,False,6-A-6,7,0,0.0,0.0,0.0,0.0,0.0,0.0,0.0,0.0,0.0,uncertain
hard,13,10,10,23,,loss,False,False,4-3-A-5,2,0,0.0,0.0,0.0,0.0,0.0,0.0,0.0,0.0,0.0,uncertain
hard,13,10,10,23,,loss,False,False,2-3-8,6,0,0.0,0.0,0.0,0.0,0.0,0.0,0.0,0.0,0.0,uncertain
hard,13,10,10,23,,loss,False,False,4-4-5,4,0,0.0,0.0,0.0,0.0,0.0,0.0,0.0,0.0,0.0,uncertain
hard,13,10,10,23,,loss,False,False,5-3-5,3,0,0.0,0.0,0.0,0.0,0.0,0.0,0.0,0.0,0.0,uncertain
hard,13,10,10,23,,loss,False,False,6-2-5,3,0,0.0,0.0,0.0,0.0,0.0,0.0,0.0,0.0,0.0,uncertain
hard,13,10,10,23,,loss,False,False,4-A-8,2,0,0.0,0.0,0.0,0.0,0.0,0.0,0.0,0.0,0.0,uncertain
hard,13,10,10,23,,loss,False,False,A-2-10,12,0,0.0,0.0,0.0,0.0,0.0,0.0,0.0,0.0,0.0,uncertain
hard,13,10,10,23,,loss,True,False,8-5,11,0,0.0,0.0,0.0,0.0,0.0,0.0,0.0,0.0,0.0,uncertain
hard,13,10,10,23,,loss,False,False,6-3-4,3,0,0.0,0.0,0.0,0.0,0.0,0.0,0.0,0.0,0.0,uncertain
hard,13,10,10,23,,loss,False,False,5-4-2-A-A,1,0,0.0,0.0,0.0,0.0,0.0,0.0,0.0,0.0,0.0,uncertain
hard,13,10,10,23,,loss,False,False,8-4-A,2,0,0.0,0.0,0.0,0.0,0.0,0.0,0.0,0.0,0.0,uncertain
hard,13,10,10,23,,loss,False,False,7-2-4,2,0,0.0,0.0,0.0,0.0,0.0,0.0,0.0,0.0,0.0,uncertain
hard,13,10,10,23,,loss,False,False,2-5-6,6,0,0.0,0.0,0.0,0.0,0.0,0.0,0.0,0.0,0.0,uncertain
hard,13,10,10,23,,loss,False,False,A-5-7,3,0,0.0,0.0,0.0,0.0,0.0,0.0,0.0,0.0,0.0,uncertain
hard,13,10,10,23,,loss,False,False,8-2-2-A,1,0,0.0,0.0,0.0,0.0,0.0,0.0,0.0,0.0,0.0,uncertain
hard,13,10,10,23,,loss,False,False,3-4-5-A,1,0,0.0,0.0,0.0,0.0,0.0,0.0,0.0,0.0,0.0,uncertain
hard,13,10,10,23,,loss,False,False,2-2-9,1,0,0.0,0.0,0.0,0.0,0.0,0.0,0.0,0.0,0.0,uncertain
hard,13,10,10,23,,loss,False,False,4-3-5-A,1,0,0.0,0.0,0.0,0.0,0.0,0.0,0.0,0.0,0.0,uncertain
hard,13,10,10,23,,loss,False,False,4-5-2-2,1,0,0.0,0.0,0.0,0.0,0.0,0.0,0.0,0.0,0.0,uncertain
hard,13,10,10,23,,loss,False,False,2-4-5-2,1,0,0.0,0.0,0.0,0.0,0.0,0.0,0.0,0.0,0.0,uncertain
hard,13,10,10,23,,loss,False,False,A-2-A-9,2,0,0.0,0.0,0.0,0.0,0.0,0.0,0.0,0.0,0.0,uncertain
hard,13,10,10,23,,loss,False,False,2-8-3,4,0,0.0,0.0,0.0,0.0,0.0,0.0,0.0,0.0,0.0,uncertain
hard,13,10,10,23,,loss,False,False,7-5-A,3,0,0.0,0.0,0.0,0.0,0.0,0.0,0.0,0.0,0.0,uncertain
hard,13,10,10,23,,loss,False,False,4-3-6,3,0,0.0,0.0,0.0,0.0,0.0,0.0,0.0,0.0,0.0,uncertain
hard,13,10,10,23,,loss,False,False,2-4-4-3,1,0,0.0,0.0,0.0,0.0,0.0,0.0,0.0,0.0,0.0,uncertain
hard,13,10,10,23,,loss,False,False,A-4-2-6,1,0,0.0,0.0,0.0,0.0,0.0,0.0,0.0,0.0,0.0,uncertain
hard,13,10,10,23,,loss,False,False,3-2-8,5,0,0.0,0.0,0.0,0.0,0.0,0.0,0.0,0.0,0.0,uncertain
hard,13,10,10,23,,loss,False,False,4-A-A-7,1,0,0.0,0.0,0.0,0.0,0.0,0.0,0.0,0.0,0.0,uncertain
hard,13,10,10,23,,loss,False,False,A-5-A-6,1,0,0.0,0.0,0.0,0.0,0.0,0.0,0.0,0.0,0.0,uncertain
hard,13,10,10,23,,loss,False,False,3-A-9,8,0,0.0,0.0,0.0,0.0,0.0,0.0,0.0,0.0,0.0,uncertain
hard,13,10,10,23,,loss,False,False,3-5-4-A,2,0,0.0,0.0,0.0,0.0,0.0,0.0,0.0,0.0,0.0,uncertain
hard,13,10,10,23,,loss,False,False,A-5-2-5,1,0,0.0,0.0,0.0,0.0,0.0,0.0,0.0,0.0,0.0,uncertain
hard,13,10,10,23,,loss,False,False,7-A-5,6,0,0.0,0.0,0.0,0.0,0.0,0.0,0.0,0.0,0.0,uncertain
hard,13,10,10,23,,loss,False,False,4-5-4,8,0,0.0,0.0,0.0,0.0,0.0,0.0,0.0,0.0,0.0,uncertain
hard,13,10,10,23,,loss,False,False,2-2-6-3,2,0,0.0,0.0,0.0,0.0,0.0,0.0,0.0,0.0,0.0,uncertain
hard,13,10,10,23,,loss,False,False,5-A-7,4,0,0.0,0.0,0.0,0.0,0.0,0.0,0.0,0.0,0.0,uncertain
hard,13,10,10,23,,loss,False,False,3-4-6,1,0,0.0,0.0,0.0,0.0,0.0,0.0,0.0,0.0,0.0,uncertain
hard,13,10,10,23,,loss,False,False,3-5-2-3,2,0,0.0,0.0,0.0,0.0,0.0,0.0,0.0,0.0,0.0,uncertain
hard,13,10,10,23,,loss,False,False,A-3-9,4,0,0.0,0.0,0.0,0.0,0.0,0.0,0.0,0.0,0.0,uncertain
hard,13,10,10,23,,loss,False,False,5-2-5-A,1,0,0.0,0.0,0.0,0.0,0.0,0.0,0.0,0.0,0.0,uncertain
hard,13,10,10,23,,loss,False,False,7-3-3,4,0,0.0,0.0,0.0,0.0,0.0,0.0,0.0,0.0,0.0,uncertain
hard,13,10,10,23,,loss,False,False,5-4-2-2,1,0,0.0,0.0,0.0,0.0,0.0,0.0,0.0,0.0,0.0,uncertain
hard,13,10,10,23,,loss,False,False,3-2-3-5,1,0,0.0,0.0,0.0,0.0,0.0,0.0,0.0,0.0,0.0,uncertain
hard,13,10,10,23,,loss,False,False,2-6-4-A,1,0,0.0,0.0,0.0,0.0,0.0,0.0,0.0,0.0,0.0,uncertain
hard,13,10,10,23,,loss,False,False,6-3-2-2,1,0,0.0,0.0,0.0,0.0,0.0,0.0,0.0,0.0,0.0,uncertain
hard,13,10,10,23,,loss,False,False,3-4-3-3,1,0,0.0,0.0,0.0,0.0,0.0,0.0,0.0,0.0,0.0,uncertain
hard,13,10,10,23,,loss,False,False,4-2-7,4,0,0.0,0.0,0.0,0.0,0.0,0.0,0.0,0.0,0.0,uncertain
hard,13,10,10,23,,loss,True,False,8-2-3,1,0,0.0,0.0,0.0,0.0,0.0,0.0,0.0,0.0,0.0,uncertain
hard,13,10,10,23,,loss,False,False,5-A-2-5,1,0,0.0,0.0,0.0,0.0,0.0,0.0,0.0,0.0,0.0,uncertain
hard,13,10,10,23,,loss,False,False,4-5-3-A,1,0,0.0,0.0,0.0,0.0,0.0,0.0,0.0,0.0,0.0,uncertain
hard,13,10,10,23,,loss,False,False,5-4-3-A,1,0,0.0,0.0,0.0,0.0,0.0,0.0,0.0,0.0,0.0,uncertain
hard,13,10,10,23,,loss,False,False,2-7-4,2,0,0.0,0.0,0.0,0.0,0.0,0.0,0.0,0.0,0.0,uncertain
hard,13,10,10,23,,loss,False,False,4-8-A,2,0,0.0,0.0,0.0,0.0,0.0,0.0,0.0,0.0,0.0,uncertain
hard,13,10,10,23,,loss,False,False,3-7-3,2,0,0.0,0.0,0.0,0.0,0.0,0.0,0.0,0.0,0.0,uncertain
hard,13,10,10,23,,loss,False,False,2-6-2-3,1,0,0.0,0.0,0.0,0.0,0.0,0.0,0.0,0.0,0.0,uncertain
hard,13,10,10,23,,loss,False,False,6-3-3-A,1,0,0.0,0.0,0.0,0.0,0.0,0.0,0.0,0.0,0.0,uncertain
hard,13,10,10,23,,loss,False,False,A-6-6,1,0,0.0,0.0,0.0,0.0,0.0,0.0,0.0,0.0,0.0,uncertain
hard,13,10,10,23,,loss,False,False,5-7-A,1,0,0.0,0.0,0.0,0.0,0.0,0.0,0.0,0.0,0.0,uncertain
hard,13,10,10,23,,loss,False,False,5-2-3-3,1,0,0.0,0.0,0.0,0.0,0.0,0.0,0.0,0.0,0.0,uncertain
hard,13,10,10,23,,loss,False,False,3-2-4-2-2,1,0,0.0,0.0,0.0,0.0,0.0,0.0,0.0,0.0,0.0,uncertain
hard,13,10,10,23,,loss,False,False,3-4-2-4,1,0,0.0,0.0,0.0,0.0,0.0,0.0,0.0,0.0,0.0,uncertain
hard,13,10,10,23,,loss,False,False,6-4-3,2,0,0.0,0.0,0.0,0.0,0.0,0.0,0.0,0.0,0.0,uncertain
hard,13,10,10,23,,loss,False,False,2-3-4-4,1,0,0.0,0.0,0.0,0.0,0.0,0.0,0.0,0.0,0.0,uncertain
hard,13,7,9,22,,loss,False,False,3-10,12,0,0.0,0.0,0.0,0.0,0.0,0.0,0.0,0.0,0.0,uncertain
hard,13,7,9,22,,loss,False,False,A-2-10,3,0,0.0,0.0,0.0,0.0,0.0,0.0,0.0,0.0,0.0,uncertain
hard,13,7,9,22,,loss,False,False,5-8,4,0,0.0,0.0,0.0,0.0,0.0,0.0,0.0,0.0,0.0,uncertain
hard,13,7,9,22,,loss,False,False,6-7,2,0,0.0,0.0,0.0,0.0,0.0,0.0,0.0,0.0,0.0,uncertain
hard,13,7,9,22,,loss,False,False,10-3,16,0,0.0,0.0,0.0,0.0,0.0,0.0,0.0,0.0,0.0,uncertain
hard,13,7,9,22,,loss,False,False,7-2-4,1,0,0.0,0.0,0.0,0.0,0.0,0.0,0.0,0.0,0.0,uncertain
hard,13,7,9,22,,loss,False,False,7-6,4,0,0.0,0.0,0.0,0.0,0.0,0.0,0.0,0.0,0.0,uncertain
hard,13,7,9,22,,loss,False,False,9-4,1,0,0.0,0.0,0.0,0.0,0.0,0.0,0.0,0.0,0.0,uncertain
hard,13,7,9,22,,loss,False,False,6-3-4,1,0,0.0,0.0,0.0,0.0,0.0,0.0,0.0,0.0,0.0,uncertain
hard,13,7,9,22,,loss,False,False,4-9,6,0,0.0,0.0,0.0,0.0,0.0,0.0,0.0,0.0,0.0,uncertain
hard,13,7,9,22,,loss,False,False,3-6-4,1,0,0.0,0.0,0.0,0.0,0.0,0.0,0.0,0.0,0.0,uncertain
hard,13,7,9,22,,loss,False,False,5-3-5,1,0,0.0,0.0,0.0,0.0,0.0,0.0,0.0,0.0,0.0,uncertain
hard,13,7,9,22,,loss,False,False,2-10-A,3,0,0.0,0.0,0.0,0.0,0.0,0.0,0.0,0.0,0.0,uncertain
hard,13,7,9,22,,loss,False,False,5-A-7,3,0,0.0,0.0,0.0,0.0,0.0,0.0,0.0,0.0,0.0,uncertain
hard,13,7,9,22,,loss,False,False,3-A-9,1,0,0.0,0.0,0.0,0.0,0.0,0.0,0.0,0.0,0.0,uncertain
hard,13,7,9,22,,loss,False,False,A-5-7,1,0,0.0,0.0,0.0,0.0,0.0,0.0,0.0,0.0,0.0,uncertain
hard,13,7,9,22,,loss,False,False,6-A-6,1,0,0.0,0.0,0.0,0.0,0.0,0.0,0.0,0.0,0.0,uncertain
hard,13,7,9,22,,loss,False,False,8-5,4,0,0.0,0.0,0.0,0.0,0.0,0.0,0.0,0.0,0.0,uncertain
hard,13,7,9,22,,loss,False,False,9-3-A,1,0,0.0,0.0,0.0,0.0,0.0,0.0,0.0,0.0,0.0,uncertain
hard,13,7,9,22,,loss,False,False,2-3-8,1,0,0.0,0.0,0.0,0.0,0.0,0.0,0.0,0.0,0.0,uncertain
hard,13,7,9,22,,loss,True,False,2-3-8,1,0,0.0,0.0,0.0,0.0,0.0,0.0,0.0,0.0,0.0,uncertain
hard,13,7,9,22,,loss,True,False,7-6,1,0,0.0,0.0,0.0,0.0,0.0,0.0,0.0,0.0,0.0,uncertain
hard,13,7,9,22,,loss,False,False,2-A-10,1,0,0.0,0.0,0.0,0.0,0.0,0.0,0.0,0.0,0.0,uncertain
hard,13,7,9,22,,loss,True,False,8-5,1,0,0.0,0.0,0.0,0.0,0.0,0.0,0.0,0.0,0.0,uncertain
hard,13,7,9,22,,loss,True,False,2-6-5,1,0,0.0,0.0,0.0,0.0,0.0,0.0,0.0,0.0,0.0,uncertain
hard,13,7,9,22,,loss,True,False,3-10,1,0,0.0,0.0,0.0,0.0,0.0,0.0,0.0,0.0,0.0,uncertain
hard,13,7,9,22,,loss,False,False,2-6-5,1,0,0.0,0.0,0.0,0.0,0.0,0.0,0.0,0.0,0.0,uncertain
hard,13,7,9,22,,loss,False,False,4-4-5,1,0,0.0,0.0,0.0,0.0,0.0,0.0,0.0,0.0,0.0,uncertain
hard,13,7,10,23,,loss,False,False,3-10,54,0,0.0,0.0,0.0,0.0,0.0,0.0,0.0,0.0,0.0,uncertain
hard,13,7,10,23,,loss,False,False,8-5,15,0,0.0,0.0,0.0,0.0,0.0,0.0,0.0,0.0,0.0,uncertain
hard,13,7,10,23,,loss,False,False,2-10-A,5,0,0.0,0.0,0.0,0.0,0.0,0.0,0.0,0.0,0.0,uncertain
hard,13,7,10,23,,loss,False,False,6-A-6,1,0,0.0,0.0,0.0,0.0,0.0,0.0,0.0,0.0,0.0,uncertain
hard,13,7,10,23,,loss,True,False,2-10-A,1,0,0.0,0.0,0.0,0.0,0.0,0.0,0.0,0.0,0.0,uncertain
hard,13,7,10,23,,loss,False,False,4-9,15,0,0.0,0.0,0.0,0.0,0.0,0.0,0.0,0.0,0.0,uncertain
hard,13,7,10,23,,loss,False,False,6-3-4,2,0,0.0,0.0,0.0,0.0,0.0,0.0,0.0,0.0,0.0,uncertain
hard,13,7,10,23,,loss,False,False,2-A-10,8,0,0.0,0.0,0.0,0.0,0.0,0.0,0.0,0.0,0.0,uncertain
hard,13,7,10,23,,loss,False,False,10-3,66,0,0.0,0.0,0.0,0.0,0.0,0.0,0.0,0.0,0.0,uncertain
hard,13,7,10,23,,loss,False,False,4-5-3-A,1,0,0.0,0.0,0.0,0.0,0.0,0.0,0.0,0.0,0.0,uncertain
hard,13,7,10,23,,loss,False,False,3-4-4-2,1,0,0.0,0.0,0.0,0.0,0.0,0.0,0.0,0.0,0.0,uncertain
hard,13,7,10,23,,loss,False,False,5-8,14,0,0.0,0.0,0.0,0.0,0.0,0.0,0.0,0.0,0.0,uncertain
hard,13,7,10,23,,loss,True,False,3-10,4,0,0.0,0.0,0.0,0.0,0.0,0.0,0.0,0.0,0.0,uncertain
hard,13,7,10,23,,loss,False,False,3-A-9,1,0,0.0,0.0,0.0,0.0,0.0,0.0,0.0,0.0,0.0,uncertain
hard,13,7,10,23,,loss,False,False,9-4,15,0,0.0,0.0,0.0,0.0,0.0,0.0,0.0,0.0,0.0,uncertain
hard,13,7,10,23,,loss,False,False,4-2-7,2,0,0.0,0.0,0.0,0.0,0.0,0.0,0.0,0.0,0.0,uncertain
hard,13,7,10,23,,loss,False,False,4-4-5,2,0,0.0,0.0,0.0,0.0,0.0,0.0,0.0,0.0,0.0,uncertain
hard,13,7,10,23,,loss,False,False,A-2-10,2,0,0.0,0.0,0.0,0.0,0.0,0.0,0.0,0.0,0.0,uncertain
hard,13,7,10,23,,loss,False,False,6-7,18,0,0.0,0.0,0.0,0.0,0.0,0.0,0.0,0.0,0.0,uncertain
hard,13,7,10,23,,loss,False,False,2-3-4-4,1,0,0.0,0.0,0.0,0.0,0.0,0.0,0.0,0.0,0.0,uncertain
hard,13,7,10,23,,loss,True,False,3-5-5,1,0,0.0,0.0,0.0,0.0,0.0,0.0,0.0,0.0,0.0,uncertain
hard,13,7,10,23,,loss,False,False,10-2-A,2,0,0.0,0.0,0.0,0.0,0.0,0.0,0.0,0.0,0.0,uncertain
hard,13,7,10,23,,loss,False,False,7-6,6,0,0.0,0.0,0.0,0.0,0.0,0.0,0.0,0.0,0.0,uncertain
hard,13,7,10,23,,loss,True,False,8-5,1,0,0.0,0.0,0.0,0.0,0.0,0.0,0.0,0.0,0.0,uncertain
hard,13,7,10,23,,loss,False,False,A-3-8-A,1,0,0.0,0.0,0.0,0.0,0.0,0.0,0.0,0.0,0.0,uncertain
hard,13,7,10,23,,loss,False,False,4-5-4,3,0,0.0,0.0,0.0,0.0,0.0,0.0,0.0,0.0,0.0,uncertain
hard,13,7,10,23,,loss,False,False,6-2-3-2,1,0,0.0,0.0,0.0,0.0,0.0,0.0,0.0,0.0,0.0,uncertain
hard,13,7,10,23,,loss,True,False,2-6-5,1,0,0.0,0.0,0.0,0.0,0.0,0.0,0.0,0.0,0.0,uncertain
hard,13,7,10,23,,loss,False,False,8-4-A,1,0,0.0,0.0,0.0,0.0,0.0,0.0,0.0,0.0,0.0,uncertain
hard,13,7,10,23,,loss,False,False,6-6-A,2,0,0.0,0.0,0.0,0.0,0.0,0.0,0.0,0.0,0.0,uncertain
hard,13,7,10,23,,loss,False,False,3-4-6,1,0,0.0,0.0,0.0,0.0,0.0,0.0,0.0,0.0,0.0,uncertain
hard,13,7,10,23,,loss,False,False,3-2-8,2,0,0.0,0.0,0.0,0.0,0.0,0.0,0.0,0.0,0.0,uncertain
hard,13,7,10,23,,loss,True,False,3-2-8,1,0,0.0,0.0,0.0,0.0,0.0,0.0,0.0,0.0,0.0,uncertain
hard,13,7,10,23,,loss,False,False,4-8-A,2,0,0.0,0.0,0.0,0.0,0.0,0.0,0.0,0.0,0.0,uncertain
hard,13,7,10,23,,loss,False,False,3-9-A,1,0,0.0,0.0,0.0,0.0,0.0,0.0,0.0,0.0,0.0,uncertain
hard,13,7,10,23,,loss,False,False,A-6-6,1,0,0.0,0.0,0.0,0.0,0.0,0.0,0.0,0.0,0.0,uncertain
hard,13,7,10,23,,loss,False,False,2-3-8,2,0,0.0,0.0,0.0,0.0,0.0,0.0,0.0,0.0,0.0,uncertain
hard,13,7,10,23,,loss,False,False,5-3-5,2,0,0.0,0.0,0.0,0.0,0.0,0.0,0.0,0.0,0.0,uncertain
hard,13,7,10,23,,loss,False,False,5-A-7,1,0,0.0,0.0,0.0,0.0,0.0,0.0,0.0,0.0,0.0,uncertain
hard,13,7,10,23,,loss,False,False,4-A-8,1,0,0.0,0.0,0.0,0.0,0.0,0.0,0.0,0.0,0.0,uncertain
hard,13,7,10,23,,loss,False,False,7-5-A,2,0,0.0,0.0,0.0,0.0,0.0,0.0,0.0,0.0,0.0,uncertain
hard,13,7,10,23,,loss,False,False,A-4-8,2,0,0.0,0.0,0.0,0.0,0.0,0.0,0.0,0.0,0.0,uncertain
hard,13,7,10,23,,loss,False,False,7-2-4,1,0,0.0,0.0,0.0,0.0,0.0,0.0,0.0,0.0,0.0,uncertain
hard,13,7,10,23,,loss,True,False,7-6,1,0,0.0,0.0,0.0,0.0,0.0,0.0,0.0,0.0,0.0,uncertain
hard,13,7,10,23,,loss,True,False,2-4-4-3,1,0,0.0,0.0,0.0,0.0,0.0,0.0,0.0,0.0,0.0,uncertain
hard,13,7,10,23,,loss,False,False,5-7-A,1,0,0.0,0.0,0.0,0.0,0.0,0.0,0.0,0.0,0.0,uncertain
hard,13,7,10,23,,loss,False,False,2-5-5-A,1,0,0.0,0.0,0.0,0.0,0.0,0.0,0.0,0.0,0.0,uncertain
hard,13,7,10,23,,loss,False,False,6-3-2-2,1,0,0.0,0.0,0.0,0.0,0.0,0.0,0.0,0.0,0.0,uncertain
hard,13,7,10,23,,loss,False,False,6-2-5,1,0,0.0,0.0,0.0,0.0,0.0,0.0,0.0,0.0,0.0,uncertain
hard,13,8,9,22,,loss,False,False,4-2-7,1,0,0.0,0.0,0.0,0.0,0.0,0.0,0.0,0.0,0.0,uncertain
hard,13,8,9,22,,loss,False,False,8-4-A,1,0,0.0,0.0,0.0,0.0,0.0,0.0,0.0,0.0,0.0,uncertain
hard,13,8,9,22,,loss,False,False,6-7,8,0,0.0,0.0,0.0,0.0,0.0,0.0,0.0,0.0,0.0,uncertain
hard,13,8,9,22,,loss,False,False,8-5,3,0,0.0,0.0,0.0,0.0,0.0,0.0,0.0,0.0,0.0,uncertain
hard,13,8,9,22,,loss,False,False,3-10,13,0,0.0,0.0,0.0,0.0,0.0,0.0,0.0,0.0,0.0,uncertain
hard,13,8,9,22,,loss,False,False,5-4-4,1,0,0.0,0.0,0.0,0.0,0.0,0.0,0.0,0.0,0.0,uncertain
hard,13,8,9,22,,loss,False,False,10-3,9,0,0.0,0.0,0.0,0.0,0.0,0.0,0.0,0.0,0.0,uncertain
hard,13,8,9,22,,loss,False,False,2-4-7,2,0,0.0,0.0,0.0,0.0,0.0,0.0,0.0,0.0,0.0,uncertain
hard,13,8,9,22,,loss,False,False,5-8,2,0,0.0,0.0,0.0,0.0,0.0,0.0,0.0,0.0,0.0,uncertain
hard,13,8,9,22,,loss,True,False,8-5,1,0,0.0,0.0,0.0,0.0,0.0,0.0,0.0,0.0,0.0,uncertain
hard,13,8,9,22,,loss,False,False,3-A-9,1,0,0.0,0.0,0.0,0.0,0.0,0.0,0.0,0.0,0.0,uncertain
hard,13,8,9,22,,loss,False,False,5-3-2-3,1,0,0.0,0.0,0.0,0.0,0.0,0.0,0.0,0.0,0.0,uncertain
hard,13,8,9,22,,loss,False,False,9-4,4,0,0.0,0.0,0.0,0.0,0.0,0.0,0.0,0.0,0.0,uncertain
hard,13,8,9,22,,loss,False,False,2-10-A,1,0,0.0,0.0,0.0,0.0,0.0,0.0,0.0,0.0,0.0,uncertain
hard,13,8,9,22,,loss,False,False,10-2-A,2,0,0.0,0.0,0.0,0.0,0.0,0.0,0.0,0.0,0.0,uncertain
hard,13,8,9,22,,loss,False,False,A-2-10,1,0,0.0,0.0,0.0,0.0,0.0,0.0,0.0,0.0,0.0,uncertain
hard,13,8,9,22,,loss,False,False,4-4-5,1,0,0.0,0.0,0.0,0.0,0.0,0.0,0.0,0.0,0.0,uncertain
hard,13,8,9,22,,loss,False,False,2-7-4,1,0,0.0,0.0,0.0,0.0,0.0,0.0,0.0,0.0,0.0,uncertain
hard,13,8,9,22,,loss,False,False,A-6-5-A,1,0,0.0,0.0,0.0,0.0,0.0,0.0,0.0,0.0,0.0,uncertain
hard,13,8,9,22,,loss,False,False,7-6,2,0,0.0,0.0,0.0,0.0,0.0,0.0,0.0,0.0,0.0,uncertain
hard,13,8,9,22,,loss,False,False,3-5-5,1,0,0.0,0.0,0.0,0.0,0.0,0.0,0.0,0.0,0.0,uncertain
hard,13,8,9,22,,loss,False,False,7-5-A,1,0,0.0,0.0,0.0,0.0,0.0,0.0,0.0,0.0,0.0,uncertain
hard,13,8,9,22,,loss,False,False,7-2-4,1,0,0.0,0.0,0.0,0.0,0.0,0.0,0.0,0.0,0.0,uncertain
hard,13,8,9,22,,loss,True,False,9-4,1,0,0.0,0.0,0.0,0.0,0.0,0.0,0.0,0.0,0.0,uncertain
hard,13,8,10,23,,loss,False,False,3-10,52,0,0.0,0.0,0.0,0.0,0.0,0.0,0.0,0.0,0.0,uncertain
hard,13,8,10,23,,loss,False,False,7-6,8,0,0.0,0.0,0.0,0.0,0.0,0.0,0.0,0.0,0.0,uncertain
hard,13,8,10,23,,loss,False,False,10-2-A,5,0,0.0,0.0,0.0,0.0,0.0,0.0,0.0,0.0,0.0,uncertain
hard,13,8,10,23,,loss,False,False,3-5-2-3,1,0,0.0,0.0,0.0,0.0,0.0,0.0,0.0,0.0,0.0,uncertain
hard,13,8,10,23,,loss,False,False,2-4-7,3,0,0.0,0.0,0.0,0.0,0.0,0.0,0.0,0.0,0.0,uncertain
hard,13,8,10,23,,loss,False,False,5-8,16,0,0.0,0.0,0.0,0.0,0.0,0.0,0.0,0.0,0.0,uncertain
hard,13,8,10,23,,loss,False,False,10-3,53,0,0.0,0.0,0.0,0.0,0.0,0.0,0.0,0.0,0.0,uncertain
hard,13,8,10,23,,loss,False,False,8-5,19,0,0.0,0.0,0.0,0.0,0.0,0.0,0.0,0.0,0.0,uncertain
hard,13,8,10,23,,loss,False,False,6-7,16,0,0.0,0.0,0.0,0.0,0.0,0.0,0.0,0.0,0.0,uncertain
hard,13,8,10,23,,loss,False,False,4-9,13,0,0.0,0.0,0.0,0.0,0.0,0.0,0.0,0.0,0.0,uncertain
hard,13,8,10,23,,loss,False,False,A-5-7,3,0,0.0,0.0,0.0,0.0,0.0,0.0,0.0,0.0,0.0,uncertain
hard,13,8,10,23,,loss,False,False,5-2-5-A,1,0,0.0,0.0,0.0,0.0,0.0,0.0,0.0,0.0,0.0,uncertain
hard,13,8,10,23,,loss,False,False,4-A-A-7,2,0,0.0,0.0,0.0,0.0,0.0,0.0,0.0,0.0,0.0,uncertain
hard,13,8,10,23,,loss,True,False,9-4,4,0,0.0,0.0,0.0,0.0,0.0,0.0,0.0,0.0,0.0,uncertain
hard,13,8,10,23,,loss,False,False,2-10-A,5,0,0.0,0.0,0.0,0.0,0.0,0.0,0.0,0.0,0.0,uncertain
hard,13,8,10,23,,loss,False,False,5-3-5,2,0,0.0,0.0,0.0,0.0,0.0,0.0,0.0,0.0,0.0,uncertain
hard,13,8,10,23,,loss,False,False,8-4-A,2,0,0.0,0.0,0.0,0.0,0.0,0.0,0.0,0.0,0.0,uncertain
hard,13,8,10,23,,loss,False,False,9-4,10,0,0.0,0.0,0.0,0.0,0.0,0.0,0.0,0.0,0.0,uncertain
hard,13,8,10,23,,loss,False,False,A-2-10,6,0,0.0,0.0,0.0,0.0,0.0,0.0,0.0,0.0,0.0,uncertain
hard,13,8,10,23,,loss,False,False,4-5-4,1,0,0.0,0.0,0.0,0.0,0.0,0.0,0.0,0.0,0.0,uncertain
hard,13,8,10,23,,loss,False,False,3-4-3-3,1,0,0.0,0.0,0.0,0.0,0.0,0.0,0.0,0.0,0.0,uncertain
hard,13,8,10,23,,loss,False,False,2-A-10,6,0,0.0,0.0,0.0,0.0,0.0,0.0,0.0,0.0,0.0,uncertain
hard,13,8,10,23,,loss,False,False,6-6-A,3,0,0.0,0.0,0.0,0.0,0.0,0.0,0.0,0.0,0.0,uncertain
hard,13,8,10,23,,loss,False,False,5-4-2-2,2,0,0.0,0.0,0.0,0.0,0.0,0.0,0.0,0.0,0.0,uncertain
hard,13,8,10,23,,loss,False,False,4-2-7,2,0,0.0,0.0,0.0,0.0,0.0,0.0,0.0,0.0,0.0,uncertain
hard,13,8,10,23,,loss,False,False,3-A-A-8,1,0,0.0,0.0,0.0,0.0,0.0,0.0,0.0,0.0,0.0,uncertain
hard,13,8,10,23,,loss,False,False,6-2-3-2,1,0,0.0,0.0,0.0,0.0,0.0,0.0,0.0,0.0,0.0,uncertain
hard,13,8,10,23,,loss,False,False,4-A-7-A,1,0,0.0,0.0,0.0,0.0,0.0,0.0,0.0,0.0,0.0,uncertain
hard,13,8,10,23,,loss,False,False,4-A-8,3,0,0.0,0.0,0.0,0.0,0.0,0.0,0.0,0.0,0.0,uncertain
hard,13,8,10,23,,loss,False,False,3-2-6-2,1,0,0.0,0.0,0.0,0.0,0.0,0.0,0.0,0.0,0.0,uncertain
hard,13,8,10,23,,loss,False,False,4-2-3-4,1,0,0.0,0.0,0.0,0.0,0.0,0.0,0.0,0.0,0.0,uncertain
hard,13,8,10,23,,loss,False,False,3-A-9,1,0,0.0,0.0,0.0,0.0,0.0,0.0,0.0,0.0,0.0,uncertain
hard,13,8,10,23,,loss,False,False,4-4-2-3,1,0,0.0,0.0,0.0,0.0,0.0,0.0,0.0,0.0,0.0,uncertain
hard,13,8,10,23,,loss,True,False,8-5,3,0,0.0,0.0,0.0,0.0,0.0,0.0,0.0,0.0,0.0,uncertain
hard,13,8,10,23,,loss,False,False,5-2-2-4,1,0,0.0,0.0,0.0,0.0,0.0,0.0,0.0,0.0,0.0,uncertain
hard,13,8,10,23,,loss,False,False,9-3-A,1,0,0.0,0.0,0.0,0.0,0.0,0.0,0.0,0.0,0.0,uncertain
hard,13,8,10,23,,loss,False,False,5-4-4,1,0,0.0,0.0,0.0,0.0,0.0,0.0,0.0,0.0,0.0,uncertain
hard,13,8,10,23,,loss,False,False,4-2-5-2,1,0,0.0,0.0,0.0,0.0,0.0,0.0,0.0,0.0,0.0,uncertain
hard,13,8,10,23,,loss,False,False,A-3-9,1,0,0.0,0.0,0.0,0.0,0.0,0.0,0.0,0.0,0.0,uncertain
hard,13,8,10,23,,loss,False,False,4-4-5,2,0,0.0,0.0,0.0,0.0,0.0,0.0,0.0,0.0,0.0,uncertain
hard,13,8,10,23,,loss,False,False,3-3-7,1,0,0.0,0.0,0.0,0.0,0.0,0.0,0.0,0.0,0.0,uncertain
hard,13,8,10,23,,loss,False,False,6-3-4,1,0,0.0,0.0,0.0,0.0,0.0,0.0,0.0,0.0,0.0,uncertain
hard,13,8,10,23,,loss,False,False,7-2-2-2,1,0,0.0,0.0,0.0,0.0,0.0,0.0,0.0,0.0,0.0,uncertain
hard,13,8,10,23,,loss,False,False,3-9-A,1,0,0.0,0.0,0.0,0.0,0.0,0.0,0.0,0.0,0.0,uncertain
hard,13,8,10,23,,loss,False,False,2-2-9,1,0,0.0,0.0,0.0,0.0,0.0,0.0,0.0,0.0,0.0,uncertain
hard,13,8,10,23,,loss,False,False,2-5-4-2,1,0,0.0,0.0,0.0,0.0,0.0,0.0,0.0,0.0,0.0,uncertain
hard,13,8,10,23,,loss,False,False,2-6-4-A,1,0,0.0,0.0,0.0,0.0,0.0,0.0,0.0,0.0,0.0,uncertain
hard,13,8,10,23,,loss,False,False,7-5-A,1,0,0.0,0.0,0.0,0.0,0.0,0.0,0.0,0.0,0.0,uncertain
hard,13,8,10,23,,loss,False,False,2-A-3-7,1,0,0.0,0.0,0.0,0.0,0.0,0.0,0.0,0.0,0.0,uncertain
hard,13,8,10,23,,loss,False,False,2-3-6-2,1,0,0.0,0.0,0.0,0.0,0.0,0.0,0.0,0.0,0.0,uncertain
hard,13,8,10,23,,loss,False,False,2-7-4,1,0,0.0,0.0,0.0,0.0,0.0,0.0,0.0,0.0,0.0,uncertain
hard,13,9,9,22,,loss,False,False,3-10,21,0,0.0,0.0,0.0,0.0,0.0,0.0,0.0,0.0,0.0,uncertain
hard,13,9,9,22,,loss,False,False,A-3-9,1,0,0.0,0.0,0.0,0.0,0.0,0.0,0.0,0.0,0.0,uncertain
hard,13,9,9,22,,loss,False,False,9-3-A,1,0,0.0,0.0,0.0,0.0,0.0,0.0,0.0,0.0,0.0,uncertain
hard,13,9,9,22,,loss,False,False,5-8,7,0,0.0,0.0,0.0,0.0,0.0,0.0,0.0,0.0,0.0,uncertain
hard,13,9,9,22,,loss,False,False,8-5,2,0,0.0,0.0,0.0,0.0,0.0,0.0,0.0,0.0,0.0,uncertain
hard,13,9,9,22,,loss,False,False,10-3,11,0,0.0,0.0,0.0,0.0,0.0,0.0,0.0,0.0,0.0,uncertain
hard,13,9,9,22,,loss,False,False,4-9,3,0,0.0,0.0,0.0,0.0,0.0,0.0,0.0,0.0,0.0,uncertain
hard,13,9,9,22,,loss,False,False,6-6-A,1,0,0.0,0.0,0.0,0.0,0.0,0.0,0.0,0.0,0.0,uncertain
hard,13,9,9,22,,loss,False,False,9-4,4,0,0.0,0.0,0.0,0.0,0.0,0.0,0.0,0.0,0.0,uncertain
hard,13,9,9,22,,loss,False,False,A-2-10,2,0,0.0,0.0,0.0,0.0,0.0,0.0,0.0,0.0,0.0,uncertain
hard,13,9,9,22,,loss,False,False,7-6,3,0,0.0,0.0,0.0,0.0,0.0,0.0,0.0,0.0,0.0,uncertain
hard,13,9,9,22,,loss,False,False,4-2-7,1,0,0.0,0.0,0.0,0.0,0.0,0.0,0.0,0.0,0.0,uncertain
hard,13,9,9,22,,loss,False,False,2-A-10,2,0,0.0,0.0,0.0,0.0,0.0,0.0,0.0,0.0,0.0,uncertain
hard,13,9,9,22,,loss,False,False,10-2-A,2,0,0.0,0.0,0.0,0.0,0.0,0.0,0.0,0.0,0.0,uncertain
hard,13,9,9,22,,loss,False,False,6-7,4,0,0.0,0.0,0.0,0.0,0.0,0.0,0.0,0.0,0.0,uncertain
hard,13,9,9,22,,loss,True,False,9-4,1,0,0.0,0.0,0.0,0.0,0.0,0.0,0.0,0.0,0.0,uncertain
hard,13,9,9,22,,loss,False,False,6-A-6,1,0,0.0,0.0,0.0,0.0,0.0,0.0,0.0,0.0,0.0,uncertain
hard,13,9,9,22,,loss,False,False,3-5-5,2,0,0.0,0.0,0.0,0.0,0.0,0.0,0.0,0.0,0.0,uncertain
hard,13,9,9,22,,loss,False,False,4-3-6,1,0,0.0,0.0,0.0,0.0,0.0,0.0,0.0,0.0,0.0,uncertain
hard,13,9,9,22,,loss,False,False,3-2-2-6,1,0,0.0,0.0,0.0,0.0,0.0,0.0,0.0,0.0,0.0,uncertain
hard,13,9,9,22,,loss,False,False,A-4-8,2,0,0.0,0.0,0.0,0.0,0.0,0.0,0.0,0.0,0.0,uncertain
hard,13,9,9,22,,loss,False,False,6-3-2-2,1,0,0.0,0.0,0.0,0.0,0.0,0.0,0.0,0.0,0.0,uncertain
hard,13,9,9,22,,loss,False,False,3-3-7,1,0,0.0,0.0,0.0,0.0,0.0,0.0,0.0,0.0,0.0,uncertain
hard,13,9,9,22,,loss,False,False,4-4-5,1,0,0.0,0.0,0.0,0.0,0.0,0.0,0.0,0.0,0.0,uncertain
hard,13,9,9,22,,loss,False,False,5-2-A-5,1,0,0.0,0.0,0.0,0.0,0.0,0.0,0.0,0.0,0.0,uncertain
hard,13,9,9,22,,loss,False,False,6-3-4,1,0,0.0,0.0,0.0,0.0,0.0,0.0,0.0,0.0,0.0,uncertain
hard,13,9,9,22,,loss,False,False,5-2-6,1,0,0.0,0.0,0.0,0.0,0.0,0.0,0.0,0.0,0.0,uncertain
hard,13,9,9,22,,loss,False,False,3-4-6,1,0,0.0,0.0,0.0,0.0,0.0,0.0,0.0,0.0,0.0,uncertain
hard,13,9,9,22,,loss,False,False,3-2-8,1,0,0.0,0.0,0.0,0.0,0.0,0.0,0.0,0.0,0.0,uncertain
hard,13,9,10,23,,loss,False,False,10-3,51,0,0.0,0.0,0.0,0.0,0.0,0.0,0.0,0.0,0.0,uncertain
hard,13,9,10,23,,loss,False,False,4-9,20,0,0.0,0.0,0.0,0.0,0.0,0.0,0.0,0.0,0.0,uncertain
hard,13,9,10,23,,loss,False,False,7-6,19,0,0.0,0.0,0.0,0.0,0.0,0.0,0.0,0.0,0.0,uncertain
hard,13,9,10,23,,loss,False,False,3-10,56,0,0.0,0.0,0.0,0.0,0.0,0.0,0.0,0.0,0.0,uncertain
hard,13,9,10,23,,loss,False,False,3-A-4-5,2,0,0.0,0.0,0.0,0.0,0.0,0.0,0.0,0.0,0.0,uncertain
hard,13,9,10,23,,loss,False,False,9-4,11,0,0.0,0.0,0.0,0.0,0.0,0.0,0.0,0.0,0.0,uncertain
hard,13,9,10,23,,loss,False,False,6-7,19,0,0.0,0.0,0.0,0.0,0.0,0.0,0.0,0.0,0.0,uncertain
hard,13,9,10,23,,loss,False,False,8-4-A,1,0,0.0,0.0,0.0,0.0,0.0,0.0,0.0,0.0,0.0,uncertain
hard,13,9,10,23,,loss,False,False,5-8,17,0,0.0,0.0,0.0,0.0,0.0,0.0,0.0,0.0,0.0,uncertain
hard,13,9,10,23,,loss,False,False,2-A-10,5,0,0.0,0.0,0.0,0.0,0.0,0.0,0.0,0.0,0.0,uncertain
hard,13,9,10,23,,loss,False,False,2-10-A,8,0,0.0,0.0,0.0,0.0,0.0,0.0,0.0,0.0,0.0,uncertain
hard,13,9,10,23,,loss,False,False,A-6-6,1,0,0.0,0.0,0.0,0.0,0.0,0.0,0.0,0.0,0.0,uncertain
hard,13,9,10,23,,loss,False,False,2-3-8,1,0,0.0,0.0,0.0,0.0,0.0,0.0,0.0,0.0,0.0,uncertain
hard,13,9,10,23,,loss,False,False,5-A-7,1,0,0.0,0.0,0.0,0.0,0.0,0.0,0.0,0.0,0.0,uncertain
hard,13,9,10,23,,loss,False,False,2-4-A-6,1,0,0.0,0.0,0.0,0.0,0.0,0.0,0.0,0.0,0.0,uncertain
hard,13,9,10,23,,loss,False,False,8-5,16,0,0.0,0.0,0.0,0.0,0.0,0.0,0.0,0.0,0.0,uncertain
hard,13,9,10,23,,loss,True,False,9-4,5,0,0.0,0.0,0.0,0.0,0.0,0.0,0.0,0.0,0.0,uncertain
hard,13,9,10,23,,loss,False,False,A-4-8,2,0,0.0,0.0,0.0,0.0,0.0,0.0,0.0,0.0,0.0,uncertain
hard,13,9,10,23,,loss,True,False,8-5,5,0,0.0,0.0,0.0,0.0,0.0,0.0,0.0,0.0,0.0,uncertain
hard,13,9,10,23,,loss,False,False,4-3-A-5,1,0,0.0,0.0,0.0,0.0,0.0,0.0,0.0,0.0,0.0,uncertain
hard,13,9,10,23,,loss,False,False,7-2-4,1,0,0.0,0.0,0.0,0.0,0.0,0.0,0.0,0.0,0.0,uncertain
hard,13,9,10,23,,loss,False,False,5-4-2-2,1,0,0.0,0.0,0.0,0.0,0.0,0.0,0.0,0.0,0.0,uncertain
hard,13,9,10,23,,loss,False,False,A-2-10,5,0,0.0,0.0,0.0,0.0,0.0,0.0,0.0,0.0,0.0,uncertain
hard,13,9,10,23,,loss,False,False,6-6-A,3,0,0.0,0.0,0.0,0.0,0.0,0.0,0.0,0.0,0.0,uncertain
hard,13,9,10,23,,loss,False,False,10-2-A,3,0,0.0,0.0,0.0,0.0,0.0,0.0,0.0,0.0,0.0,uncertain
hard,13,9,10,23,,loss,False,False,4-2-7,2,0,0.0,0.0,0.0,0.0,0.0,0.0,0.0,0.0,0.0,uncertain
hard,13,9,10,23,,loss,False,False,4-4-5,1,0,0.0,0.0,0.0,0.0,0.0,0.0,0.0,0.0,0.0,uncertain
hard,13,9,10,23,,loss,False,False,7-A-5,3,0,0.0,0.0,0.0,0.0,0.0,0.0,0.0,0.0,0.0,uncertain
hard,13,9,10,23,,loss,False,False,3-3-7,1,0,0.0,0.0,0.0,0.0,0.0,0.0,0.0,0.0,0.0,uncertain
hard,13,9,10,23,,loss,False,False,4-8-A,1,0,0.0,0.0,0.0,0.0,0.0,0.0,0.0,0.0,0.0,uncertain
hard,13,9,10,23,,loss,False,False,6-A-6,1,0,0.0,0.0,0.0,0.0,0.0,0.0,0.0,0.0,0.0,uncertain
hard,13,9,10,23,,loss,False,False,4-4-2-3,1,0,0.0,0.0,0.0,0.0,0.0,0.0,0.0,0.0,0.0,uncertain
hard,13,9,10,23,,loss,False,False,2-5-6,1,0,0.0,0.0,0.0,0.0,0.0,0.0,0.0,0.0,0.0,uncertain
hard,13,9,10,23,,loss,False,False,7-5-A,1,0,0.0,0.0,0.0,0.0,0.0,0.0,0.0,0.0,0.0,uncertain
hard,13,9,10,23,,loss,False,False,3-5-5,1,0,0.0,0.0,0.0,0.0,0.0,0.0,0.0,0.0,0.0,uncertain
hard,13,9,10,23,,loss,False,False,2-4-7,1,0,0.0,0.0,0.0,0.0,0.0,0.0,0.0,0.0,0.0,uncertain
hard,13,9,10,23,,loss,False,False,6-3-4,1,0,0.0,0.0,0.0,0.0,0.0,0.0,0.0,0.0,0.0,uncertain
hard,13,9,10,23,,loss,False,False,5-7-A,2,0,0.0,0.0,0.0,0.0,0.0,0.0,0.0,0.0,0.0,uncertain
hard,13,9,10,23,,loss,True,False,9-3-A,1,0,0.0,0.0,0.0,0.0,0.0,0.0,0.0,0.0,0.0,uncertain
hard,13,9,10,23,,loss,False,False,2-2-9,1,0,0.0,0.0,0.0,0.0,0.0,0.0,0.0,0.0,0.0,uncertain
hard,13,9,10,23,,loss,False,False,9-3-A,1,0,0.0,0.0,0.0,0.0,0.0,0.0,0.0,0.0,0.0,uncertain
hard,13,9,10,23,,loss,False,False,6-2-5,1,0,0.0,0.0,0.0,0.0,0.0,0.0,0.0,0.0,0.0,uncertain
hard,13,9,10,23,,loss,False,False,2-6-5,1,0,0.0,0.0,0.0,0.0,0.0,0.0,0.0,0.0,0.0,uncertain
hard,13,9,10,23,,loss,False,False,6-2-4-A,1,0,0.0,0.0,0.0,0.0,0.0,0.0,0.0,0.0,0.0,uncertain
hard,13,9,10,23,,loss,False,False,3-2-8,1,0,0.0,0.0,0.0,0.0,0.0,0.0,0.0,0.0,0.0,uncertain
hard,13,9,10,23,,loss,False,False,5-A-A-6,1,0,0.0,0.0,0.0,0.0,0.0,0.0,0.0,0.0,0.0,uncertain
hard,13,9,10,23,,loss,False,False,4-3-3-3,1,0,0.0,0.0,0.0,0.0,0.0,0.0,0.0,0.0,0.0,uncertain
hard,13,A,9,22,,loss,False,False,6-7,3,0,0.0,0.0,0.0,0.0,0.0,0.0,0.0,0.0,0.0,uncertain
hard,13,A,9,22,,loss,False,False,3-10,16,0,0.0,0.0,0.0,0.0,0.0,0.0,0.0,0.0,0.0,uncertain
hard,13,A,9,22,,loss,False,False,10-2-A,1,0,0.0,0.0,0.0,0.0,0.0,0.0,0.0,0.0,0.0,uncertain
hard,13,A,9,22,,loss,False,False,8-5,5,0,0.0,0.0,0.0,0.0,0.0,0.0,0.0,0.0,0.0,uncertain
hard,13,A,9,22,,loss,True,False,8-5,1,0,0.0,0.0,0.0,0.0,0.0,0.0,0.0,0.0,0.0,uncertain
hard,13,A,9,22,,loss,False,False,5-8,3,0,0.0,0.0,0.0,0.0,0.0,0.0,0.0,0.0,0.0,uncertain
hard,13,A,9,22,,loss,False,False,2-4-7,1,0,0.0,0.0,0.0,0.0,0.0,0.0,0.0,0.0,0.0,uncertain
hard,13,A,9,22,,loss,False,False,5-4-4,1,0,0.0,0.0,0.0,0.0,0.0,0.0,0.0,0.0,0.0,uncertain
hard,13,A,9,22,,loss,False,False,4-2-7,1,0,0.0,0.0,0.0,0.0,0.0,0.0,0.0,0.0,0.0,uncertain
hard,13,A,9,22,,loss,False,False,10-3,11,0,0.0,0.0,0.0,0.0,0.0,0.0,0.0,0.0,0.0,uncertain
hard,13,A,9,22,,loss,False,False,A-2-10,2,0,0.0,0.0,0.0,0.0,0.0,0.0,0.0,0.0,0.0,uncertain
hard,13,A,9,22,,loss,False,False,9-4,3,0,0.0,0.0,0.0,0.0,0.0,0.0,0.0,0.0,0.0,uncertain
hard,13,A,9,22,,loss,False,False,4-3-6,1,0,0.0,0.0,0.0,0.0,0.0,0.0,0.0,0.0,0.0,uncertain
hard,13,A,9,22,,loss,False,False,4-3-3-3,1,0,0.0,0.0,0.0,0.0,0.0,0.0,0.0,0.0,0.0,uncertain
hard,13,A,9,22,,loss,False,False,A-5-7,1,0,0.0,0.0,0.0,0.0,0.0,0.0,0.0,0.0,0.0,uncertain
hard,13,A,9,22,,loss,False,False,2-3-3-5,1,0,0.0,0.0,0.0,0.0,0.0,0.0,0.0,0.0,0.0,uncertain
hard,13,A,9,22,,loss,False,False,2-6-5,1,0,0.0,0.0,0.0,0.0,0.0,0.0,0.0,0.0,0.0,uncertain
hard,13,A,9,22,,loss,False,False,6-6-A,1,0,0.0,0.0,0.0,0.0,0.0,0.0,0.0,0.0,0.0,uncertain
hard,13,A,9,22,,loss,False,False,4-9,1,0,0.0,0.0,0.0,0.0,0.0,0.0,0.0,0.0,0.0,uncertain
hard,13,A,10,23,,loss,False,False,3-10,37,0,0.0,0.0,0.0,0.0,0.0,0.0,0.0,0.0,0.0,uncertain
hard,13,A,10,23,,loss,False,False,6-7,11,0,0.0,0.0,0.0,0.0,0.0,0.0,0.0,0.0,0.0,uncertain
hard,13,A,10,23,,loss,False,False,2-A-10,6,0,0.0,0.0,0.0,0.0,0.0,0.0,0.0,0.0,0.0,uncertain
hard,13,A,10,23,,loss,False,False,3-3-7,1,0,0.0,0.0,0.0,0.0,0.0,0.0,0.0,0.0,0.0,uncertain
hard,13,A,10,23,,loss,False,False,3-6-4,2,0,0.0,0.0,0.0,0.0,0.0,0.0,0.0,0.0,0.0,uncertain
hard,13,A,10,23,,loss,False,False,10-3,34,0,0.0,0.0,0.0,0.0,0.0,0.0,0.0,0.0,0.0,uncertain
hard,13,A,10,23,,loss,False,False,4-3-6,1,0,0.0,0.0,0.0,0.0,0.0,0.0,0.0,0.0,0.0,uncertain
hard,13,A,10,23,,loss,False,False,5-8,7,0,0.0,0.0,0.0,0.0,0.0,0.0,0.0,0.0,0.0,uncertain
hard,13,A,10,23,,loss,False,False,2-A-3-7,1,0,0.0,0.0,0.0,0.0,0.0,0.0,0.0,0.0,0.0,uncertain
hard,13,A,10,23,,loss,False,False,2-10-A,6,0,0.0,0.0,0.0,0.0,0.0,0.0,0.0,0.0,0.0,uncertain
hard,13,A,10,23,,loss,False,False,6-3-4,1,0,0.0,0.0,0.0,0.0,0.0,0.0,0.0,0.0,0.0,uncertain
hard,13,A,10,23,,loss,False,False,A-6-6,2,0,0.0,0.0,0.0,0.0,0.0,0.0,0.0,0.0,0.0,uncertain
hard,13,A,10,23,,loss,False,False,8-5,11,0,0.0,0.0,0.0,0.0,0.0,0.0,0.0,0.0,0.0,uncertain
hard,13,A,10,23,,loss,False,False,6-6-A,2,0,0.0,0.0,0.0,0.0,0.0,0.0,0.0,0.0,0.0,uncertain
hard,13,A,10,23,,loss,False,False,3-9-A,1,0,0.0,0.0,0.0,0.0,0.0,0.0,0.0,0.0,0.0,uncertain
hard,13,A,10,23,,loss,False,False,2-A-5-5,1,0,0.0,0.0,0.0,0.0,0.0,0.0,0.0,0.0,0.0,uncertain
hard,13,A,10,23,,loss,False,False,8-4-A,1,0,0.0,0.0,0.0,0.0,0.0,0.0,0.0,0.0,0.0,uncertain
hard,13,A,10,23,,loss,False,False,2-3-8,1,0,0.0,0.0,0.0,0.0,0.0,0.0,0.0,0.0,0.0,uncertain
hard,13,A,10,23,,loss,False,False,A-2-10,4,0,0.0,0.0,0.0,0.0,0.0,0.0,0.0,0.0,0.0,uncertain
hard,13,A,10,23,,loss,False,False,5-2-6,2,0,0.0,0.0,0.0,0.0,0.0,0.0,0.0,0.0,0.0,uncertain
hard,13,A,10,23,,loss,False,False,5-2-A-5,1,0,0.0,0.0,0.0,0.0,0.0,0.0,0.0,0.0,0.0,uncertain
hard,13,A,10,23,,loss,False,False,3-7-2-A,1,0,0.0,0.0,0.0,0.0,0.0,0.0,0.0,0.0,0.0,uncertain
hard,13,A,10,23,,loss,False,False,A-2-A-9,1,0,0.0,0.0,0.0,0.0,0.0,0.0,0.0,0.0,0.0,uncertain
hard,13,A,10,23,,loss,False,False,A-3-9,1,0,0.0,0.0,0.0,0.0,0.0,0.0,0.0,0.0,0.0,uncertain
hard,13,A,10,23,,loss,False,False,4-9,10,0,0.0,0.0,0.0,0.0,0.0,0.0,0.0,0.0,0.0,uncertain
hard,13,A,10,23,,loss,False,False,3-A-9,1,0,0.0,0.0,0.0,0.0,0.0,0.0,0.0,0.0,0.0,uncertain
hard,13,A,10,23,,loss,False,False,9-4,10,0,0.0,0.0,0.0,0.0,0.0,0.0,0.0,0.0,0.0,uncertain
hard,13,A,10,23,,loss,True,False,8-5,2,0,0.0,0.0,0.0,0.0,0.0,0.0,0.0,0.0,0.0,uncertain
hard,13,A,10,23,,loss,False,False,2-7-4,3,0,0.0,0.0,0.0,0.0,0.0,0.0,0.0,0.0,0.0,uncertain
hard,13,A,10,23,,loss,False,False,4-8-A,1,0,0.0,0.0,0.0,0.0,0.0,0.0,0.0,0.0,0.0,uncertain
hard,13,A,10,23,,loss,False,False,10-2-A,3,0,0.0,0.0,0.0,0.0,0.0,0.0,0.0,0.0,0.0,uncertain
hard,13,A,10,23,,loss,False,False,3-5-2-3,1,0,0.0,0.0,0.0,0.0,0.0,0.0,0.0,0.0,0.0,uncertain
hard,13,A,10,23,,loss,False,False,7-6,9,0,0.0,0.0,0.0,0.0,0.0,0.0,0.0,0.0,0.0,uncertain
hard,13,A,10,23,,loss,False,False,2-4-7,2,0,0.0,0.0,0.0,0.0,0.0,0.0,0.0,0.0,0.0,uncertain
hard,13,A,10,23,,loss,False,False,6-4-3,2,0,0.0,0.0,0.0,0.0,0.0,0.0,0.0,0.0,0.0,uncertain
hard,13,A,10,23,,loss,False,False,9-3-A,1,0,0.0,0.0,0.0,0.0,0.0,0.0,0.0,0.0,0.0,uncertain
hard,13,A,10,23,,loss,False,False,4-A-A-7,1,0,0.0,0.0,0.0,0.0,0.0,0.0,0.0,0.0,0.0,uncertain
hard,13,A,10,23,,loss,False,False,3-4-6,1,0,0.0,0.0,0.0,0.0,0.0,0.0,0.0,0.0,0.0,uncertain
hard,13,A,10,23,,loss,False,False,4-2-7,2,0,0.0,0.0,0.0,0.0,0.0,0.0,0.0,0.0,0.0,uncertain
hard,13,A,10,23,,loss,False,False,3-5-5,1,0,0.0,0.0,0.0,0.0,0.0,0.0,0.0,0.0,0.0,uncertain
hard,13,A,10,23,,loss,False,False,5-A-7,1,0,0.0,0.0,0.0,0.0,0.0,0.0,0.0,0.0,0.0,uncertain
hard,13,A,10,23,,loss,False,False,7-2-2-2,1,0,0.0,0.0,0.0,0.0,0.0,0.0,0.0,0.0,0.0,uncertain
hard,13,A,10,23,,loss,False,False,3-2-7-A,1,0,0.0,0.0,0.0,0.0,0.0,0.0,0.0,0.0,0.0,uncertain
hard,13,A,10,23,,loss,False,False,5-5-3,1,0,0.0,0.0,0.0,0.0,0.0,0.0,0.0,0.0,0.0,uncertain
hard,13,A,10,23,,loss,False,False,2-2-3-6,1,0,0.0,0.0,0.0,0.0,0.0,0.0,0.0,0.0,0.0,uncertain
hard,13,A,10,23,,loss,False,False,5-2-4-2,1,0,0.0,0.0,0.0,0.0,0.0,0.0,0.0,0.0,0.0,uncertain
hard,13,A,10,23,,loss,False,False,3-7-3,1,0,0.0,0.0,0.0,0.0,0.0,0.0,0.0,0.0,0.0,uncertain
hard,13,A,10,23,,loss,False,False,A-4-2-6,1,0,0.0,0.0,0.0,0.0,0.0,0.0,0.0,0.0,0.0,uncertain
hard,13,A,10,23,,loss,False,False,2-8-3,1,0,0.0,0.0,0.0,0.0,0.0,0.0,0.0,0.0,0.0,uncertain
hard,13,A,10,23,,loss,False,False,A-2-2-8,1,0,0.0,0.0,0.0,0.0,0.0,0.0,0.0,0.0,0.0,uncertain
hard,14,10,8,22,,loss,False,False,10-4,51,0,0.0,0.0,0.0,0.0,0.0,0.0,0.0,0.0,0.0,uncertain
hard,14,10,8,22,,loss,False,False,6-8,8,0,0.0,0.0,0.0,0.0,0.0,0.0,0.0,0.0,0.0,uncertain
hard,14,10,8,22,,loss,False,False,3-10-A,1,0,0.0,0.0,0.0,0.0,0.0,0.0,0.0,0.0,0.0,uncertain
hard,14,10,8,22,,loss,False,False,7-7,13,0,0.0,0.0,0.0,0.0,0.0,0.0,0.0,0.0,0.0,uncertain
hard,14,10,8,22,,loss,False,False,2-6-6,3,0,0.0,0.0,0.0,0.0,0.0,0.0,0.0,0.0,0.0,uncertain
hard,14,10,8,22,,loss,False,False,6-6-2,2,0,0.0,0.0,0.0,0.0,0.0,0.0,0.0,0.0,0.0,uncertain
hard,14,10,8,22,,loss,False,False,10-3-A,3,0,0.0,0.0,0.0,0.0,0.0,0.0,0.0,0.0,0.0,uncertain
hard,14,10,8,22,,loss,False,False,4-10,56,0,0.0,0.0,0.0,0.0,0.0,0.0,0.0,0.0,0.0,uncertain
hard,14,10,8,22,,loss,False,False,3-9-2,2,0,0.0,0.0,0.0,0.0,0.0,0.0,0.0,0.0,0.0,uncertain
hard,14,10,8,22,,loss,False,False,8-6,11,0,0.0,0.0,0.0,0.0,0.0,0.0,0.0,0.0,0.0,uncertain
hard,14,10,8,22,,loss,False,False,7-A-5-A,1,0,0.0,0.0,0.0,0.0,0.0,0.0,0.0,0.0,0.0,uncertain
hard,14,10,8,22,,loss,False,False,A-5-A-A-4-A-A,1,0,0.0,0.0,0.0,0.0,0.0,0.0,0.0,0.0,0.0,uncertain
hard,14,10,8,22,,loss,True,False,8-6,2,0,0.0,0.0,0.0,0.0,0.0,0.0,0.0,0.0,0.0,uncertain
hard,14,10,8,22,,loss,False,False,4-9-A,2,0,0.0,0.0,0.0,0.0,0.0,0.0,0.0,0.0,0.0,uncertain
hard,14,10,8,22,,loss,False,False,4-3-7,1,0,0.0,0.0,0.0,0.0,0.0,0.0,0.0,0.0,0.0,uncertain
hard,14,10,8,22,,loss,False,False,3-4-7,2,0,0.0,0.0,0.0,0.0,0.0,0.0,0.0,0.0,0.0,uncertain
hard,14,10,8,22,,loss,False,False,10-2-2,2,0,0.0,0.0,0.0,0.0,0.0,0.0,0.0,0.0,0.0,uncertain
hard,14,10,8,22,,loss,False,False,A-3-10,5,0,0.0,0.0,0.0,0.0,0.0,0.0,0.0,0.0,0.0,uncertain
hard,14,10,8,22,,loss,False,False,3-A-10,6,0,0.0,0.0,0.0,0.0,0.0,0.0,0.0,0.0,0.0,uncertain
hard,14,10,8,22,,loss,False,False,9-5,12,0,0.0,0.0,0.0,0.0,0.0,0.0,0.0,0.0,0.0,uncertain
hard,14,10,8,22,,loss,False,False,2-3-9,1,0,0.0,0.0,0.0,0.0,0.0,0.0,0.0,0.0,0.0,uncertain
hard,14,10,8,22,,loss,False,False,7-2-5,2,0,0.0,0.0,0.0,0.0,0.0,0.0,0.0,0.0,0.0,uncertain
hard,14,10,8,22,,loss,False,False,4-8-2,2,0,0.0,0.0,0.0,0.0,0.0,0.0,0.0,0.0,0.0,uncertain
hard,14,10,8,22,,loss,False,False,2-10-2,4,0,0.0,0.0,0.0,0.0,0.0,0.0,0.0,0.0,0.0,uncertain
hard,14,10,8,22,,loss,False,False,5-9,7,0,0.0,0.0,0.0,0.0,0.0,0.0,0.0,0.0,0.0,uncertain
hard,14,10,8,22,,loss,False,False,2-10-A-A,1,0,0.0,0.0,0.0,0.0,0.0,0.0,0.0,0.0,0.0,uncertain
hard,14,10,8,22,,loss,False,False,2-2-10,6,0,0.0,0.0,0.0,0.0,0.0,0.0,0.0,0.0,0.0,uncertain
hard,14,10,8,22,,loss,False,False,4-5-2-3,1,0,0.0,0.0,0.0,0.0,0.0,0.0,0.0,0.0,0.0,uncertain
hard,14,10,8,22,,loss,False,False,5-A-8,1,0,0.0,0.0,0.0,0.0,0.0,0.0,0.0,0.0,0.0,uncertain
hard,14,10,8,22,,loss,False,False,2-5-7,3,0,0.0,0.0,0.0,0.0,0.0,0.0,0.0,0.0,0.0,uncertain
hard,14,10,8,22,,loss,False,False,5-8-A,1,0,0.0,0.0,0.0,0.0,0.0,0.0,0.0,0.0,0.0,uncertain
hard,14,10,8,22,,loss,False,False,9-4-A,2,0,0.0,0.0,0.0,0.0,0.0,0.0,0.0,0.0,0.0,uncertain
hard,14,10,8,22,,loss,False,False,5-7-2,2,0,0.0,0.0,0.0,0.0,0.0,0.0,0.0,0.0,0.0,uncertain
hard,14,10,8,22,,loss,False,False,4-6-4,4,0,0.0,0.0,0.0,0.0,0.0,0.0,0.0,0.0,0.0,uncertain
hard,14,10,8,22,,loss,False,False,3-2-9,1,0,0.0,0.0,0.0,0.0,0.0,0.0,0.0,0.0,0.0,uncertain
hard,14,10,8,22,,loss,False,False,3-5-6,1,0,0.0,0.0,0.0,0.0,0.0,0.0,0.0,0.0,0.0,uncertain
hard,14,10,8,22,,loss,False,False,9-3-2,1,0,0.0,0.0,0.0,0.0,0.0,0.0,0.0,0.0,0.0,uncertain
hard,14,10,8,22,,loss,False,False,6-2-2-4,1,0,0.0,0.0,0.0,0.0,0.0,0.0,0.0,0.0,0.0,uncertain
hard,14,10,8,22,,loss,False,False,7-5-A-A,1,0,0.0,0.0,0.0,0.0,0.0,0.0,0.0,0.0,0.0,uncertain
hard,14,10,8,22,,loss,False,False,5-3-4-2,1,0,0.0,0.0,0.0,0.0,0.0,0.0,0.0,0.0,0.0,uncertain
hard,14,10,8,22,,loss,False,False,A-7-6,1,0,0.0,0.0,0.0,0.0,0.0,0.0,0.0,0.0,0.0,uncertain
hard,14,10,8,22,,loss,False,False,4-4-6,2,0,0.0,0.0,0.0,0.0,0.0,0.0,0.0,0.0,0.0,uncertain
hard,14,10,8,22,,loss,False,False,3-3-8,1,0,0.0,0.0,0.0,0.0,0.0,0.0,0.0,0.0,0.0,uncertain
hard,14,10,8,22,,loss,False,False,6-2-6,2,0,0.0,0.0,0.0,0.0,0.0,0.0,0.0,0.0,0.0,uncertain
hard,14,10,8,22,,loss,False,False,4-3-3-4,1,0,0.0,0.0,0.0,0.0,0.0,0.0,0.0,0.0,0.0,uncertain
hard,14,10,8,22,,loss,False,False,5-3-2-4,1,0,0.0,0.0,0.0,0.0,0.0,0.0,0.0,0.0,0.0,uncertain
hard,14,10,8,22,,loss,False,False,5-4-5,1,0,0.0,0.0,0.0,0.0,0.0,0.0,0.0,0.0,0.0,uncertain
hard,14,10,8,22,,loss,False,False,3-9-A-A,1,0,0.0,0.0,0.0,0.0,0.0,0.0,0.0,0.0,0.0,uncertain
hard,14,10,8,22,,loss,False,False,2-7-5,1,0,0.0,0.0,0.0,0.0,0.0,0.0,0.0,0.0,0.0,uncertain
hard,14,10,8,22,,loss,False,False,8-4-2,1,0,0.0,0.0,0.0,0.0,0.0,0.0,0.0,0.0,0.0,uncertain
hard,14,10,8,22,,loss,False,False,7-6-A,1,0,0.0,0.0,0.0,0.0,0.0,0.0,0.0,0.0,0.0,uncertain
hard,14,10,8,22,,loss,False,False,5-3-6,1,0,0.0,0.0,0.0,0.0,0.0,0.0,0.0,0.0,0.0,uncertain
hard,14,10,8,22,,loss,False,False,6-3-5,1,0,0.0,0.0,0.0,0.0,0.0,0.0,0.0,0.0,0.0,uncertain
hard,14,10,8,22,,loss,False,False,A-5-7-A,1,0,0.0,0.0,0.0,0.0,0.0,0.0,0.0,0.0,0.0,uncertain
hard,14,10,8,22,,loss,False,False,8-5-A,2,0,0.0,0.0,0.0,0.0,0.0,0.0,0.0,0.0,0.0,uncertain
hard,14,10,8,22,,loss,False,False,2-4-5-3,1,0,0.0,0.0,0.0,0.0,0.0,0.0,0.0,0.0,0.0,uncertain
hard,14,10,8,22,,loss,False,False,4-3-A-6,1,0,0.0,0.0,0.0,0.0,0.0,0.0,0.0,0.0,0.0,uncertain
hard,14,10,8,22,,loss,False,False,4-5-5,1,0,0.0,0.0,0.0,0.0,0.0,0.0,0.0,0.0,0.0,uncertain
hard,14,10,8,22,,loss,False,False,2-A-10-A,1,0,0.0,0.0,0.0,0.0,0.0,0.0,0.0,0.0,0.0,uncertain
hard,14,10,8,22,,loss,False,False,2-7-4-A,1,0,0.0,0.0,0.0,0.0,0.0,0.0,0.0,0.0,0.0,uncertain
hard,14,10,8,22,,loss,False,False,6-2-3-3,1,0,0.0,0.0,0.0,0.0,0.0,0.0,0.0,0.0,0.0,uncertain
hard,14,10,8,22,,loss,False,False,3-5-5-A,1,0,0.0,0.0,0.0,0.0,0.0,0.0,0.0,0.0,0.0,uncertain
hard,14,10,8,22,,loss,False,False,5-2-A-6,1,0,0.0,0.0,0.0,0.0,0.0,0.0,0.0,0.0,0.0,uncertain
hard,14,10,8,22,,loss,False,False,6-A-7,1,0,0.0,0.0,0.0,0.0,0.0,0.0,0.0,0.0,0.0,uncertain
hard,14,10,8,22,,loss,False,False,2-6-5-A,1,0,0.0,0.0,0.0,0.0,0.0,0.0,0.0,0.0,0.0,uncertain
hard,14,10,8,22,,loss,False,False,2-5-5-A-A,1,0,0.0,0.0,0.0,0.0,0.0,0.0,0.0,0.0,0.0,uncertain
hard,14,10,8,22,,loss,False,False,7-3-4,1,0,0.0,0.0,0.0,0.0,0.0,0.0,0.0,0.0,0.0,uncertain
hard,14,10,8,22,,loss,False,False,7-A-6,1,0,0.0,0.0,0.0,0.0,0.0,0.0,0.0,0.0,0.0,uncertain
hard,14,10,9,23,,loss,False,False,4-10,55,0,0.0,0.0,0.0,0.0,0.0,0.0,0.0,0.0,0.0,uncertain
hard,14,10,9,23,,loss,False,False,10-4,53,0,0.0,0.0,0.0,0.0,0.0,0.0,0.0,0.0,0.0,uncertain
hard,14,10,9,23,,loss,False,False,3-10-A,5,0,0.0,0.0,0.0,0.0,0.0,0.0,0.0,0.0,0.0,uncertain
hard,14,10,9,23,,loss,False,False,2-8-2-2,1,0,0.0,0.0,0.0,0.0,0.0,0.0,0.0,0.0,0.0,uncertain
hard,14,10,9,23,,loss,False,False,8-6,13,0,0.0,0.0,0.0,0.0,0.0,0.0,0.0,0.0,0.0,uncertain
hard,14,10,9,23,,loss,False,False,2-2-10,3,0,0.0,0.0,0.0,0.0,0.0,0.0,0.0,0.0,0.0,uncertain
hard,14,10,9,23,,loss,False,False,9-5,12,0,0.0,0.0,0.0,0.0,0.0,0.0,0.0,0.0,0.0,uncertain
hard,14,10,9,23,,loss,False,False,4-A-9,3,0,0.0,0.0,0.0,0.0,0.0,0.0,0.0,0.0,0.0,uncertain
hard,14,10,9,23,,loss,False,False,7-7,14,0,0.0,0.0,0.0,0.0,0.0,0.0,0.0,0.0,0.0,uncertain
hard,14,10,9,23,,loss,False,False,6-8,13,0,0.0,0.0,0.0,0.0,0.0,0.0,0.0,0.0,0.0,uncertain
hard,14,10,9,23,,loss,False,False,2-4-3-5,1,0,0.0,0.0,0.0,0.0,0.0,0.0,0.0,0.0,0.0,uncertain
hard,14,10,9,23,,loss,False,False,3-6-5,4,0,0.0,0.0,0.0,0.0,0.0,0.0,0.0,0.0,0.0,uncertain
hard,14,10,9,23,,loss,False,False,3-A-10,6,0,0.0,0.0,0.0,0.0,0.0,0.0,0.0,0.0,0.0,uncertain
hard,14,10,9,23,,loss,False,False,4-A-8-A,1,0,0.0,0.0,0.0,0.0,0.0,0.0,0.0,0.0,0.0,uncertain
hard,14,10,9,23,,loss,False,False,A-3-10,7,0,0.0,0.0,0.0,0.0,0.0,0.0,0.0,0.0,0.0,uncertain
hard,14,10,9,23,,loss,False,False,3-4-7,1,0,0.0,0.0,0.0,0.0,0.0,0.0,0.0,0.0,0.0,uncertain
hard,14,10,9,23,,loss,False,False,6-A-7,3,0,0.0,0.0,0.0,0.0,0.0,0.0,0.0,0.0,0.0,uncertain
hard,14,10,9,23,,loss,False,False,3-9-A-A,1,0,0.0,0.0,0.0,0.0,0.0,0.0,0.0,0.0,0.0,uncertain
hard,14,10,9,23,,loss,False,False,5-9,13,0,0.0,0.0,0.0,0.0,0.0,0.0,0.0,0.0,0.0,uncertain
hard,14,10,9,23,,loss,False,False,10-3-A,5,0,0.0,0.0,0.0,0.0,0.0,0.0,0.0,0.0,0.0,uncertain
hard,14,10,9,23,,loss,False,False,3-3-8,1,0,0.0,0.0,0.0,0.0,0.0,0.0,0.0,0.0,0.0,uncertain
hard,14,10,9,23,,loss,False,False,6-6-2,1,0,0.0,0.0,0.0,0.0,0.0,0.0,0.0,0.0,0.0,uncertain
hard,14,10,9,23,,loss,False,False,2-10-2,2,0,0.0,0.0,0.0,0.0,0.0,0.0,0.0,0.0,0.0,uncertain
hard,14,10,9,23,,loss,False,False,4-6-4,4,0,0.0,0.0,0.0,0.0,0.0,0.0,0.0,0.0,0.0,uncertain
hard,14,10,9,23,,loss,False,False,9-4-A,2,0,0.0,0.0,0.0,0.0,0.0,0.0,0.0,0.0,0.0,uncertain
hard,14,10,9,23,,loss,False,False,2-7-5,1,0,0.0,0.0,0.0,0.0,0.0,0.0,0.0,0.0,0.0,uncertain
hard,14,10,9,23,,loss,False,False,2-5-2-3-2,1,0,0.0,0.0,0.0,0.0,0.0,0.0,0.0,0.0,0.0,uncertain
hard,14,10,9,23,,loss,False,False,4-3-7,2,0,0.0,0.0,0.0,0.0,0.0,0.0,0.0,0.0,0.0,uncertain
hard,14,10,9,23,,loss,False,False,4-8-2,2,0,0.0,0.0,0.0,0.0,0.0,0.0,0.0,0.0,0.0,uncertain
hard,14,10,9,23,,loss,False,False,4-3-5-2,1,0,0.0,0.0,0.0,0.0,0.0,0.0,0.0,0.0,0.0,uncertain
hard,14,10,9,23,,loss,False,False,3-2-9,2,0,0.0,0.0,0.0,0.0,0.0,0.0,0.0,0.0,0.0,uncertain
hard,14,10,9,23,,loss,False,False,7-5-2,2,0,0.0,0.0,0.0,0.0,0.0,0.0,0.0,0.0,0.0,uncertain
hard,14,10,9,23,,loss,False,False,2-3-9,1,0,0.0,0.0,0.0,0.0,0.0,0.0,0.0,0.0,0.0,uncertain
hard,14,10,9,23,,loss,False,False,5-5-3-A,1,0,0.0,0.0,0.0,0.0,0.0,0.0,0.0,0.0,0.0,uncertain
hard,14,10,9,23,,loss,False,False,2-6-2-4,1,0,0.0,0.0,0.0,0.0,0.0,0.0,0.0,0.0,0.0,uncertain
hard,14,10,9,23,,loss,False,False,3-2-4-4-A,1,0,0.0,0.0,0.0,0.0,0.0,0.0,0.0,0.0,0.0,uncertain
hard,14,10,9,23,,loss,False,False,A-6-A-6,1,0,0.0,0.0,0.0,0.0,0.0,0.0,0.0,0.0,0.0,uncertain
hard,14,10,9,23,,loss,False,False,10-2-2,2,0,0.0,0.0,0.0,0.0,0.0,0.0,0.0,0.0,0.0,uncertain
hard,14,10,9,23,,loss,False,False,A-2-5-6,1,0,0.0,0.0,0.0,0.0,0.0,0.0,0.0,0.0,0.0,uncertain
hard,14,10,9,23,,loss,False,False,7-A-6,3,0,0.0,0.0,0.0,0.0,0.0,0.0,0.0,0.0,0.0,uncertain
hard,14,10,9,23,,loss,False,False,3-5-6,3,0,0.0,0.0,0.0,0.0,0.0,0.0,0.0,0.0,0.0,uncertain
hard,14,10,9,23,,loss,False,False,6-4-4,1,0,0.0,0.0,0.0,0.0,0.0,0.0,0.0,0.0,0.0,uncertain
hard,14,10,9,23,,loss,False,False,5-A-8,1,0,0.0,0.0,0.0,0.0,0.0,0.0,0.0,0.0,0.0,uncertain
hard,14,10,9,23,,loss,False,False,7-2-5,2,0,0.0,0.0,0.0,0.0,0.0,0.0,0.0,0.0,0.0,uncertain
hard,14,10,9,23,,loss,False,False,6-7-A,1,0,0.0,0.0,0.0,0.0,0.0,0.0,0.0,0.0,0.0,uncertain
hard,14,10,9,23,,loss,False,False,A-6-7,1,0,0.0,0.0,0.0,0.0,0.0,0.0,0.0,0.0,0.0,uncertain
hard,14,10,9,23,,loss,False,False,3-A-2-8,1,0,0.0,0.0,0.0,0.0,0.0,0.0,0.0,0.0,0.0,uncertain
hard,14,10,9,23,,loss,False,False,8-4-A-A,1,0,0.0,0.0,0.0,0.0,0.0,0.0,0.0,0.0,0.0,uncertain
hard,14,10,9,23,,loss,False,False,7-6-A,2,0,0.0,0.0,0.0,0.0,0.0,0.0,0.0,0.0,0.0,uncertain
hard,14,10,9,23,,loss,False,False,7-3-4,2,0,0.0,0.0,0.0,0.0,0.0,0.0,0.0,0.0,0.0,uncertain
hard,14,10,9,23,,loss,False,False,A-2-A-10,1,0,0.0,0.0,0.0,0.0,0.0,0.0,0.0,0.0,0.0,uncertain
hard,14,10,9,23,,loss,False,False,6-3-5,2,0,0.0,0.0,0.0,0.0,0.0,0.0,0.0,0.0,0.0,uncertain
hard,14,10,9,23,,loss,False,False,A-5-8,1,0,0.0,0.0,0.0,0.0,0.0,0.0,0.0,0.0,0.0,uncertain
hard,14,10,9,23,,loss,False,False,5-3-6,1,0,0.0,0.0,0.0,0.0,0.0,0.0,0.0,0.0,0.0,uncertain
hard,14,10,9,23,,loss,False,False,3-4-A-6,1,0,0.0,0.0,0.0,0.0,0.0,0.0,0.0,0.0,0.0,uncertain
hard,14,10,9,23,,loss,False,False,3-4-5-2,1,0,0.0,0.0,0.0,0.0,0.0,0.0,0.0,0.0,0.0,uncertain
hard,14,10,9,23,,loss,False,False,5-2-7,1,0,0.0,0.0,0.0,0.0,0.0,0.0,0.0,0.0,0.0,uncertain
hard,14,10,9,23,,loss,False,False,9-3-2,1,0,0.0,0.0,0.0,0.0,0.0,0.0,0.0,0.0,0.0,uncertain
hard,14,10,9,23,,loss,False,False,3-3-A-7,1,0,0.0,0.0,0.0,0.0,0.0,0.0,0.0,0.0,0.0,uncertain
hard,14,10,9,23,,loss,False,False,5-5-4,1,0,0.0,0.0,0.0,0.0,0.0,0.0,0.0,0.0,0.0,uncertain
hard,14,10,9,23,,loss,False,False,2-2-A-9,1,0,0.0,0.0,0.0,0.0,0.0,0.0,0.0,0.0,0.0,uncertain
hard,14,10,9,23,,loss,False,False,3-7-4,1,0,0.0,0.0,0.0,0.0,0.0,0.0,0.0,0.0,0.0,uncertain
hard,14,10,9,23,,loss,False,False,2-6-6,1,0,0.0,0.0,0.0,0.0,0.0,0.0,0.0,0.0,0.0,uncertain
hard,14,10,10,24,,loss,False,False,4-10,214,0,0.0,0.0,0.0,0.0,0.0,0.0,0.0,0.0,0.0,uncertain
hard,14,10,10,24,,loss,False,False,9-5,58,0,0.0,0.0,0.0,0.0,0.0,0.0,0.0,0.0,0.0,uncertain
hard,14,10,10,24,,loss,False,False,5-9,44,0,0.0,0.0,0.0,0.0,0.0,0.0,0.0,0.0,0.0,uncertain
hard,14,10,10,24,,loss,False,False,10-3-A,14,0,0.0,0.0,0.0,0.0,0.0,0.0,0.0,0.0,0.0,uncertain
hard,14,10,10,24,,loss,False,False,3-A-10,21,0,0.0,0.0,0.0,0.0,0.0,0.0,0.0,0.0,0.0,uncertain
hard,14,10,10,24,,loss,False,False,5-5-4,3,0,0.0,0.0,0.0,0.0,0.0,0.0,0.0,0.0,0.0,uncertain
hard,14,10,10,24,,loss,False,False,7-7,62,0,0.0,0.0,0.0,0.0,0.0,0.0,0.0,0.0,0.0,uncertain
hard,14,10,10,24,,loss,False,False,2-2-10,16,0,0.0,0.0,0.0,0.0,0.0,0.0,0.0,0.0,0.0,uncertain
hard,14,10,10,24,,loss,False,False,6-8,53,0,0.0,0.0,0.0,0.0,0.0,0.0,0.0,0.0,0.0,uncertain
hard,14,10,10,24,,loss,False,False,10-4,206,0,0.0,0.0,0.0,0.0,0.0,0.0,0.0,0.0,0.0,uncertain
hard,14,10,10,24,,loss,False,False,8-6,54,0,0.0,0.0,0.0,0.0,0.0,0.0,0.0,0.0,0.0,uncertain
hard,14,10,10,24,,loss,False,False,A-5-8,4,0,0.0,0.0,0.0,0.0,0.0,0.0,0.0,0.0,0.0,uncertain
hard,14,10,10,24,,loss,False,False,5-7-2,10,0,0.0,0.0,0.0,0.0,0.0,0.0,0.0,0.0,0.0,uncertain
hard,14,10,10,24,,loss,False,False,7-3-4,3,0,0.0,0.0,0.0,0.0,0.0,0.0,0.0,0.0,0.0,uncertain
hard,14,10,10,24,,loss,False,False,A-3-10,19,0,0.0,0.0,0.0,0.0,0.0,0.0,0.0,0.0,0.0,uncertain
hard,14,10,10,24,,loss,False,False,6-2-5-A,1,0,0.0,0.0,0.0,0.0,0.0,0.0,0.0,0.0,0.0,uncertain
hard,14,10,10,24,,loss,False,False,8-5-A,3,0,0.0,0.0,0.0,0.0,0.0,0.0,0.0,0.0,0.0,uncertain
hard,14,10,10,24,,loss,False,False,5-2-7,4,0,0.0,0.0,0.0,0.0,0.0,0.0,0.0,0.0,0.0,uncertain
hard,14,10,10,24,,loss,False,False,2-3-9,5,0,0.0,0.0,0.0,0.0,0.0,0.0,0.0,0.0,0.0,uncertain
hard,14,10,10,24,,loss,False,False,2-10-2,15,0,0.0,0.0,0.0,0.0,0.0,0.0,0.0,0.0,0.0,uncertain
hard,14,10,10,24,,loss,False,False,2-5-7,3,0,0.0,0.0,0.0,0.0,0.0,0.0,0.0,0.0,0.0,uncertain
hard,14,10,10,24,,loss,False,False,10-2-2,18,0,0.0,0.0,0.0,0.0,0.0,0.0,0.0,0.0,0.0,uncertain
hard,14,10,10,24,,loss,False,False,3-7-4,4,0,0.0,0.0,0.0,0.0,0.0,0.0,0.0,0.0,0.0,uncertain
hard,14,10,10,24,,loss,False,False,5-3-6,4,0,0.0,0.0,0.0,0.0,0.0,0.0,0.0,0.0,0.0,uncertain
hard,14,10,10,24,,loss,False,False,3-10-A,16,0,0.0,0.0,0.0,0.0,0.0,0.0,0.0,0.0,0.0,uncertain
hard,14,10,10,24,,loss,False,False,A-2-4-7,1,0,0.0,0.0,0.0,0.0,0.0,0.0,0.0,0.0,0.0,uncertain
hard,14,10,10,24,,loss,False,False,6-3-4-A,1,0,0.0,0.0,0.0,0.0,0.0,0.0,0.0,0.0,0.0,uncertain
hard,14,10,10,24,,loss,False,False,4-4-6,7,0,0.0,0.0,0.0,0.0,0.0,0.0,0.0,0.0,0.0,uncertain
hard,14,10,10,24,,loss,False,False,3-5-6,7,0,0.0,0.0,0.0,0.0,0.0,0.0,0.0,0.0,0.0,uncertain
hard,14,10,10,24,,loss,False,False,3-3-2-6,1,0,0.0,0.0,0.0,0.0,0.0,0.0,0.0,0.0,0.0,uncertain
hard,14,10,10,24,,loss,False,False,3-4-3-4,1,0,0.0,0.0,0.0,0.0,0.0,0.0,0.0,0.0,0.0,uncertain
hard,14,10,10,24,,loss,False,False,2-6-6,4,0,0.0,0.0,0.0,0.0,0.0,0.0,0.0,0.0,0.0,uncertain
hard,14,10,10,24,,loss,False,False,7-2-4-A,1,0,0.0,0.0,0.0,0.0,0.0,0.0,0.0,0.0,0.0,uncertain
hard,14,10,10,24,,loss,False,False,A-5-7-A,1,0,0.0,0.0,0.0,0.0,0.0,0.0,0.0,0.0,0.0,uncertain
hard,14,10,10,24,,loss,False,False,4-6-4,3,0,0.0,0.0,0.0,0.0,0.0,0.0,0.0,0.0,0.0,uncertain
hard,14,10,10,24,,loss,False,False,9-3-2,5,0,0.0,0.0,0.0,0.0,0.0,0.0,0.0,0.0,0.0,uncertain
hard,14,10,10,24,,loss,False,False,5-8-A,5,0,0.0,0.0,0.0,0.0,0.0,0.0,0.0,0.0,0.0,uncertain
hard,14,10,10,24,,loss,False,False,7-2-5,9,0,0.0,0.0,0.0,0.0,0.0,0.0,0.0,0.0,0.0,uncertain
hard,14,10,10,24,,loss,False,False,4-5-5,4,0,0.0,0.0,0.0,0.0,0.0,0.0,0.0,0.0,0.0,uncertain
hard,14,10,10,24,,loss,False,False,2-7-3-2,2,0,0.0,0.0,0.0,0.0,0.0,0.0,0.0,0.0,0.0,uncertain
hard,14,10,10,24,,loss,False,False,A-3-9-A,1,0,0.0,0.0,0.0,0.0,0.0,0.0,0.0,0.0,0.0,uncertain
hard,14,10,10,24,,loss,False,False,2-2-2-8,1,0,0.0,0.0,0.0,0.0,0.0,0.0,0.0,0.0,0.0,uncertain
hard,14,10,10,24,,loss,False,False,7-A-6,2,0,0.0,0.0,0.0,0.0,0.0,0.0,0.0,0.0,0.0,uncertain
hard,14,10,10,24,,loss,False,False,A-7-4-2,1,0,0.0,0.0,0.0,0.0,0.0,0.0,0.0,0.0,0.0,uncertain
hard,14,10,10,24,,loss,False,False,3-3-A-5-2,1,0,0.0,0.0,0.0,0.0,0.0,0.0,0.0,0.0,0.0,uncertain
hard,14,10,10,24,,loss,False,False,4-2-6-2,1,0,0.0,0.0,0.0,0.0,0.0,0.0,0.0,0.0,0.0,uncertain
hard,14,10,10,24,,loss,False,False,7-5-2,3,0,0.0,0.0,0.0,0.0,0.0,0.0,0.0,0.0,0.0,uncertain
hard,14,10,10,24,,loss,False,False,3-3-8,7,0,0.0,0.0,0.0,0.0,0.0,0.0,0.0,0.0,0.0,uncertain
hard,14,10,10,24,,loss,False,False,2-4-2-6,1,0,0.0,0.0,0.0,0.0,0.0,0.0,0.0,0.0,0.0,uncertain
hard,14,10,10,24,,loss,False,False,3-2-9,4,0,0.0,0.0,0.0,0.0,0.0,0.0,0.0,0.0,0.0,uncertain
hard,14,10,10,24,,loss,True,False,8-6,9,0,0.0,0.0,0.0,0.0,0.0,0.0,0.0,0.0,0.0,uncertain
hard,14,10,10,24,,loss,False,False,2-A-2-9,1,0,0.0,0.0,0.0,0.0,0.0,0.0,0.0,0.0,0.0,uncertain
hard,14,10,10,24,,loss,False,False,2-7-5,5,0,0.0,0.0,0.0,0.0,0.0,0.0,0.0,0.0,0.0,uncertain
hard,14,10,10,24,,loss,False,False,6-3-3-2,1,0,0.0,0.0,0.0,0.0,0.0,0.0,0.0,0.0,0.0,uncertain
hard,14,10,10,24,,loss,False,False,4-3-7,1,0,0.0,0.0,0.0,0.0,0.0,0.0,0.0,0.0,0.0,uncertain
hard,14,10,10,24,,loss,False,False,4-5-2-3,1,0,0.0,0.0,0.0,0.0,0.0,0.0,0.0,0.0,0.0,uncertain
hard,14,10,10,24,,loss,False,False,2-A-3-8,1,0,0.0,0.0,0.0,0.0,0.0,0.0,0.0,0.0,0.0,uncertain
hard,14,10,10,24,,loss,False,False,3-4-7,8,0,0.0,0.0,0.0,0.0,0.0,0.0,0.0,0.0,0.0,uncertain
hard,14,10,10,24,,loss,False,False,6-7-A,3,0,0.0,0.0,0.0,0.0,0.0,0.0,0.0,0.0,0.0,uncertain
hard,14,10,10,24,,loss,False,False,A-4-9,4,0,0.0,0.0,0.0,0.0,0.0,0.0,0.0,0.0,0.0,uncertain
hard,14,10,10,24,,loss,False,False,5-4-5,4,0,0.0,0.0,0.0,0.0,0.0,0.0,0.0,0.0,0.0,uncertain
hard,14,10,10,24,,loss,False,False,9-4-A,3,0,0.0,0.0,0.0,0.0,0.0,0.0,0.0,0.0,0.0,uncertain
hard,14,10,10,24,,loss,False,False,6-A-7,1,0,0.0,0.0,0.0,0.0,0.0,0.0,0.0,0.0,0.0,uncertain
hard,14,10,10,24,,loss,False,False,2-3-3-6,1,0,0.0,0.0,0.0,0.0,0.0,0.0,0.0,0.0,0.0,uncertain
hard,14,10,10,24,,loss,False,False,2-3-7-2,1,0,0.0,0.0,0.0,0.0,0.0,0.0,0.0,0.0,0.0,uncertain
hard,14,10,10,24,,loss,False,False,6-6-2,3,0,0.0,0.0,0.0,0.0,0.0,0.0,0.0,0.0,0.0,uncertain
hard,14,10,10,24,,loss,False,False,4-3-4-3,1,0,0.0,0.0,0.0,0.0,0.0,0.0,0.0,0.0,0.0,uncertain
hard,14,10,10,24,,loss,False,False,5-A-7-A,1,0,0.0,0.0,0.0,0.0,0.0,0.0,0.0,0.0,0.0,uncertain
hard,14,10,10,24,,loss,False,False,6-4-4,3,0,0.0,0.0,0.0,0.0,0.0,0.0,0.0,0.0,0.0,uncertain
hard,14,10,10,24,,loss,False,False,4-9-A,2,0,0.0,0.0,0.0,0.0,0.0,0.0,0.0,0.0,0.0,uncertain
hard,14,10,10,24,,loss,False,False,2-2-3-5-2,1,0,0.0,0.0,0.0,0.0,0.0,0.0,0.0,0.0,0.0,uncertain
hard,14,10,10,24,,loss,False,False,A-2-10-A,1,0,0.0,0.0,0.0,0.0,0.0,0.0,0.0,0.0,0.0,uncertain
hard,14,10,10,24,,loss,False,False,5-A-2-6,1,0,0.0,0.0,0.0,0.0,0.0,0.0,0.0,0.0,0.0,uncertain
hard,14,10,10,24,,loss,False,False,A-6-7,2,0,0.0,0.0,0.0,0.0,0.0,0.0,0.0,0.0,0.0,uncertain
hard,14,10,10,24,,loss,False,False,6-2-6,2,0,0.0,0.0,0.0,0.0,0.0,0.0,0.0,0.0,0.0,uncertain
hard,14,10,10,24,,loss,False,False,8-4-2,4,0,0.0,0.0,0.0,0.0,0.0,0.0,0.0,0.0,0.0,uncertain
hard,14,10,10,24,,loss,False,False,2-8-4,7,0,0.0,0.0,0.0,0.0,0.0,0.0,0.0,0.0,0.0,uncertain
hard,14,10,10,24,,loss,False,False,6-2-3-3,1,0,0.0,0.0,0.0,0.0,0.0,0.0,0.0,0.0,0.0,uncertain
hard,14,10,10,24,,loss,False,False,3-2-5-4,1,0,0.0,0.0,0.0,0.0,0.0,0.0,0.0,0.0,0.0,uncertain
hard,14,10,10,24,,loss,False,False,2-4-5-3,1,0,0.0,0.0,0.0,0.0,0.0,0.0,0.0,0.0,0.0,uncertain
hard,14,10,10,24,,loss,False,False,3-A-9-A,1,0,0.0,0.0,0.0,0.0,0.0,0.0,0.0,0.0,0.0,uncertain
hard,14,10,10,24,,loss,False,False,4-2-A-7,1,0,0.0,0.0,0.0,0.0,0.0,0.0,0.0,0.0,0.0,uncertain
hard,14,10,10,24,,loss,False,False,2-10-A-A,2,0,0.0,0.0,0.0,0.0,0.0,0.0,0.0,0.0,0.0,uncertain
hard,14,10,10,24,,loss,False,False,2-4-8,4,0,0.0,0.0,0.0,0.0,0.0,0.0,0.0,0.0,0.0,uncertain
hard,14,10,10,24,,loss,False,False,7-3-3-A,1,0,0.0,0.0,0.0,0.0,0.0,0.0,0.0,0.0,0.0,uncertain
hard,14,10,10,24,,loss,False,False,4-8-2,3,0,0.0,0.0,0.0,0.0,0.0,0.0,0.0,0.0,0.0,uncertain
hard,14,10,10,24,,loss,False,False,7-5-A-A,1,0,0.0,0.0,0.0,0.0,0.0,0.0,0.0,0.0,0.0,uncertain
hard,14,10,10,24,,loss,False,False,3-2-8-A,1,0,0.0,0.0,0.0,0.0,0.0,0.0,0.0,0.0,0.0,uncertain
hard,14,10,10,24,,loss,False,False,4-3-2-2-A-2,1,0,0.0,0.0,0.0,0.0,0.0,0.0,0.0,0.0,0.0,uncertain
hard,14,10,10,24,,loss,False,False,3-2-2-3-4,1,0,0.0,0.0,0.0,0.0,0.0,0.0,0.0,0.0,0.0,uncertain
hard,14,10,10,24,,loss,False,False,4-A-9,1,0,0.0,0.0,0.0,0.0,0.0,0.0,0.0,0.0,0.0,uncertain
hard,14,10,10,24,,loss,False,False,4-2-8,5,0,0.0,0.0,0.0,0.0,0.0,0.0,0.0,0.0,0.0,uncertain
hard,14,10,10,24,,loss,False,False,8-2-4,2,0,0.0,0.0,0.0,0.0,0.0,0.0,0.0,0.0,0.0,uncertain
hard,14,10,10,24,,loss,False,False,8-2-3-A,1,0,0.0,0.0,0.0,0.0,0.0,0.0,0.0,0.0,0.0,uncertain
hard,14,10,10,24,,loss,False,False,10-2-A-A,2,0,0.0,0.0,0.0,0.0,0.0,0.0,0.0,0.0,0.0,uncertain
hard,14,10,10,24,,loss,False,False,A-4-A-8,1,0,0.0,0.0,0.0,0.0,0.0,0.0,0.0,0.0,0.0,uncertain
hard,14,10,10,24,,loss,False,False,2-6-4-2,1,0,0.0,0.0,0.0,0.0,0.0,0.0,0.0,0.0,0.0,uncertain
hard,14,10,10,24,,loss,False,False,5-A-8,3,0,0.0,0.0,0.0,0.0,0.0,0.0,0.0,0.0,0.0,uncertain
hard,14,10,10,24,,loss,False,False,4-5-4-A,1,0,0.0,0.0,0.0,0.0,0.0,0.0,0.0,0.0,0.0,uncertain
hard,14,10,10,24,,loss,False,False,7-6-A,1,0,0.0,0.0,0.0,0.0,0.0,0.0,0.0,0.0,0.0,uncertain
hard,14,10,10,24,,loss,False,False,6-3-5,2,0,0.0,0.0,0.0,0.0,0.0,0.0,0.0,0.0,0.0,uncertain
hard,14,10,10,24,,loss,False,False,4-2-4-3-A,1,0,0.0,0.0,0.0,0.0,0.0,0.0,0.0,0.0,0.0,uncertain
hard,14,10,10,24,,loss,False,False,2-3-5-4,2,0,0.0,0.0,0.0,0.0,0.0,0.0,0.0,0.0,0.0,uncertain
hard,14,10,10,24,,loss,False,False,3-A-3-7,1,0,0.0,0.0,0.0,0.0,0.0,0.0,0.0,0.0,0.0,uncertain
hard,14,10,10,24,,loss,False,False,2-A-10-A,2,0,0.0,0.0,0.0,0.0,0.0,0.0,0.0,0.0,0.0,uncertain
hard,14,10,10,24,,loss,False,False,3-2-2-7,1,0,0.0,0.0,0.0,0.0,0.0,0.0,0.0,0.0,0.0,uncertain
hard,14,10,10,24,,loss,False,False,2-3-8-A,1,0,0.0,0.0,0.0,0.0,0.0,0.0,0.0,0.0,0.0,uncertain
hard,14,10,10,24,,loss,False,False,3-6-5,1,0,0.0,0.0,0.0,0.0,0.0,0.0,0.0,0.0,0.0,uncertain
hard,14,10,10,24,,loss,False,False,A-5-2-4-2,1,0,0.0,0.0,0.0,0.0,0.0,0.0,0.0,0.0,0.0,uncertain
hard,14,10,10,24,,loss,False,False,2-8-3-A,1,0,0.0,0.0,0.0,0.0,0.0,0.0,0.0,0.0,0.0,uncertain
hard,14,10,10,24,,loss,False,False,A-7-6,1,0,0.0,0.0,0.0,0.0,0.0,0.0,0.0,0.0,0.0,uncertain
hard,14,10,10,24,,loss,False,False,A-3-A-9,1,0,0.0,0.0,0.0,0.0,0.0,0.0,0.0,0.0,0.0,uncertain
hard,14,10,10,24,,loss,False,False,A-6-A-6,2,0,0.0,0.0,0.0,0.0,0.0,0.0,0.0,0.0,0.0,uncertain
hard,14,10,10,24,,loss,False,False,3-9-2,1,0,0.0,0.0,0.0,0.0,0.0,0.0,0.0,0.0,0.0,uncertain
hard,14,10,10,24,,loss,False,False,A-5-6-2,1,0,0.0,0.0,0.0,0.0,0.0,0.0,0.0,0.0,0.0,uncertain
hard,14,10,10,24,,loss,False,False,5-4-4-A,1,0,0.0,0.0,0.0,0.0,0.0,0.0,0.0,0.0,0.0,uncertain
hard,14,10,10,24,,loss,False,False,A-6-5-2,1,0,0.0,0.0,0.0,0.0,0.0,0.0,0.0,0.0,0.0,uncertain
hard,14,10,10,24,,loss,False,False,2-A-5-6,1,0,0.0,0.0,0.0,0.0,0.0,0.0,0.0,0.0,0.0,uncertain
hard,14,10,10,24,,loss,False,False,3-7-2-2,1,0,0.0,0.0,0.0,0.0,0.0,0.0,0.0,0.0,0.0,uncertain
hard,14,10,10,24,,loss,False,False,7-2-2-A-2,1,0,0.0,0.0,0.0,0.0,0.0,0.0,0.0,0.0,0.0,uncertain
hard,14,10,10,24,,loss,True,False,8-2-2-2,1,0,0.0,0.0,0.0,0.0,0.0,0.0,0.0,0.0,0.0,uncertain
hard,14,10,10,24,,loss,False,False,4-8-A-A,1,0,0.0,0.0,0.0,0.0,0.0,0.0,0.0,0.0,0.0,uncertain
hard,14,10,10,24,,loss,False,False,3-2-A-8,1,0,0.0,0.0,0.0,0.0,0.0,0.0,0.0,0.0,0.0,uncertain
hard,14,10,10,24,,loss,False,False,2-A-A-10,1,0,0.0,0.0,0.0,0.0,0.0,0.0,0.0,0.0,0.0,uncertain
hard,14,10,10,24,,loss,False,False,A-3-A-2-7,1,0,0.0,0.0,0.0,0.0,0.0,0.0,0.0,0.0,0.0,uncertain
hard,14,10,10,24,,loss,False,False,A-4-8-A,1,0,0.0,0.0,0.0,0.0,0.0,0.0,0.0,0.0,0.0,uncertain
hard,14,10,10,24,,loss,False,False,4-4-3-3,1,0,0.0,0.0,0.0,0.0,0.0,0.0,0.0,0.0,0.0,uncertain
hard,14,10,10,24,,loss,False,False,5-7-A-A,1,0,0.0,0.0,0.0,0.0,0.0,0.0,0.0,0.0,0.0,uncertain
hard,14,10,10,24,,loss,False,False,3-6-3-2,1,0,0.0,0.0,0.0,0.0,0.0,0.0,0.0,0.0,0.0,uncertain
hard,14,10,10,24,,loss,False,False,3-2-4-5,1,0,0.0,0.0,0.0,0.0,0.0,0.0,0.0,0.0,0.0,uncertain
hard,14,10,10,24,,loss,False,False,4-A-2-6-A,1,0,0.0,0.0,0.0,0.0,0.0,0.0,0.0,0.0,0.0,uncertain
hard,14,7,8,22,,loss,False,False,5-9,5,0,0.0,0.0,0.0,0.0,0.0,0.0,0.0,0.0,0.0,uncertain
hard,14,7,8,22,,loss,False,False,4-4-6,1,0,0.0,0.0,0.0,0.0,0.0,0.0,0.0,0.0,0.0,uncertain
hard,14,7,8,22,,loss,False,False,10-4,16,0,0.0,0.0,0.0,0.0,0.0,0.0,0.0,0.0,0.0,uncertain
hard,14,7,8,22,,loss,False,False,6-8,3,0,0.0,0.0,0.0,0.0,0.0,0.0,0.0,0.0,0.0,uncertain
hard,14,7,8,22,,loss,False,False,2-10-2,4,0,0.0,0.0,0.0,0.0,0.0,0.0,0.0,0.0,0.0,uncertain
hard,14,7,8,22,,loss,False,False,4-10,16,0,0.0,0.0,0.0,0.0,0.0,0.0,0.0,0.0,0.0,uncertain
hard,14,7,8,22,,loss,False,False,8-4-2,1,0,0.0,0.0,0.0,0.0,0.0,0.0,0.0,0.0,0.0,uncertain
hard,14,7,8,22,,loss,False,False,8-6,5,0,0.0,0.0,0.0,0.0,0.0,0.0,0.0,0.0,0.0,uncertain
hard,14,7,8,22,,loss,False,False,4-2-8,1,0,0.0,0.0,0.0,0.0,0.0,0.0,0.0,0.0,0.0,uncertain
hard,14,7,8,22,,loss,False,False,2-6-6,1,0,0.0,0.0,0.0,0.0,0.0,0.0,0.0,0.0,0.0,uncertain
hard,14,7,8,22,,loss,False,False,9-4-A,1,0,0.0,0.0,0.0,0.0,0.0,0.0,0.0,0.0,0.0,uncertain
hard,14,7,8,22,,loss,False,False,4-A-9,1,0,0.0,0.0,0.0,0.0,0.0,0.0,0.0,0.0,0.0,uncertain
hard,14,7,8,22,,loss,False,False,10-2-2,1,0,0.0,0.0,0.0,0.0,0.0,0.0,0.0,0.0,0.0,uncertain
hard,14,7,8,22,,loss,False,False,3-9-2,1,0,0.0,0.0,0.0,0.0,0.0,0.0,0.0,0.0,0.0,uncertain
hard,14,7,8,22,,loss,False,False,5-2-4-2-A,1,0,0.0,0.0,0.0,0.0,0.0,0.0,0.0,0.0,0.0,uncertain
hard,14,7,8,22,,loss,False,False,5-7-2,1,0,0.0,0.0,0.0,0.0,0.0,0.0,0.0,0.0,0.0,uncertain
hard,14,7,8,22,,loss,False,False,A-6-7,1,0,0.0,0.0,0.0,0.0,0.0,0.0,0.0,0.0,0.0,uncertain
hard,14,7,8,22,,loss,False,False,9-5,1,0,0.0,0.0,0.0,0.0,0.0,0.0,0.0,0.0,0.0,uncertain
hard,14,7,8,22,,loss,False,False,2-4-A-7,1,0,0.0,0.0,0.0,0.0,0.0,0.0,0.0,0.0,0.0,uncertain
hard,14,7,8,22,,loss,True,False,2-10-2,1,0,0.0,0.0,0.0,0.0,0.0,0.0,0.0,0.0,0.0,uncertain
hard,14,7,8,22,,loss,False,False,5-2-7,1,0,0.0,0.0,0.0,0.0,0.0,0.0,0.0,0.0,0.0,uncertain
hard,14,7,8,22,,loss,False,False,5-8-A,1,0,0.0,0.0,0.0,0.0,0.0,0.0,0.0,0.0,0.0,uncertain
hard,14,7,8,22,,loss,False,False,4-4-5-A,1,0,0.0,0.0,0.0,0.0,0.0,0.0,0.0,0.0,0.0,uncertain
hard,14,7,8,22,,loss,False,False,8-5-A,1,0,0.0,0.0,0.0,0.0,0.0,0.0,0.0,0.0,0.0,uncertain
hard,14,7,8,22,,loss,False,False,7-6-A,1,0,0.0,0.0,0.0,0.0,0.0,0.0,0.0,0.0,0.0,uncertain
hard,14,7,8,22,,loss,False,False,A-3-10,1,0,0.0,0.0,0.0,0.0,0.0,0.0,0.0,0.0,0.0,uncertain
hard,14,7,9,23,,loss,False,False,10-4,23,0,0.0,0.0,0.0,0.0,0.0,0.0,0.0,0.0,0.0,uncertain
hard,14,7,9,23,,loss,False,False,4-10,10,0,0.0,0.0,0.0,0.0,0.0,0.0,0.0,0.0,0.0,uncertain
hard,14,7,9,23,,loss,False,False,7-2-5,2,0,0.0,0.0,0.0,0.0,0.0,0.0,0.0,0.0,0.0,uncertain
hard,14,7,9,23,,loss,False,False,3-A-10,1,0,0.0,0.0,0.0,0.0,0.0,0.0,0.0,0.0,0.0,uncertain
hard,14,7,9,23,,loss,False,False,6-3-5,2,0,0.0,0.0,0.0,0.0,0.0,0.0,0.0,0.0,0.0,uncertain
hard,14,7,9,23,,loss,False,False,3-4-7,1,0,0.0,0.0,0.0,0.0,0.0,0.0,0.0,0.0,0.0,uncertain
hard,14,7,9,23,,loss,False,False,3-2-A-8,1,0,0.0,0.0,0.0,0.0,0.0,0.0,0.0,0.0,0.0,uncertain
hard,14,7,9,23,,loss,False,False,5-9,3,0,0.0,0.0,0.0,0.0,0.0,0.0,0.0,0.0,0.0,uncertain
hard,14,7,9,23,,loss,False,False,6-8,4,0,0.0,0.0,0.0,0.0,0.0,0.0,0.0,0.0,0.0,uncertain
hard,14,7,9,23,,loss,False,False,A-6-7,1,0,0.0,0.0,0.0,0.0,0.0,0.0,0.0,0.0,0.0,uncertain
hard,14,7,9,23,,loss,False,False,10-3-A,1,0,0.0,0.0,0.0,0.0,0.0,0.0,0.0,0.0,0.0,uncertain
hard,14,7,9,23,,loss,False,False,2-10-2,2,0,0.0,0.0,0.0,0.0,0.0,0.0,0.0,0.0,0.0,uncertain
hard,14,7,9,23,,loss,False,False,9-5,4,0,0.0,0.0,0.0,0.0,0.0,0.0,0.0,0.0,0.0,uncertain
hard,14,7,9,23,,loss,False,False,6-2-6,1,0,0.0,0.0,0.0,0.0,0.0,0.0,0.0,0.0,0.0,uncertain
hard,14,7,9,23,,loss,False,False,10-2-2,1,0,0.0,0.0,0.0,0.0,0.0,0.0,0.0,0.0,0.0,uncertain
hard,14,7,9,23,,loss,False,False,8-6,4,0,0.0,0.0,0.0,0.0,0.0,0.0,0.0,0.0,0.0,uncertain
hard,14,7,9,23,,loss,False,False,5-8-A,3,0,0.0,0.0,0.0,0.0,0.0,0.0,0.0,0.0,0.0,uncertain
hard,14,7,9,23,,loss,True,False,2-6-5-A,1,0,0.0,0.0,0.0,0.0,0.0,0.0,0.0,0.0,0.0,uncertain
hard,14,7,9,23,,loss,False,False,3-10-A,2,0,0.0,0.0,0.0,0.0,0.0,0.0,0.0,0.0,0.0,uncertain
hard,14,7,9,23,,loss,True,False,8-6,2,0,0.0,0.0,0.0,0.0,0.0,0.0,0.0,0.0,0.0,uncertain
hard,14,7,9,23,,loss,False,False,5-3-6,1,0,0.0,0.0,0.0,0.0,0.0,0.0,0.0,0.0,0.0,uncertain
hard,14,7,9,23,,loss,False,False,10-2-A-A,1,0,0.0,0.0,0.0,0.0,0.0,0.0,0.0,0.0,0.0,uncertain
hard,14,7,9,23,,loss,False,False,9-3-2,1,0,0.0,0.0,0.0,0.0,0.0,0.0,0.0,0.0,0.0,uncertain
hard,14,7,9,23,,loss,False,False,7-5-A-A,1,0,0.0,0.0,0.0,0.0,0.0,0.0,0.0,0.0,0.0,uncertain
hard,14,7,9,23,,loss,False,False,3-6-5,2,0,0.0,0.0,0.0,0.0,0.0,0.0,0.0,0.0,0.0,uncertain
hard,14,7,9,23,,loss,False,False,3-5-6,1,0,0.0,0.0,0.0,0.0,0.0,0.0,0.0,0.0,0.0,uncertain
hard,14,7,9,23,,loss,False,False,6-A-7,1,0,0.0,0.0,0.0,0.0,0.0,0.0,0.0,0.0,0.0,uncertain
hard,14,7,9,23,,loss,False,False,9-4-A,1,0,0.0,0.0,0.0,0.0,0.0,0.0,0.0,0.0,0.0,uncertain
hard,14,7,10,24,,loss,False,False,10-4,54,0,0.0,0.0,0.0,0.0,0.0,0.0,0.0,0.0,0.0,uncertain
hard,14,7,10,24,,loss,False,False,4-10,50,0,0.0,0.0,0.0,0.0,0.0,0.0,0.0,0.0,0.0,uncertain
hard,14,7,10,24,,loss,True,False,3-A-10,2,0,0.0,0.0,0.0,0.0,0.0,0.0,0.0,0.0,0.0,uncertain
hard,14,7,10,24,,loss,False,False,3-A-10,3,0,0.0,0.0,0.0,0.0,0.0,0.0,0.0,0.0,0.0,uncertain
hard,14,7,10,24,,loss,False,False,5-9,10,0,0.0,0.0,0.0,0.0,0.0,0.0,0.0,0.0,0.0,uncertain
hard,14,7,10,24,,loss,False,False,2-7-5,3,0,0.0,0.0,0.0,0.0,0.0,0.0,0.0,0.0,0.0,uncertain
hard,14,7,10,24,,loss,False,False,6-6-2,3,0,0.0,0.0,0.0,0.0,0.0,0.0,0.0,0.0,0.0,uncertain
hard,14,7,10,24,,loss,False,False,9-3-2,2,0,0.0,0.0,0.0,0.0,0.0,0.0,0.0,0.0,0.0,uncertain
hard,14,7,10,24,,loss,False,False,6-8,18,0,0.0,0.0,0.0,0.0,0.0,0.0,0.0,0.0,0.0,uncertain
hard,14,7,10,24,,loss,False,False,5-A-8,1,0,0.0,0.0,0.0,0.0,0.0,0.0,0.0,0.0,0.0,uncertain
hard,14,7,10,24,,loss,False,False,8-6,15,0,0.0,0.0,0.0,0.0,0.0,0.0,0.0,0.0,0.0,uncertain
hard,14,7,10,24,,loss,False,False,8-4-2,2,0,0.0,0.0,0.0,0.0,0.0,0.0,0.0,0.0,0.0,uncertain
hard,14,7,10,24,,loss,True,False,3-9-2,1,0,0.0,0.0,0.0,0.0,0.0,0.0,0.0,0.0,0.0,uncertain
hard,14,7,10,24,,loss,False,False,9-5,8,0,0.0,0.0,0.0,0.0,0.0,0.0,0.0,0.0,0.0,uncertain
hard,14,7,10,24,,loss,False,False,2-4-3-5,2,0,0.0,0.0,0.0,0.0,0.0,0.0,0.0,0.0,0.0,uncertain
hard,14,7,10,24,,loss,False,False,4-4-6,1,0,0.0,0.0,0.0,0.0,0.0,0.0,0.0,0.0,0.0,uncertain
hard,14,7,10,24,,loss,False,False,4-8-2,4,0,0.0,0.0,0.0,0.0,0.0,0.0,0.0,0.0,0.0,uncertain
hard,14,7,10,24,,loss,False,False,5-8-A,1,0,0.0,0.0,0.0,0.0,0.0,0.0,0.0,0.0,0.0,uncertain
hard,14,7,10,24,,loss,False,False,2-10-A-A,1,0,0.0,0.0,0.0,0.0,0.0,0.0,0.0,0.0,0.0,uncertain
hard,14,7,10,24,,loss,False,False,2-10-2,2,0,0.0,0.0,0.0,0.0,0.0,0.0,0.0,0.0,0.0,uncertain
hard,14,7,10,24,,loss,False,False,A-5-8,3,0,0.0,0.0,0.0,0.0,0.0,0.0,0.0,0.0,0.0,uncertain
hard,14,7,10,24,,loss,False,False,A-2-10-A,2,0,0.0,0.0,0.0,0.0,0.0,0.0,0.0,0.0,0.0,uncertain
hard,14,7,10,24,,loss,False,False,2-6-6,1,0,0.0,0.0,0.0,0.0,0.0,0.0,0.0,0.0,0.0,uncertain
hard,14,7,10,24,,loss,False,False,4-4-2-4,1,0,0.0,0.0,0.0,0.0,0.0,0.0,0.0,0.0,0.0,uncertain
hard,14,7,10,24,,loss,False,False,3-A-9-A,1,0,0.0,0.0,0.0,0.0,0.0,0.0,0.0,0.0,0.0,uncertain
hard,14,7,10,24,,loss,False,False,3-9-2,2,0,0.0,0.0,0.0,0.0,0.0,0.0,0.0,0.0,0.0,uncertain
hard,14,7,10,24,,loss,True,False,3-2-9,1,0,0.0,0.0,0.0,0.0,0.0,0.0,0.0,0.0,0.0,uncertain
hard,14,7,10,24,,loss,False,False,10-2-2,4,0,0.0,0.0,0.0,0.0,0.0,0.0,0.0,0.0,0.0,uncertain
hard,14,7,10,24,,loss,False,False,3-2-9,3,0,0.0,0.0,0.0,0.0,0.0,0.0,0.0,0.0,0.0,uncertain
hard,14,7,10,24,,loss,False,False,3-4-7,1,0,0.0,0.0,0.0,0.0,0.0,0.0,0.0,0.0,0.0,uncertain
hard,14,7,10,24,,loss,False,False,2-5-7,1,0,0.0,0.0,0.0,0.0,0.0,0.0,0.0,0.0,0.0,uncertain
hard,14,7,10,24,,loss,False,False,6-3-5,3,0,0.0,0.0,0.0,0.0,0.0,0.0,0.0,0.0,0.0,uncertain
hard,14,7,10,24,,loss,False,False,5-2-7,2,0,0.0,0.0,0.0,0.0,0.0,0.0,0.0,0.0,0.0,uncertain
hard,14,7,10,24,,loss,False,False,6-7-A,1,0,0.0,0.0,0.0,0.0,0.0,0.0,0.0,0.0,0.0,uncertain
hard,14,7,10,24,,loss,False,False,5-2-6-A,1,0,0.0,0.0,0.0,0.0,0.0,0.0,0.0,0.0,0.0,uncertain
hard,14,7,10,24,,loss,False,False,4-5-5,2,0,0.0,0.0,0.0,0.0,0.0,0.0,0.0,0.0,0.0,uncertain
hard,14,7,10,24,,loss,False,False,6-A-7,1,0,0.0,0.0,0.0,0.0,0.0,0.0,0.0,0.0,0.0,uncertain
hard,14,7,10,24,,loss,False,False,4-2-8,2,0,0.0,0.0,0.0,0.0,0.0,0.0,0.0,0.0,0.0,uncertain
hard,14,7,10,24,,loss,False,False,2-3-8-A,1,0,0.0,0.0,0.0,0.0,0.0,0.0,0.0,0.0,0.0,uncertain
hard,14,7,10,24,,loss,False,False,7-5-2,4,0,0.0,0.0,0.0,0.0,0.0,0.0,0.0,0.0,0.0,uncertain
hard,14,7,10,24,,loss,False,False,A-6-7,1,0,0.0,0.0,0.0,0.0,0.0,0.0,0.0,0.0,0.0,uncertain
hard,14,7,10,24,,loss,False,False,2-A-4-7,1,0,0.0,0.0,0.0,0.0,0.0,0.0,0.0,0.0,0.0,uncertain
hard,14,7,10,24,,loss,True,False,2-7-3-2,1,0,0.0,0.0,0.0,0.0,0.0,0.0,0.0,0.0,0.0,uncertain
hard,14,7,10,24,,loss,False,False,2-7-3-2,1,0,0.0,0.0,0.0,0.0,0.0,0.0,0.0,0.0,0.0,uncertain
hard,14,7,10,24,,loss,False,False,5-2-3-4,1,0,0.0,0.0,0.0,0.0,0.0,0.0,0.0,0.0,0.0,uncertain
hard,14,7,10,24,,loss,False,False,A-3-10,3,0,0.0,0.0,0.0,0.0,0.0,0.0,0.0,0.0,0.0,uncertain
hard,14,7,10,24,,loss,False,False,6-2-6,1,0,0.0,0.0,0.0,0.0,0.0,0.0,0.0,0.0,0.0,uncertain
hard,14,7,10,24,,loss,False,False,2-5-6-A,1,0,0.0,0.0,0.0,0.0,0.0,0.0,0.0,0.0,0.0,uncertain
hard,14,7,10,24,,loss,False,False,A-6-5-2,1,0,0.0,0.0,0.0,0.0,0.0,0.0,0.0,0.0,0.0,uncertain
hard,14,7,10,24,,loss,False,False,5-A-6-2,1,0,0.0,0.0,0.0,0.0,0.0,0.0,0.0,0.0,0.0,uncertain
hard,14,7,10,24,,loss,False,False,9-4-A,1,0,0.0,0.0,0.0,0.0,0.0,0.0,0.0,0.0,0.0,uncertain
hard,14,7,10,24,,loss,False,False,7-2-5,1,0,0.0,0.0,0.0,0.0,0.0,0.0,0.0,0.0,0.0,uncertain
hard,14,7,10,24,,loss,True,False,2-4-8,1,0,0.0,0.0,0.0,0.0,0.0,0.0,0.0,0.0,0.0,uncertain
hard,14,7,10,24,,loss,False,False,3-10-A,2,0,0.0,0.0,0.0,0.0,0.0,0.0,0.0,0.0,0.0,uncertain
hard,14,7,10,24,,loss,False,False,7-6-A,1,0,0.0,0.0,0.0,0.0,0.0,0.0,0.0,0.0,0.0,uncertain
hard,14,7,10,24,,loss,False,False,4-2-3-2-3,1,0,0.0,0.0,0.0,0.0,0.0,0.0,0.0,0.0,0.0,uncertain
hard,14,7,10,24,,loss,True,False,8-6,1,0,0.0,0.0,0.0,0.0,0.0,0.0,0.0,0.0,0.0,uncertain
hard,14,7,10,24,,loss,False,False,A-2-A-10,1,0,0.0,0.0,0.0,0.0,0.0,0.0,0.0,0.0,0.0,uncertain
hard,14,7,10,24,,loss,False,False,10-3-A,1,0,0.0,0.0,0.0,0.0,0.0,0.0,0.0,0.0,0.0,uncertain
hard,14,7,10,24,,loss,False,False,2-A-A-10,1,0,0.0,0.0,0.0,0.0,0.0,0.0,0.0,0.0,0.0,uncertain
hard,14,8,8,22,,loss,False,False,2-2-10,3,0,0.0,0.0,0.0,0.0,0.0,0.0,0.0,0.0,0.0,uncertain
hard,14,8,8,22,,loss,False,False,10-4,11,0,0.0,0.0,0.0,0.0,0.0,0.0,0.0,0.0,0.0,uncertain
hard,14,8,8,22,,loss,False,False,4-10,10,0,0.0,0.0,0.0,0.0,0.0,0.0,0.0,0.0,0.0,uncertain
hard,14,8,8,22,,loss,False,False,5-A-8,2,0,0.0,0.0,0.0,0.0,0.0,0.0,0.0,0.0,0.0,uncertain
hard,14,8,8,22,,loss,False,False,7-7,4,0,0.0,0.0,0.0,0.0,0.0,0.0,0.0,0.0,0.0,uncertain
hard,14,8,8,22,,loss,False,False,A-3-10,3,0,0.0,0.0,0.0,0.0,0.0,0.0,0.0,0.0,0.0,uncertain
hard,14,8,8,22,,loss,False,False,4-A-9,2,0,0.0,0.0,0.0,0.0,0.0,0.0,0.0,0.0,0.0,uncertain
hard,14,8,8,22,,loss,False,False,8-6,2,0,0.0,0.0,0.0,0.0,0.0,0.0,0.0,0.0,0.0,uncertain
hard,14,8,8,22,,loss,False,False,2-6-6,1,0,0.0,0.0,0.0,0.0,0.0,0.0,0.0,0.0,0.0,uncertain
hard,14,8,8,22,,loss,False,False,9-5,6,0,0.0,0.0,0.0,0.0,0.0,0.0,0.0,0.0,0.0,uncertain
hard,14,8,8,22,,loss,False,False,6-7-A,1,0,0.0,0.0,0.0,0.0,0.0,0.0,0.0,0.0,0.0,uncertain
hard,14,8,8,22,,loss,False,False,6-8,1,0,0.0,0.0,0.0,0.0,0.0,0.0,0.0,0.0,0.0,uncertain
hard,14,8,8,22,,loss,False,False,5-2-7,2,0,0.0,0.0,0.0,0.0,0.0,0.0,0.0,0.0,0.0,uncertain
hard,14,8,8,22,,loss,False,False,5-9,2,0,0.0,0.0,0.0,0.0,0.0,0.0,0.0,0.0,0.0,uncertain
hard,14,8,8,22,,loss,False,False,7-6-A,2,0,0.0,0.0,0.0,0.0,0.0,0.0,0.0,0.0,0.0,uncertain
hard,14,8,8,22,,loss,False,False,6-6-2,1,0,0.0,0.0,0.0,0.0,0.0,0.0,0.0,0.0,0.0,uncertain
hard,14,8,8,22,,loss,False,False,8-4-2,2,0,0.0,0.0,0.0,0.0,0.0,0.0,0.0,0.0,0.0,uncertain
hard,14,8,8,22,,loss,False,False,3-A-10,1,0,0.0,0.0,0.0,0.0,0.0,0.0,0.0,0.0,0.0,uncertain
hard,14,8,8,22,,loss,False,False,6-A-7,1,0,0.0,0.0,0.0,0.0,0.0,0.0,0.0,0.0,0.0,uncertain
hard,14,8,8,22,,loss,False,False,3-2-2-3-4,1,0,0.0,0.0,0.0,0.0,0.0,0.0,0.0,0.0,0.0,uncertain
hard,14,8,8,22,,loss,False,False,6-2-3-2-A,1,0,0.0,0.0,0.0,0.0,0.0,0.0,0.0,0.0,0.0,uncertain
hard,14,8,8,22,,loss,False,False,4-2-8,1,0,0.0,0.0,0.0,0.0,0.0,0.0,0.0,0.0,0.0,uncertain
hard,14,8,8,22,,loss,False,False,4-2-7-A,1,0,0.0,0.0,0.0,0.0,0.0,0.0,0.0,0.0,0.0,uncertain
hard,14,8,8,22,,loss,False,False,9-4-A,1,0,0.0,0.0,0.0,0.0,0.0,0.0,0.0,0.0,0.0,uncertain
hard,14,8,8,22,,loss,False,False,3-4-7,1,0,0.0,0.0,0.0,0.0,0.0,0.0,0.0,0.0,0.0,uncertain
hard,14,8,8,22,,loss,False,False,2-2-5-5,1,0,0.0,0.0,0.0,0.0,0.0,0.0,0.0,0.0,0.0,uncertain
hard,14,8,8,22,,loss,False,False,2-10-2,1,0,0.0,0.0,0.0,0.0,0.0,0.0,0.0,0.0,0.0,uncertain
hard,14,8,9,23,,loss,False,False,10-4,16,0,0.0,0.0,0.0,0.0,0.0,0.0,0.0,0.0,0.0,uncertain
hard,14,8,9,23,,loss,False,False,5-4-5,1,0,0.0,0.0,0.0,0.0,0.0,0.0,0.0,0.0,0.0,uncertain
hard,14,8,9,23,,loss,False,False,4-10,13,0,0.0,0.0,0.0,0.0,0.0,0.0,0.0,0.0,0.0,uncertain
hard,14,8,9,23,,loss,False,False,8-6,4,0,0.0,0.0,0.0,0.0,0.0,0.0,0.0,0.0,0.0,uncertain
hard,14,8,9,23,,loss,False,False,7-7,9,0,0.0,0.0,0.0,0.0,0.0,0.0,0.0,0.0,0.0,uncertain
hard,14,8,9,23,,loss,False,False,3-3-8,3,0,0.0,0.0,0.0,0.0,0.0,0.0,0.0,0.0,0.0,uncertain
hard,14,8,9,23,,loss,False,False,4-5-4-A,1,0,0.0,0.0,0.0,0.0,0.0,0.0,0.0,0.0,0.0,uncertain
hard,14,8,9,23,,loss,False,False,6-7-A,1,0,0.0,0.0,0.0,0.0,0.0,0.0,0.0,0.0,0.0,uncertain
hard,14,8,9,23,,loss,False,False,6-8,4,0,0.0,0.0,0.0,0.0,0.0,0.0,0.0,0.0,0.0,uncertain
hard,14,8,9,23,,loss,False,False,5-9,6,0,0.0,0.0,0.0,0.0,0.0,0.0,0.0,0.0,0.0,uncertain
hard,14,8,9,23,,loss,False,False,9-5,2,0,0.0,0.0,0.0,0.0,0.0,0.0,0.0,0.0,0.0,uncertain
hard,14,8,9,23,,loss,False,False,5-2-7,1,0,0.0,0.0,0.0,0.0,0.0,0.0,0.0,0.0,0.0,uncertain
hard,14,8,9,23,,loss,False,False,10-3-A,2,0,0.0,0.0,0.0,0.0,0.0,0.0,0.0,0.0,0.0,uncertain
hard,14,8,9,23,,loss,False,False,2-2-10,2,0,0.0,0.0,0.0,0.0,0.0,0.0,0.0,0.0,0.0,uncertain
hard,14,8,9,23,,loss,False,False,4-3-7,1,0,0.0,0.0,0.0,0.0,0.0,0.0,0.0,0.0,0.0,uncertain
hard,14,8,9,23,,loss,False,False,4-A-9,1,0,0.0,0.0,0.0,0.0,0.0,0.0,0.0,0.0,0.0,uncertain
hard,14,8,9,23,,loss,False,False,4-5-5,2,0,0.0,0.0,0.0,0.0,0.0,0.0,0.0,0.0,0.0,uncertain
hard,14,8,9,23,,loss,False,False,3-4-7,1,0,0.0,0.0,0.0,0.0,0.0,0.0,0.0,0.0,0.0,uncertain
hard,14,8,9,23,,loss,False,False,3-4-6-A,1,0,0.0,0.0,0.0,0.0,0.0,0.0,0.0,0.0,0.0,uncertain
hard,14,8,9,23,,loss,False,False,2-6-4-2,1,0,0.0,0.0,0.0,0.0,0.0,0.0,0.0,0.0,0.0,uncertain
hard,14,8,9,23,,loss,False,False,3-A-10,1,0,0.0,0.0,0.0,0.0,0.0,0.0,0.0,0.0,0.0,uncertain
hard,14,8,9,23,,loss,False,False,A-6-7,1,0,0.0,0.0,0.0,0.0,0.0,0.0,0.0,0.0,0.0,uncertain
hard,14,8,9,23,,loss,True,False,9-5,2,0,0.0,0.0,0.0,0.0,0.0,0.0,0.0,0.0,0.0,uncertain
hard,14,8,9,23,,loss,False,False,2-3-7-2,1,0,0.0,0.0,0.0,0.0,0.0,0.0,0.0,0.0,0.0,uncertain
hard,14,8,9,23,,loss,False,False,4-2-3-5,1,0,0.0,0.0,0.0,0.0,0.0,0.0,0.0,0.0,0.0,uncertain
hard,14,8,9,23,,loss,False,False,6-A-7,1,0,0.0,0.0,0.0,0.0,0.0,0.0,0.0,0.0,0.0,uncertain
hard,14,8,9,23,,loss,False,False,9-3-2,1,0,0.0,0.0,0.0,0.0,0.0,0.0,0.0,0.0,0.0,uncertain
hard,14,8,10,24,,loss,False,False,3-10-A,8,0,0.0,0.0,0.0,0.0,0.0,0.0,0.0,0.0,0.0,uncertain
hard,14,8,10,24,,loss,False,False,10-4,68,0,0.0,0.0,0.0,0.0,0.0,0.0,0.0,0.0,0.0,uncertain
hard,14,8,10,24,,loss,False,False,2-2-10,5,0,0.0,0.0,0.0,0.0,0.0,0.0,0.0,0.0,0.0,uncertain
hard,14,8,10,24,,loss,False,False,10-2-2,6,0,0.0,0.0,0.0,0.0,0.0,0.0,0.0,0.0,0.0,uncertain
hard,14,8,10,24,,loss,False,False,10-3-A,7,0,0.0,0.0,0.0,0.0,0.0,0.0,0.0,0.0,0.0,uncertain
hard,14,8,10,24,,loss,False,False,2-10-2,3,0,0.0,0.0,0.0,0.0,0.0,0.0,0.0,0.0,0.0,uncertain
hard,14,8,10,24,,loss,False,False,9-5,14,0,0.0,0.0,0.0,0.0,0.0,0.0,0.0,0.0,0.0,uncertain
hard,14,8,10,24,,loss,False,False,4-A-A-8,1,0,0.0,0.0,0.0,0.0,0.0,0.0,0.0,0.0,0.0,uncertain
hard,14,8,10,24,,loss,False,False,5-9,12,0,0.0,0.0,0.0,0.0,0.0,0.0,0.0,0.0,0.0,uncertain
hard,14,8,10,24,,loss,False,False,6-8,16,0,0.0,0.0,0.0,0.0,0.0,0.0,0.0,0.0,0.0,uncertain
hard,14,8,10,24,,loss,False,False,4-10,55,0,0.0,0.0,0.0,0.0,0.0,0.0,0.0,0.0,0.0,uncertain
hard,14,8,10,24,,loss,False,False,3-A-10,4,0,0.0,0.0,0.0,0.0,0.0,0.0,0.0,0.0,0.0,uncertain
hard,14,8,10,24,,loss,False,False,7-6-A,2,0,0.0,0.0,0.0,0.0,0.0,0.0,0.0,0.0,0.0,uncertain
hard,14,8,10,24,,loss,False,False,7-2-5,5,0,0.0,0.0,0.0,0.0,0.0,0.0,0.0,0.0,0.0,uncertain
hard,14,8,10,24,,loss,False,False,10-2-A-A,1,0,0.0,0.0,0.0,0.0,0.0,0.0,0.0,0.0,0.0,uncertain
hard,14,8,10,24,,loss,False,False,4-A-9,1,0,0.0,0.0,0.0,0.0,0.0,0.0,0.0,0.0,0.0,uncertain
hard,14,8,10,24,,loss,False,False,7-7,17,0,0.0,0.0,0.0,0.0,0.0,0.0,0.0,0.0,0.0,uncertain
hard,14,8,10,24,,loss,False,False,3-9-2,3,0,0.0,0.0,0.0,0.0,0.0,0.0,0.0,0.0,0.0,uncertain
hard,14,8,10,24,,loss,True,False,9-5,3,0,0.0,0.0,0.0,0.0,0.0,0.0,0.0,0.0,0.0,uncertain
hard,14,8,10,24,,loss,False,False,8-6,10,0,0.0,0.0,0.0,0.0,0.0,0.0,0.0,0.0,0.0,uncertain
hard,14,8,10,24,,loss,False,False,2-3-4-5,1,0,0.0,0.0,0.0,0.0,0.0,0.0,0.0,0.0,0.0,uncertain
hard,14,8,10,24,,loss,False,False,8-4-2,2,0,0.0,0.0,0.0,0.0,0.0,0.0,0.0,0.0,0.0,uncertain
hard,14,8,10,24,,loss,False,False,3-5-6,1,0,0.0,0.0,0.0,0.0,0.0,0.0,0.0,0.0,0.0,uncertain
hard,14,8,10,24,,loss,False,False,2-7-5,5,0,0.0,0.0,0.0,0.0,0.0,0.0,0.0,0.0,0.0,uncertain
hard,14,8,10,24,,loss,False,False,A-4-2-7,1,0,0.0,0.0,0.0,0.0,0.0,0.0,0.0,0.0,0.0,uncertain
hard,14,8,10,24,,loss,False,False,5-2-7,2,0,0.0,0.0,0.0,0.0,0.0,0.0,0.0,0.0,0.0,uncertain
hard,14,8,10,24,,loss,False,False,4-5-5,2,0,0.0,0.0,0.0,0.0,0.0,0.0,0.0,0.0,0.0,uncertain
hard,14,8,10,24,,loss,False,False,3-A-9-A,1,0,0.0,0.0,0.0,0.0,0.0,0.0,0.0,0.0,0.0,uncertain
hard,14,8,10,24,,loss,False,False,A-3-10,3,0,0.0,0.0,0.0,0.0,0.0,0.0,0.0,0.0,0.0,uncertain
hard,14,8,10,24,,loss,False,False,5-A-8,1,0,0.0,0.0,0.0,0.0,0.0,0.0,0.0,0.0,0.0,uncertain
hard,14,8,10,24,,loss,False,False,A-2-10-A,2,0,0.0,0.0,0.0,0.0,0.0,0.0,0.0,0.0,0.0,uncertain
hard,14,8,10,24,,loss,False,False,6-7-A,1,0,0.0,0.0,0.0,0.0,0.0,0.0,0.0,0.0,0.0,uncertain
hard,14,8,10,24,,loss,False,False,7-2-2-3,1,0,0.0,0.0,0.0,0.0,0.0,0.0,0.0,0.0,0.0,uncertain
hard,14,8,10,24,,loss,False,False,4-8-2,2,0,0.0,0.0,0.0,0.0,0.0,0.0,0.0,0.0,0.0,uncertain
hard,14,8,10,24,,loss,False,False,2-3-A-A-7,1,0,0.0,0.0,0.0,0.0,0.0,0.0,0.0,0.0,0.0,uncertain
hard,14,8,10,24,,loss,False,False,4-2-7-A,1,0,0.0,0.0,0.0,0.0,0.0,0.0,0.0,0.0,0.0,uncertain
hard,14,8,10,24,,loss,False,False,A-6-7,2,0,0.0,0.0,0.0,0.0,0.0,0.0,0.0,0.0,0.0,uncertain
hard,14,8,10,24,,loss,False,False,2-3-9,1,0,0.0,0.0,0.0,0.0,0.0,0.0,0.0,0.0,0.0,uncertain
hard,14,8,10,24,,loss,False,False,6-A-5-2,1,0,0.0,0.0,0.0,0.0,0.0,0.0,0.0,0.0,0.0,uncertain
hard,14,8,10,24,,loss,False,False,6-3-5,2,0,0.0,0.0,0.0,0.0,0.0,0.0,0.0,0.0,0.0,uncertain
hard,14,8,10,24,,loss,False,False,6-6-2,1,0,0.0,0.0,0.0,0.0,0.0,0.0,0.0,0.0,0.0,uncertain
hard,14,8,10,24,,loss,False,False,3-2-5-4,1,0,0.0,0.0,0.0,0.0,0.0,0.0,0.0,0.0,0.0,uncertain
hard,14,8,10,24,,loss,False,False,4-3-7,3,0,0.0,0.0,0.0,0.0,0.0,0.0,0.0,0.0,0.0,uncertain
hard,14,8,10,24,,loss,False,False,9-4-A,1,0,0.0,0.0,0.0,0.0,0.0,0.0,0.0,0.0,0.0,uncertain
hard,14,8,10,24,,loss,False,False,A-5-8,1,0,0.0,0.0,0.0,0.0,0.0,0.0,0.0,0.0,0.0,uncertain
hard,14,8,10,24,,loss,False,False,5-7-2,1,0,0.0,0.0,0.0,0.0,0.0,0.0,0.0,0.0,0.0,uncertain
hard,14,8,10,24,,loss,False,False,7-5-2,3,0,0.0,0.0,0.0,0.0,0.0,0.0,0.0,0.0,0.0,uncertain
hard,14,8,10,24,,loss,False,False,2-3-8-A,1,0,0.0,0.0,0.0,0.0,0.0,0.0,0.0,0.0,0.0,uncertain
hard,14,8,10,24,,loss,False,False,4-A-2-7,1,0,0.0,0.0,0.0,0.0,0.0,0.0,0.0,0.0,0.0,uncertain
hard,14,8,10,24,,loss,False,False,6-A-6-A,1,0,0.0,0.0,0.0,0.0,0.0,0.0,0.0,0.0,0.0,uncertain
hard,14,8,10,24,,loss,False,False,2-A-10-A,1,0,0.0,0.0,0.0,0.0,0.0,0.0,0.0,0.0,0.0,uncertain
hard,14,8,10,24,,loss,False,False,6-2-6,1,0,0.0,0.0,0.0,0.0,0.0,0.0,0.0,0.0,0.0,uncertain
hard,14,8,10,24,,loss,False,False,5-8-A,1,0,0.0,0.0,0.0,0.0,0.0,0.0,0.0,0.0,0.0,uncertain
hard,14,8,10,24,,loss,False,False,5-3-6,1,0,0.0,0.0,0.0,0.0,0.0,0.0,0.0,0.0,0.0,uncertain
hard,14,8,10,24,,loss,False,False,5-7-A-A,1,0,0.0,0.0,0.0,0.0,0.0,0.0,0.0,0.0,0.0,uncertain
hard,14,8,10,24,,loss,True,False,8-6,1,0,0.0,0.0,0.0,0.0,0.0,0.0,0.0,0.0,0.0,uncertain
hard,14,8,10,24,,loss,False,False,3-2-9,1,0,0.0,0.0,0.0,0.0,0.0,0.0,0.0,0.0,0.0,uncertain
hard,14,8,10,24,,loss,False,False,3-4-7,1,0,0.0,0.0,0.0,0.0,0.0,0.0,0.0,0.0,0.0,uncertain
hard,14,8,10,24,,loss,False,False,8-5-A,1,0,0.0,0.0,0.0,0.0,0.0,0.0,0.0,0.0,0.0,uncertain
hard,14,8,10,24,,loss,False,False,4-4-3-3,1,0,0.0,0.0,0.0,0.0,0.0,0.0,0.0,0.0,0.0,uncertain
hard,14,8,10,24,,loss,False,False,6-3-4-A,1,0,0.0,0.0,0.0,0.0,0.0,0.0,0.0,0.0,0.0,uncertain
hard,14,8,10,24,,loss,False,False,3-4-5-A-A,1,0,0.0,0.0,0.0,0.0,0.0,0.0,0.0,0.0,0.0,uncertain
hard,14,8,10,24,,loss,False,False,2-4-3-5,1,0,0.0,0.0,0.0,0.0,0.0,0.0,0.0,0.0,0.0,uncertain
hard,14,9,8,22,,loss,False,False,6-8,7,0,0.0,0.0,0.0,0.0,0.0,0.0,0.0,0.0,0.0,uncertain
hard,14,9,8,22,,loss,False,False,7-A-6,2,0,0.0,0.0,0.0,0.0,0.0,0.0,0.0,0.0,0.0,uncertain
hard,14,9,8,22,,loss,False,False,10-4,17,0,0.0,0.0,0.0,0.0,0.0,0.0,0.0,0.0,0.0,uncertain
hard,14,9,8,22,,loss,False,False,4-5-5,2,0,0.0,0.0,0.0,0.0,0.0,0.0,0.0,0.0,0.0,uncertain
hard,14,9,8,22,,loss,True,False,9-5,2,0,0.0,0.0,0.0,0.0,0.0,0.0,0.0,0.0,0.0,uncertain
hard,14,9,8,22,,loss,False,False,3-10-A,3,0,0.0,0.0,0.0,0.0,0.0,0.0,0.0,0.0,0.0,uncertain
hard,14,9,8,22,,loss,False,False,5-9,9,0,0.0,0.0,0.0,0.0,0.0,0.0,0.0,0.0,0.0,uncertain
hard,14,9,8,22,,loss,False,False,2-4-8,2,0,0.0,0.0,0.0,0.0,0.0,0.0,0.0,0.0,0.0,uncertain
hard,14,9,8,22,,loss,False,False,8-6,4,0,0.0,0.0,0.0,0.0,0.0,0.0,0.0,0.0,0.0,uncertain
hard,14,9,8,22,,loss,False,False,9-5,2,0,0.0,0.0,0.0,0.0,0.0,0.0,0.0,0.0,0.0,uncertain
hard,14,9,8,22,,loss,False,False,2-2-10,1,0,0.0,0.0,0.0,0.0,0.0,0.0,0.0,0.0,0.0,uncertain
hard,14,9,8,22,,loss,False,False,5-4-5,1,0,0.0,0.0,0.0,0.0,0.0,0.0,0.0,0.0,0.0,uncertain
hard,14,9,8,22,,loss,False,False,4-A-2-A-6,1,0,0.0,0.0,0.0,0.0,0.0,0.0,0.0,0.0,0.0,uncertain
hard,14,9,8,22,,loss,False,False,6-7-A,1,0,0.0,0.0,0.0,0.0,0.0,0.0,0.0,0.0,0.0,uncertain
hard,14,9,8,22,,loss,False,False,4-10,8,0,0.0,0.0,0.0,0.0,0.0,0.0,0.0,0.0,0.0,uncertain
hard,14,9,8,22,,loss,False,False,2-7-5,2,0,0.0,0.0,0.0,0.0,0.0,0.0,0.0,0.0,0.0,uncertain
hard,14,9,8,22,,loss,False,False,7-7,2,0,0.0,0.0,0.0,0.0,0.0,0.0,0.0,0.0,0.0,uncertain
hard,14,9,8,22,,loss,False,False,2-10-2,1,0,0.0,0.0,0.0,0.0,0.0,0.0,0.0,0.0,0.0,uncertain
hard,14,9,8,22,,loss,False,False,2-3-A-8,1,0,0.0,0.0,0.0,0.0,0.0,0.0,0.0,0.0,0.0,uncertain
hard,14,9,8,22,,loss,False,False,10-2-2,1,0,0.0,0.0,0.0,0.0,0.0,0.0,0.0,0.0,0.0,uncertain
hard,14,9,8,22,,loss,False,False,3-5-6,1,0,0.0,0.0,0.0,0.0,0.0,0.0,0.0,0.0,0.0,uncertain
hard,14,9,8,22,,loss,False,False,3-2-6-2-A,1,0,0.0,0.0,0.0,0.0,0.0,0.0,0.0,0.0,0.0,uncertain
hard,14,9,8,22,,loss,False,False,8-4-2,1,0,0.0,0.0,0.0,0.0,0.0,0.0,0.0,0.0,0.0,uncertain
hard,14,9,8,22,,loss,False,False,3-A-10,2,0,0.0,0.0,0.0,0.0,0.0,0.0,0.0,0.0,0.0,uncertain
hard,14,9,8,22,,loss,False,False,4-9-A,1,0,0.0,0.0,0.0,0.0,0.0,0.0,0.0,0.0,0.0,uncertain
hard,14,9,8,22,,loss,False,False,7-6-A,1,0,0.0,0.0,0.0,0.0,0.0,0.0,0.0,0.0,0.0,uncertain
hard,14,9,8,22,,loss,False,False,10-3-A,1,0,0.0,0.0,0.0,0.0,0.0,0.0,0.0,0.0,0.0,uncertain
hard,14,9,9,23,,loss,False,False,7-5-2,2,0,0.0,0.0,0.0,0.0,0.0,0.0,0.0,0.0,0.0,uncertain
hard,14,9,9,23,,loss,False,False,7-7,9,0,0.0,0.0,0.0,0.0,0.0,0.0,0.0,0.0,0.0,uncertain
hard,14,9,9,23,,loss,False,False,9-5,1,0,0.0,0.0,0.0,0.0,0.0,0.0,0.0,0.0,0.0,uncertain
hard,14,9,9,23,,loss,False,False,6-8,2,0,0.0,0.0,0.0,0.0,0.0,0.0,0.0,0.0,0.0,uncertain
hard,14,9,9,23,,loss,False,False,2-2-10,1,0,0.0,0.0,0.0,0.0,0.0,0.0,0.0,0.0,0.0,uncertain
hard,14,9,9,23,,loss,False,False,6-A-7,1,0,0.0,0.0,0.0,0.0,0.0,0.0,0.0,0.0,0.0,uncertain
hard,14,9,9,23,,loss,False,False,4-10,13,0,0.0,0.0,0.0,0.0,0.0,0.0,0.0,0.0,0.0,uncertain
hard,14,9,9,23,,loss,False,False,10-4,12,0,0.0,0.0,0.0,0.0,0.0,0.0,0.0,0.0,0.0,uncertain
hard,14,9,9,23,,loss,False,False,A-3-10,3,0,0.0,0.0,0.0,0.0,0.0,0.0,0.0,0.0,0.0,uncertain
hard,14,9,9,23,,loss,False,False,2-5-7,1,0,0.0,0.0,0.0,0.0,0.0,0.0,0.0,0.0,0.0,uncertain
hard,14,9,9,23,,loss,False,False,8-6,2,0,0.0,0.0,0.0,0.0,0.0,0.0,0.0,0.0,0.0,uncertain
hard,14,9,9,23,,loss,False,False,A-5-8,1,0,0.0,0.0,0.0,0.0,0.0,0.0,0.0,0.0,0.0,uncertain
hard,14,9,9,23,,loss,True,False,9-3-2,1,0,0.0,0.0,0.0,0.0,0.0,0.0,0.0,0.0,0.0,uncertain
hard,14,9,9,23,,loss,False,False,3-5-6,1,0,0.0,0.0,0.0,0.0,0.0,0.0,0.0,0.0,0.0,uncertain
hard,14,9,9,23,,loss,False,False,6-2-6,1,0,0.0,0.0,0.0,0.0,0.0,0.0,0.0,0.0,0.0,uncertain
hard,14,9,9,23,,loss,False,False,A-4-9,1,0,0.0,0.0,0.0,0.0,0.0,0.0,0.0,0.0,0.0,uncertain
hard,14,9,9,23,,loss,False,False,2-3-7-2,1,0,0.0,0.0,0.0,0.0,0.0,0.0,0.0,0.0,0.0,uncertain
hard,14,9,9,23,,loss,False,False,10-2-A-A,1,0,0.0,0.0,0.0,0.0,0.0,0.0,0.0,0.0,0.0,uncertain
hard,14,9,9,23,,loss,False,False,2-4-6-2,1,0,0.0,0.0,0.0,0.0,0.0,0.0,0.0,0.0,0.0,uncertain
hard,14,9,9,23,,loss,False,False,3-3-8,1,0,0.0,0.0,0.0,0.0,0.0,0.0,0.0,0.0,0.0,uncertain
hard,14,9,9,23,,loss,False,False,7-2-5,1,0,0.0,0.0,0.0,0.0,0.0,0.0,0.0,0.0,0.0,uncertain
hard,14,9,9,23,,loss,False,False,3-10-A,1,0,0.0,0.0,0.0,0.0,0.0,0.0,0.0,0.0,0.0,uncertain
hard,14,9,9,23,,loss,False,False,2-10-2,1,0,0.0,0.0,0.0,0.0,0.0,0.0,0.0,0.0,0.0,uncertain
hard,14,9,9,23,,loss,False,False,2-7-5,1,0,0.0,0.0,0.0,0.0,0.0,0.0,0.0,0.0,0.0,uncertain
hard,14,9,9,23,,loss,False,False,3-A-10,1,0,0.0,0.0,0.0,0.0,0.0,0.0,0.0,0.0,0.0,uncertain
hard,14,9,9,23,,loss,False,False,10-3-A,1,0,0.0,0.0,0.0,0.0,0.0,0.0,0.0,0.0,0.0,uncertain
hard,14,9,9,23,,loss,False,False,2-10-A-A,1,0,0.0,0.0,0.0,0.0,0.0,0.0,0.0,0.0,0.0,uncertain
hard,14,9,10,24,,loss,False,False,9-4-A,2,0,0.0,0.0,0.0,0.0,0.0,0.0,0.0,0.0,0.0,uncertain
hard,14,9,10,24,,loss,False,False,7-7,15,0,0.0,0.0,0.0,0.0,0.0,0.0,0.0,0.0,0.0,uncertain
hard,14,9,10,24,,loss,False,False,7-5-2,2,0,0.0,0.0,0.0,0.0,0.0,0.0,0.0,0.0,0.0,uncertain
hard,14,9,10,24,,loss,False,False,3-10-A,4,0,0.0,0.0,0.0,0.0,0.0,0.0,0.0,0.0,0.0,uncertain
hard,14,9,10,24,,loss,False,False,4-10,57,0,0.0,0.0,0.0,0.0,0.0,0.0,0.0,0.0,0.0,uncertain
hard,14,9,10,24,,loss,False,False,10-4,68,0,0.0,0.0,0.0,0.0,0.0,0.0,0.0,0.0,0.0,uncertain
hard,14,9,10,24,,loss,False,False,2-10-2,11,0,0.0,0.0,0.0,0.0,0.0,0.0,0.0,0.0,0.0,uncertain
hard,14,9,10,24,,loss,False,False,10-3-A,4,0,0.0,0.0,0.0,0.0,0.0,0.0,0.0,0.0,0.0,uncertain
hard,14,9,10,24,,loss,False,False,6-7-A,1,0,0.0,0.0,0.0,0.0,0.0,0.0,0.0,0.0,0.0,uncertain
hard,14,9,10,24,,loss,False,False,8-6,11,0,0.0,0.0,0.0,0.0,0.0,0.0,0.0,0.0,0.0,uncertain
hard,14,9,10,24,,loss,True,False,9-5,1,0,0.0,0.0,0.0,0.0,0.0,0.0,0.0,0.0,0.0,uncertain
hard,14,9,10,24,,loss,False,False,A-2-A-2-8,1,0,0.0,0.0,0.0,0.0,0.0,0.0,0.0,0.0,0.0,uncertain
hard,14,9,10,24,,loss,False,False,5-9,8,0,0.0,0.0,0.0,0.0,0.0,0.0,0.0,0.0,0.0,uncertain
hard,14,9,10,24,,loss,False,False,6-3-5,4,0,0.0,0.0,0.0,0.0,0.0,0.0,0.0,0.0,0.0,uncertain
hard,14,9,10,24,,loss,False,False,5-A-A-7,1,0,0.0,0.0,0.0,0.0,0.0,0.0,0.0,0.0,0.0,uncertain
hard,14,9,10,24,,loss,False,False,6-8,11,0,0.0,0.0,0.0,0.0,0.0,0.0,0.0,0.0,0.0,uncertain
hard,14,9,10,24,,loss,False,False,2-2-10,4,0,0.0,0.0,0.0,0.0,0.0,0.0,0.0,0.0,0.0,uncertain
hard,14,9,10,24,,loss,False,False,9-3-2,3,0,0.0,0.0,0.0,0.0,0.0,0.0,0.0,0.0,0.0,uncertain
hard,14,9,10,24,,loss,False,False,3-A-A-7-2,1,0,0.0,0.0,0.0,0.0,0.0,0.0,0.0,0.0,0.0,uncertain
hard,14,9,10,24,,loss,False,False,7-2-5,2,0,0.0,0.0,0.0,0.0,0.0,0.0,0.0,0.0,0.0,uncertain
hard,14,9,10,24,,loss,False,False,2-7-5,1,0,0.0,0.0,0.0,0.0,0.0,0.0,0.0,0.0,0.0,uncertain
hard,14,9,10,24,,loss,False,False,9-5,9,0,0.0,0.0,0.0,0.0,0.0,0.0,0.0,0.0,0.0,uncertain
hard,14,9,10,24,,loss,False,False,6-2-6,2,0,0.0,0.0,0.0,0.0,0.0,0.0,0.0,0.0,0.0,uncertain
hard,14,9,10,24,,loss,False,False,4-9-A,1,0,0.0,0.0,0.0,0.0,0.0,0.0,0.0,0.0,0.0,uncertain
hard,14,9,10,24,,loss,False,False,A-6-7,3,0,0.0,0.0,0.0,0.0,0.0,0.0,0.0,0.0,0.0,uncertain
hard,14,9,10,24,,loss,False,False,4-3-2-2-3,1,0,0.0,0.0,0.0,0.0,0.0,0.0,0.0,0.0,0.0,uncertain
hard,14,9,10,24,,loss,False,False,A-4-9,1,0,0.0,0.0,0.0,0.0,0.0,0.0,0.0,0.0,0.0,uncertain
hard,14,9,10,24,,loss,False,False,4-4-6,1,0,0.0,0.0,0.0,0.0,0.0,0.0,0.0,0.0,0.0,uncertain
hard,14,9,10,24,,loss,False,False,4-8-2,1,0,0.0,0.0,0.0,0.0,0.0,0.0,0.0,0.0,0.0,uncertain
hard,14,9,10,24,,loss,False,False,3-6-5,1,0,0.0,0.0,0.0,0.0,0.0,0.0,0.0,0.0,0.0,uncertain
hard,14,9,10,24,,loss,False,False,A-3-10,3,0,0.0,0.0,0.0,0.0,0.0,0.0,0.0,0.0,0.0,uncertain
hard,14,9,10,24,,loss,False,False,7-6-A,1,0,0.0,0.0,0.0,0.0,0.0,0.0,0.0,0.0,0.0,uncertain
hard,14,9,10,24,,loss,False,False,2-4-2-6,2,0,0.0,0.0,0.0,0.0,0.0,0.0,0.0,0.0,0.0,uncertain
hard,14,9,10,24,,loss,False,False,3-3-A-5-2,1,0,0.0,0.0,0.0,0.0,0.0,0.0,0.0,0.0,0.0,uncertain
hard,14,9,10,24,,loss,False,False,A-5-8,2,0,0.0,0.0,0.0,0.0,0.0,0.0,0.0,0.0,0.0,uncertain
hard,14,9,10,24,,loss,False,False,4-3-4-3,1,0,0.0,0.0,0.0,0.0,0.0,0.0,0.0,0.0,0.0,uncertain
hard,14,9,10,24,,loss,False,False,6-6-2,1,0,0.0,0.0,0.0,0.0,0.0,0.0,0.0,0.0,0.0,uncertain
hard,14,9,10,24,,loss,False,False,2-6-6,1,0,0.0,0.0,0.0,0.0,0.0,0.0,0.0,0.0,0.0,uncertain
hard,14,9,10,24,,loss,False,False,10-2-2,3,0,0.0,0.0,0.0,0.0,0.0,0.0,0.0,0.0,0.0,uncertain
hard,14,9,10,24,,loss,False,False,3-A-10,4,0,0.0,0.0,0.0,0.0,0.0,0.0,0.0,0.0,0.0,uncertain
hard,14,9,10,24,,loss,False,False,2-3-9,1,0,0.0,0.0,0.0,0.0,0.0,0.0,0.0,0.0,0.0,uncertain
hard,14,9,10,24,,loss,False,False,A-7-4-A-A,1,0,0.0,0.0,0.0,0.0,0.0,0.0,0.0,0.0,0.0,uncertain
hard,14,9,10,24,,loss,False,False,A-7-6,1,0,0.0,0.0,0.0,0.0,0.0,0.0,0.0,0.0,0.0,uncertain
hard,14,9,10,24,,loss,False,False,2-6-2-4,1,0,0.0,0.0,0.0,0.0,0.0,0.0,0.0,0.0,0.0,uncertain
hard,14,9,10,24,,loss,False,False,2-3-A-8,1,0,0.0,0.0,0.0,0.0,0.0,0.0,0.0,0.0,0.0,uncertain
hard,14,9,10,24,,loss,True,False,8-6,2,0,0.0,0.0,0.0,0.0,0.0,0.0,0.0,0.0,0.0,uncertain
hard,14,9,10,24,,loss,False,False,5-2-7,2,0,0.0,0.0,0.0,0.0,0.0,0.0,0.0,0.0,0.0,uncertain
hard,14,9,10,24,,loss,False,False,5-4-5,1,0,0.0,0.0,0.0,0.0,0.0,0.0,0.0,0.0,0.0,uncertain
hard,14,9,10,24,,loss,False,False,2-3-4-5,1,0,0.0,0.0,0.0,0.0,0.0,0.0,0.0,0.0,0.0,uncertain
hard,14,9,10,24,,loss,False,False,2-5-2-5,1,0,0.0,0.0,0.0,0.0,0.0,0.0,0.0,0.0,0.0,uncertain
hard,14,9,10,24,,loss,False,False,2-6-4-2,1,0,0.0,0.0,0.0,0.0,0.0,0.0,0.0,0.0,0.0,uncertain
hard,14,9,10,24,,loss,False,False,3-5-6,1,0,0.0,0.0,0.0,0.0,0.0,0.0,0.0,0.0,0.0,uncertain
hard,14,9,10,24,,loss,False,False,7-2-4-A,1,0,0.0,0.0,0.0,0.0,0.0,0.0,0.0,0.0,0.0,uncertain
hard,14,9,10,24,,loss,False,False,5-A-6-2,1,0,0.0,0.0,0.0,0.0,0.0,0.0,0.0,0.0,0.0,uncertain
hard,14,9,10,24,,loss,False,False,5-3-6,1,0,0.0,0.0,0.0,0.0,0.0,0.0,0.0,0.0,0.0,uncertain
hard,14,9,10,24,,loss,False,False,A-5-A-6-A,1,0,0.0,0.0,0.0,0.0,0.0,0.0,0.0,0.0,0.0,uncertain
hard,14,9,10,24,,loss,False,False,3-9-2,3,0,0.0,0.0,0.0,0.0,0.0,0.0,0.0,0.0,0.0,uncertain
hard,14,9,10,24,,loss,False,False,6-2-4-2,1,0,0.0,0.0,0.0,0.0,0.0,0.0,0.0,0.0,0.0,uncertain
hard,14,9,10,24,,loss,False,False,3-2-9,1,0,0.0,0.0,0.0,0.0,0.0,0.0,0.0,0.0,0.0,uncertain
hard,14,9,10,24,,loss,False,False,3-3-7-A,1,0,0.0,0.0,0.0,0.0,0.0,0.0,0.0,0.0,0.0,uncertain
hard,14,9,10,24,,loss,False,False,2-5-7,1,0,0.0,0.0,0.0,0.0,0.0,0.0,0.0,0.0,0.0,uncertain
hard,14,A,8,22,,loss,False,False,4-10,14,0,0.0,0.0,0.0,0.0,0.0,0.0,0.0,0.0,0.0,uncertain
hard,14,A,8,22,,loss,False,False,8-6,8,0,0.0,0.0,0.0,0.0,0.0,0.0,0.0,0.0,0.0,uncertain
hard,14,A,8,22,,loss,False,False,5-9,3,0,0.0,0.0,0.0,0.0,0.0,0.0,0.0,0.0,0.0,uncertain
hard,14,A,8,22,,loss,False,False,10-4,11,0,0.0,0.0,0.0,0.0,0.0,0.0,0.0,0.0,0.0,uncertain
hard,14,A,8,22,,loss,False,False,7-6-A,1,0,0.0,0.0,0.0,0.0,0.0,0.0,0.0,0.0,0.0,uncertain
hard,14,A,8,22,,loss,False,False,10-2-2,1,0,0.0,0.0,0.0,0.0,0.0,0.0,0.0,0.0,0.0,uncertain
hard,14,A,8,22,,loss,False,False,2-10-2,2,0,0.0,0.0,0.0,0.0,0.0,0.0,0.0,0.0,0.0,uncertain
hard,14,A,8,22,,loss,False,False,6-8,5,0,0.0,0.0,0.0,0.0,0.0,0.0,0.0,0.0,0.0,uncertain
hard,14,A,8,22,,loss,False,False,2-3-9,1,0,0.0,0.0,0.0,0.0,0.0,0.0,0.0,0.0,0.0,uncertain
hard,14,A,8,22,,loss,False,False,3-6-5,1,0,0.0,0.0,0.0,0.0,0.0,0.0,0.0,0.0,0.0,uncertain
hard,14,A,8,22,,loss,False,False,9-5,2,0,0.0,0.0,0.0,0.0,0.0,0.0,0.0,0.0,0.0,uncertain
hard,14,A,8,22,,loss,False,False,5-3-6,1,0,0.0,0.0,0.0,0.0,0.0,0.0,0.0,0.0,0.0,uncertain
hard,14,A,8,22,,loss,False,False,2-8-4,1,0,0.0,0.0,0.0,0.0,0.0,0.0,0.0,0.0,0.0,uncertain
hard,14,A,8,22,,loss,False,False,A-3-10,2,0,0.0,0.0,0.0,0.0,0.0,0.0,0.0,0.0,0.0,uncertain
hard,14,A,8,22,,loss,False,False,2-2-10,1,0,0.0,0.0,0.0,0.0,0.0,0.0,0.0,0.0,0.0,uncertain
hard,14,A,8,22,,loss,False,False,A-7-6,1,0,0.0,0.0,0.0,0.0,0.0,0.0,0.0,0.0,0.0,uncertain
hard,14,A,8,22,,loss,False,False,7-7,2,0,0.0,0.0,0.0,0.0,0.0,0.0,0.0,0.0,0.0,uncertain
hard,14,A,8,22,,loss,False,False,4-2-8,1,0,0.0,0.0,0.0,0.0,0.0,0.0,0.0,0.0,0.0,uncertain
hard,14,A,8,22,,loss,False,False,3-10-A,2,0,0.0,0.0,0.0,0.0,0.0,0.0,0.0,0.0,0.0,uncertain
hard,14,A,8,22,,loss,True,False,8-6,1,0,0.0,0.0,0.0,0.0,0.0,0.0,0.0,0.0,0.0,uncertain
hard,14,A,9,23,,loss,False,False,6-3-5,1,0,0.0,0.0,0.0,0.0,0.0,0.0,0.0,0.0,0.0,uncertain
hard,14,A,9,23,,loss,False,False,4-10,15,0,0.0,0.0,0.0,0.0,0.0,0.0,0.0,0.0,0.0,uncertain
hard,14,A,9,23,,loss,False,False,6-8,6,0,0.0,0.0,0.0,0.0,0.0,0.0,0.0,0.0,0.0,uncertain
hard,14,A,9,23,,loss,False,False,3-2-9,1,0,0.0,0.0,0.0,0.0,0.0,0.0,0.0,0.0,0.0,uncertain
hard,14,A,9,23,,loss,False,False,2-10-2,1,0,0.0,0.0,0.0,0.0,0.0,0.0,0.0,0.0,0.0,uncertain
hard,14,A,9,23,,loss,False,False,6-6-2,1,0,0.0,0.0,0.0,0.0,0.0,0.0,0.0,0.0,0.0,uncertain
hard,14,A,9,23,,loss,False,False,10-4,11,0,0.0,0.0,0.0,0.0,0.0,0.0,0.0,0.0,0.0,uncertain
hard,14,A,9,23,,loss,False,False,3-3-8,1,0,0.0,0.0,0.0,0.0,0.0,0.0,0.0,0.0,0.0,uncertain
hard,14,A,9,23,,loss,False,False,7-7,1,0,0.0,0.0,0.0,0.0,0.0,0.0,0.0,0.0,0.0,uncertain
hard,14,A,9,23,,loss,False,False,3-4-7,1,0,0.0,0.0,0.0,0.0,0.0,0.0,0.0,0.0,0.0,uncertain
hard,14,A,9,23,,loss,False,False,5-9,2,0,0.0,0.0,0.0,0.0,0.0,0.0,0.0,0.0,0.0,uncertain
hard,14,A,9,23,,loss,False,False,4-9-A,1,0,0.0,0.0,0.0,0.0,0.0,0.0,0.0,0.0,0.0,uncertain
hard,14,A,9,23,,loss,False,False,3-A-3-7,1,0,0.0,0.0,0.0,0.0,0.0,0.0,0.0,0.0,0.0,uncertain
hard,14,A,9,23,,loss,False,False,9-5,4,0,0.0,0.0,0.0,0.0,0.0,0.0,0.0,0.0,0.0,uncertain
hard,14,A,9,23,,loss,False,False,5-7-2,1,0,0.0,0.0,0.0,0.0,0.0,0.0,0.0,0.0,0.0,uncertain
hard,14,A,9,23,,loss,False,False,2-6-6,1,0,0.0,0.0,0.0,0.0,0.0,0.0,0.0,0.0,0.0,uncertain
hard,14,A,9,23,,loss,False,False,5-5-4,1,0,0.0,0.0,0.0,0.0,0.0,0.0,0.0,0.0,0.0,uncertain
hard,14,A,9,23,,loss,False,False,3-10-A,1,0,0.0,0.0,0.0,0.0,0.0,0.0,0.0,0.0,0.0,uncertain
hard,14,A,9,23,,loss,False,False,7-A-5-A,1,0,0.0,0.0,0.0,0.0,0.0,0.0,0.0,0.0,0.0,uncertain
hard,14,A,9,23,,loss,False,False,8-6,2,0,0.0,0.0,0.0,0.0,0.0,0.0,0.0,0.0,0.0,uncertain
hard,14,A,10,24,,loss,False,False,9-5,10,0,0.0,0.0,0.0,0.0,0.0,0.0,0.0,0.0,0.0,uncertain
hard,14,A,10,24,,loss,False,False,10-4,42,0,0.0,0.0,0.0,0.0,0.0,0.0,0.0,0.0,0.0,uncertain
hard,14,A,10,24,,loss,False,False,5-9,9,0,0.0,0.0,0.0,0.0,0.0,0.0,0.0,0.0,0.0,uncertain
hard,14,A,10,24,,loss,False,False,6-8,10,0,0.0,0.0,0.0,0.0,0.0,0.0,0.0,0.0,0.0,uncertain
hard,14,A,10,24,,loss,False,False,4-10,32,0,0.0,0.0,0.0,0.0,0.0,0.0,0.0,0.0,0.0,uncertain
hard,14,A,10,24,,loss,False,False,8-6,12,0,0.0,0.0,0.0,0.0,0.0,0.0,0.0,0.0,0.0,uncertain
hard,14,A,10,24,,loss,False,False,6-2-4-2,1,0,0.0,0.0,0.0,0.0,0.0,0.0,0.0,0.0,0.0,uncertain
hard,14,A,10,24,,loss,False,False,5-3-6,3,0,0.0,0.0,0.0,0.0,0.0,0.0,0.0,0.0,0.0,uncertain
hard,14,A,10,24,,loss,False,False,A-3-10,3,0,0.0,0.0,0.0,0.0,0.0,0.0,0.0,0.0,0.0,uncertain
hard,14,A,10,24,,loss,False,False,3-9-2,2,0,0.0,0.0,0.0,0.0,0.0,0.0,0.0,0.0,0.0,uncertain
hard,14,A,10,24,,loss,False,False,7-2-4-A,1,0,0.0,0.0,0.0,0.0,0.0,0.0,0.0,0.0,0.0,uncertain
hard,14,A,10,24,,loss,False,False,5-4-2-3,1,0,0.0,0.0,0.0,0.0,0.0,0.0,0.0,0.0,0.0,uncertain
hard,14,A,10,24,,loss,False,False,7-7,12,0,0.0,0.0,0.0,0.0,0.0,0.0,0.0,0.0,0.0,uncertain
hard,14,A,10,24,,loss,False,False,8-2-4,2,0,0.0,0.0,0.0,0.0,0.0,0.0,0.0,0.0,0.0,uncertain
hard,14,A,10,24,,loss,False,False,10-3-A,5,0,0.0,0.0,0.0,0.0,0.0,0.0,0.0,0.0,0.0,uncertain
hard,14,A,10,24,,loss,False,False,3-A-4-6,1,0,0.0,0.0,0.0,0.0,0.0,0.0,0.0,0.0,0.0,uncertain
hard,14,A,10,24,,loss,False,False,3-2-A-6-2,1,0,0.0,0.0,0.0,0.0,0.0,0.0,0.0,0.0,0.0,uncertain
hard,14,A,10,24,,loss,False,False,3-2-8-A,1,0,0.0,0.0,0.0,0.0,0.0,0.0,0.0,0.0,0.0,uncertain
hard,14,A,10,24,,loss,False,False,4-8-2,2,0,0.0,0.0,0.0,0.0,0.0,0.0,0.0,0.0,0.0,uncertain
hard,14,A,10,24,,loss,False,False,3-4-7,2,0,0.0,0.0,0.0,0.0,0.0,0.0,0.0,0.0,0.0,uncertain
hard,14,A,10,24,,loss,False,False,A-3-2-8,1,0,0.0,0.0,0.0,0.0,0.0,0.0,0.0,0.0,0.0,uncertain
hard,14,A,10,24,,loss,False,False,3-2-A-8,1,0,0.0,0.0,0.0,0.0,0.0,0.0,0.0,0.0,0.0,uncertain
hard,14,A,10,24,,loss,False,False,3-10-A,3,0,0.0,0.0,0.0,0.0,0.0,0.0,0.0,0.0,0.0,uncertain
hard,14,A,10,24,,loss,False,False,10-2-2,4,0,0.0,0.0,0.0,0.0,0.0,0.0,0.0,0.0,0.0,uncertain
hard,14,A,10,24,,loss,False,False,5-A-8,1,0,0.0,0.0,0.0,0.0,0.0,0.0,0.0,0.0,0.0,uncertain
hard,14,A,10,24,,loss,False,False,3-6-4-A,1,0,0.0,0.0,0.0,0.0,0.0,0.0,0.0,0.0,0.0,uncertain
hard,14,A,10,24,,loss,True,False,8-6,2,0,0.0,0.0,0.0,0.0,0.0,0.0,0.0,0.0,0.0,uncertain
hard,14,A,10,24,,loss,False,False,4-6-4,1,0,0.0,0.0,0.0,0.0,0.0,0.0,0.0,0.0,0.0,uncertain
hard,14,A,10,24,,loss,False,False,3-3-3-5,1,0,0.0,0.0,0.0,0.0,0.0,0.0,0.0,0.0,0.0,uncertain
hard,14,A,10,24,,loss,False,False,6-3-5,1,0,0.0,0.0,0.0,0.0,0.0,0.0,0.0,0.0,0.0,uncertain
hard,14,A,10,24,,loss,False,False,3-2-9,2,0,0.0,0.0,0.0,0.0,0.0,0.0,0.0,0.0,0.0,uncertain
hard,14,A,10,24,,loss,False,False,3-A-10,3,0,0.0,0.0,0.0,0.0,0.0,0.0,0.0,0.0,0.0,uncertain
hard,14,A,10,24,,loss,False,False,3-3-8,1,0,0.0,0.0,0.0,0.0,0.0,0.0,0.0,0.0,0.0,uncertain
hard,14,A,10,24,,loss,False,False,6-7-A,1,0,0.0,0.0,0.0,0.0,0.0,0.0,0.0,0.0,0.0,uncertain
hard,14,A,10,24,,loss,False,False,6-A-7,1,0,0.0,0.0,0.0,0.0,0.0,0.0,0.0,0.0,0.0,uncertain
hard,14,A,10,24,,loss,False,False,2-10-2,1,0,0.0,0.0,0.0,0.0,0.0,0.0,0.0,0.0,0.0,uncertain
hard,14,A,10,24,,loss,False,False,2-2-10,3,0,0.0,0.0,0.0,0.0,0.0,0.0,0.0,0.0,0.0,uncertain
hard,14,A,10,24,,loss,False,False,A-3-3-7,1,0,0.0,0.0,0.0,0.0,0.0,0.0,0.0,0.0,0.0,uncertain
hard,14,A,10,24,,loss,False,False,3-2-6-2-A,1,0,0.0,0.0,0.0,0.0,0.0,0.0,0.0,0.0,0.0,uncertain
hard,14,A,10,24,,loss,False,False,3-7-4,3,0,0.0,0.0,0.0,0.0,0.0,0.0,0.0,0.0,0.0,uncertain
hard,14,A,10,24,,loss,False,False,5-5-2-2,1,0,0.0,0.0,0.0,0.0,0.0,0.0,0.0,0.0,0.0,uncertain
hard,14,A,10,24,,loss,False,False,2-5-3-3-A,1,0,0.0,0.0,0.0,0.0,0.0,0.0,0.0,0.0,0.0,uncertain
hard,14,A,10,24,,loss,False,False,A-7-6,2,0,0.0,0.0,0.0,0.0,0.0,0.0,0.0,0.0,0.0,uncertain
hard,14,A,10,24,,loss,False,False,2-A-3-8,1,0,0.0,0.0,0.0,0.0,0.0,0.0,0.0,0.0,0.0,uncertain
hard,14,A,10,24,,loss,False,False,4-9-A,1,0,0.0,0.0,0.0,0.0,0.0,0.0,0.0,0.0,0.0,uncertain
hard,14,A,10,24,,loss,False,False,3-2-3-6,1,0,0.0,0.0,0.0,0.0,0.0,0.0,0.0,0.0,0.0,uncertain
hard,14,A,10,24,,loss,False,False,7-6-A,1,0,0.0,0.0,0.0,0.0,0.0,0.0,0.0,0.0,0.0,uncertain
hard,14,A,10,24,,loss,False,False,2-A-A-10,1,0,0.0,0.0,0.0,0.0,0.0,0.0,0.0,0.0,0.0,uncertain
hard,14,A,10,24,,loss,False,False,3-7-2-2,1,0,0.0,0.0,0.0,0.0,0.0,0.0,0.0,0.0,0.0,uncertain
hard,14,A,10,24,,loss,False,False,2-6-6,1,0,0.0,0.0,0.0,0.0,0.0,0.0,0.0,0.0,0.0,uncertain
hard,14,A,10,24,,loss,False,False,6-2-6,1,0,0.0,0.0,0.0,0.0,0.0,0.0,0.0,0.0,0.0,uncertain
hard,14,A,10,24,,loss,False,False,4-4-2-4,1,0,0.0,0.0,0.0,0.0,0.0,0.0,0.0,0.0,0.0,uncertain
hard,14,A,10,24,,loss,False,False,2-5-7,1,0,0.0,0.0,0.0,0.0,0.0,0.0,0.0,0.0,0.0,uncertain
hard,14,A,10,24,,loss,False,False,5-8-A,1,0,0.0,0.0,0.0,0.0,0.0,0.0,0.0,0.0,0.0,uncertain
hard,15,10,7,22,,loss,False,False,7-8,13,0,0.0,0.0,0.0,0.0,0.0,0.0,0.0,0.0,0.0,uncertain
hard,15,10,7,22,,loss,False,False,3-2-6-4,1,0,0.0,0.0,0.0,0.0,0.0,0.0,0.0,0.0,0.0,uncertain
hard,15,10,7,22,,loss,False,False,10-4-A,7,0,0.0,0.0,0.0,0.0,0.0,0.0,0.0,0.0,0.0,uncertain
hard,15,10,7,22,,loss,False,False,5-10,51,0,0.0,0.0,0.0,0.0,0.0,0.0,0.0,0.0,0.0,uncertain
hard,15,10,7,22,,loss,False,False,3-10-A-A,2,0,0.0,0.0,0.0,0.0,0.0,0.0,0.0,0.0,0.0,uncertain
hard,15,10,7,22,,loss,False,False,5-8-2,3,0,0.0,0.0,0.0,0.0,0.0,0.0,0.0,0.0,0.0,uncertain
hard,15,10,7,22,,loss,False,False,A-4-10,5,0,0.0,0.0,0.0,0.0,0.0,0.0,0.0,0.0,0.0,uncertain
hard,15,10,7,22,,loss,False,False,10-5,68,0,0.0,0.0,0.0,0.0,0.0,0.0,0.0,0.0,0.0,uncertain
hard,15,10,7,22,,loss,False,False,8-2-5,2,0,0.0,0.0,0.0,0.0,0.0,0.0,0.0,0.0,0.0,uncertain
hard,15,10,7,22,,loss,False,False,6-7-2,1,0,0.0,0.0,0.0,0.0,0.0,0.0,0.0,0.0,0.0,uncertain
hard,15,10,7,22,,loss,False,False,6-9,15,0,0.0,0.0,0.0,0.0,0.0,0.0,0.0,0.0,0.0,uncertain
hard,15,10,7,22,,loss,False,False,5-A-9,2,0,0.0,0.0,0.0,0.0,0.0,0.0,0.0,0.0,0.0,uncertain
hard,15,10,7,22,,loss,False,False,9-6,17,0,0.0,0.0,0.0,0.0,0.0,0.0,0.0,0.0,0.0,uncertain
hard,15,10,7,22,,loss,False,False,2-8-5,1,0,0.0,0.0,0.0,0.0,0.0,0.0,0.0,0.0,0.0,uncertain
hard,15,10,7,22,,loss,False,False,3-5-2-5,1,0,0.0,0.0,0.0,0.0,0.0,0.0,0.0,0.0,0.0,uncertain
hard,15,10,7,22,,loss,False,False,8-7,6,0,0.0,0.0,0.0,0.0,0.0,0.0,0.0,0.0,0.0,uncertain
hard,15,10,7,22,,loss,False,False,4-A-10,7,0,0.0,0.0,0.0,0.0,0.0,0.0,0.0,0.0,0.0,uncertain
hard,15,10,7,22,,loss,False,False,3-2-10,6,0,0.0,0.0,0.0,0.0,0.0,0.0,0.0,0.0,0.0,uncertain
hard,15,10,7,22,,loss,False,False,5-4-2-4,1,0,0.0,0.0,0.0,0.0,0.0,0.0,0.0,0.0,0.0,uncertain
hard,15,10,7,22,,loss,False,False,5-3-7,1,0,0.0,0.0,0.0,0.0,0.0,0.0,0.0,0.0,0.0,uncertain
hard,15,10,7,22,,loss,False,False,7-6-2,1,0,0.0,0.0,0.0,0.0,0.0,0.0,0.0,0.0,0.0,uncertain
hard,15,10,7,22,,loss,False,False,4-10-A,4,0,0.0,0.0,0.0,0.0,0.0,0.0,0.0,0.0,0.0,uncertain
hard,15,10,7,22,,loss,False,False,3-4-6-2,1,0,0.0,0.0,0.0,0.0,0.0,0.0,0.0,0.0,0.0,uncertain
hard,15,10,7,22,,loss,False,False,2-4-2-6-A,1,0,0.0,0.0,0.0,0.0,0.0,0.0,0.0,0.0,0.0,uncertain
hard,15,10,7,22,,loss,False,False,3-7-5,2,0,0.0,0.0,0.0,0.0,0.0,0.0,0.0,0.0,0.0,uncertain
hard,15,10,7,22,,loss,False,False,A-2-5-7,1,0,0.0,0.0,0.0,0.0,0.0,0.0,0.0,0.0,0.0,uncertain
hard,15,10,7,22,,loss,False,False,7-A-7,3,0,0.0,0.0,0.0,0.0,0.0,0.0,0.0,0.0,0.0,uncertain
hard,15,10,7,22,,loss,False,False,5-2-2-3-3,1,0,0.0,0.0,0.0,0.0,0.0,0.0,0.0,0.0,0.0,uncertain
hard,15,10,7,22,,loss,False,False,A-5-6-3,1,0,0.0,0.0,0.0,0.0,0.0,0.0,0.0,0.0,0.0,uncertain
hard,15,10,7,22,,loss,False,False,3-10-2,3,0,0.0,0.0,0.0,0.0,0.0,0.0,0.0,0.0,0.0,uncertain
hard,15,10,7,22,,loss,False,False,3-4-8,2,0,0.0,0.0,0.0,0.0,0.0,0.0,0.0,0.0,0.0,uncertain
hard,15,10,7,22,,loss,False,False,2-7-6,1,0,0.0,0.0,0.0,0.0,0.0,0.0,0.0,0.0,0.0,uncertain
hard,15,10,7,22,,loss,False,False,10-3-2,2,0,0.0,0.0,0.0,0.0,0.0,0.0,0.0,0.0,0.0,uncertain
hard,15,10,7,22,,loss,False,False,4-5-2-2-2,1,0,0.0,0.0,0.0,0.0,0.0,0.0,0.0,0.0,0.0,uncertain
hard,15,10,7,22,,loss,False,False,3-3-9,2,0,0.0,0.0,0.0,0.0,0.0,0.0,0.0,0.0,0.0,uncertain
hard,15,10,7,22,,loss,False,False,6-2-7,1,0,0.0,0.0,0.0,0.0,0.0,0.0,0.0,0.0,0.0,uncertain
hard,15,10,7,22,,loss,False,False,3-9-3,1,0,0.0,0.0,0.0,0.0,0.0,0.0,0.0,0.0,0.0,uncertain
hard,15,10,7,22,,loss,False,False,7-5-3,2,0,0.0,0.0,0.0,0.0,0.0,0.0,0.0,0.0,0.0,uncertain
hard,15,10,7,22,,loss,False,False,4-9-2,2,0,0.0,0.0,0.0,0.0,0.0,0.0,0.0,0.0,0.0,uncertain
hard,15,10,7,22,,loss,False,False,A-6-8,1,0,0.0,0.0,0.0,0.0,0.0,0.0,0.0,0.0,0.0,uncertain
hard,15,10,7,22,,loss,False,False,10-2-3,4,0,0.0,0.0,0.0,0.0,0.0,0.0,0.0,0.0,0.0,uncertain
hard,15,10,7,22,,loss,False,False,A-5-9,1,0,0.0,0.0,0.0,0.0,0.0,0.0,0.0,0.0,0.0,uncertain
hard,15,10,7,22,,loss,False,False,3-2-9-A,1,0,0.0,0.0,0.0,0.0,0.0,0.0,0.0,0.0,0.0,uncertain
hard,15,10,7,22,,loss,False,False,5-2-8,1,0,0.0,0.0,0.0,0.0,0.0,0.0,0.0,0.0,0.0,uncertain
hard,15,10,7,22,,loss,False,False,2-3-10,4,0,0.0,0.0,0.0,0.0,0.0,0.0,0.0,0.0,0.0,uncertain
hard,15,10,7,22,,loss,False,False,6-3-6,3,0,0.0,0.0,0.0,0.0,0.0,0.0,0.0,0.0,0.0,uncertain
hard,15,10,7,22,,loss,False,False,4-5-6,2,0,0.0,0.0,0.0,0.0,0.0,0.0,0.0,0.0,0.0,uncertain
hard,15,10,7,22,,loss,True,False,8-7,1,0,0.0,0.0,0.0,0.0,0.0,0.0,0.0,0.0,0.0,uncertain
hard,15,10,7,22,,loss,False,False,2-10-3,1,0,0.0,0.0,0.0,0.0,0.0,0.0,0.0,0.0,0.0,uncertain
hard,15,10,7,22,,loss,False,False,9-3-3,1,0,0.0,0.0,0.0,0.0,0.0,0.0,0.0,0.0,0.0,uncertain
hard,15,10,7,22,,loss,False,False,5-7-3,2,0,0.0,0.0,0.0,0.0,0.0,0.0,0.0,0.0,0.0,uncertain
hard,15,10,7,22,,loss,False,False,8-5-2,3,0,0.0,0.0,0.0,0.0,0.0,0.0,0.0,0.0,0.0,uncertain
hard,15,10,7,22,,loss,False,False,8-4-3,1,0,0.0,0.0,0.0,0.0,0.0,0.0,0.0,0.0,0.0,uncertain
hard,15,10,7,22,,loss,False,False,9-5-A,2,0,0.0,0.0,0.0,0.0,0.0,0.0,0.0,0.0,0.0,uncertain
hard,15,10,7,22,,loss,False,False,8-6-A,1,0,0.0,0.0,0.0,0.0,0.0,0.0,0.0,0.0,0.0,uncertain
hard,15,10,7,22,,loss,False,False,3-9-2-A,1,0,0.0,0.0,0.0,0.0,0.0,0.0,0.0,0.0,0.0,uncertain
hard,15,10,7,22,,loss,False,False,6-8-A,1,0,0.0,0.0,0.0,0.0,0.0,0.0,0.0,0.0,0.0,uncertain
hard,15,10,7,22,,loss,True,False,8-5-2,1,0,0.0,0.0,0.0,0.0,0.0,0.0,0.0,0.0,0.0,uncertain
hard,15,10,7,22,,loss,False,False,9-4-2,1,0,0.0,0.0,0.0,0.0,0.0,0.0,0.0,0.0,0.0,uncertain
hard,15,10,7,22,,loss,False,False,A-7-7,3,0,0.0,0.0,0.0,0.0,0.0,0.0,0.0,0.0,0.0,uncertain
hard,15,10,7,22,,loss,False,False,2-4-9,1,0,0.0,0.0,0.0,0.0,0.0,0.0,0.0,0.0,0.0,uncertain
hard,15,10,7,22,,loss,False,False,3-6-3-A-2,1,0,0.0,0.0,0.0,0.0,0.0,0.0,0.0,0.0,0.0,uncertain
hard,15,10,7,22,,loss,False,False,A-3-2-9,1,0,0.0,0.0,0.0,0.0,0.0,0.0,0.0,0.0,0.0,uncertain
hard,15,10,7,22,,loss,False,False,4-6-5,1,0,0.0,0.0,0.0,0.0,0.0,0.0,0.0,0.0,0.0,uncertain
hard,15,10,7,22,,loss,False,False,2-6-7,1,0,0.0,0.0,0.0,0.0,0.0,0.0,0.0,0.0,0.0,uncertain
hard,15,10,7,22,,loss,False,False,4-6-3-A-A,1,0,0.0,0.0,0.0,0.0,0.0,0.0,0.0,0.0,0.0,uncertain
hard,15,10,7,22,,loss,False,False,A-2-10-2,1,0,0.0,0.0,0.0,0.0,0.0,0.0,0.0,0.0,0.0,uncertain
hard,15,10,7,22,,loss,False,False,A-5-7-2,1,0,0.0,0.0,0.0,0.0,0.0,0.0,0.0,0.0,0.0,uncertain
hard,15,10,7,22,,loss,False,False,3-6-5-A,1,0,0.0,0.0,0.0,0.0,0.0,0.0,0.0,0.0,0.0,uncertain
hard,15,10,7,22,,loss,False,False,A-3-A-10,1,0,0.0,0.0,0.0,0.0,0.0,0.0,0.0,0.0,0.0,uncertain
hard,15,10,8,23,,loss,False,False,4-6-5,1,0,0.0,0.0,0.0,0.0,0.0,0.0,0.0,0.0,0.0,uncertain
hard,15,10,8,23,,loss,False,False,4-10-A,5,0,0.0,0.0,0.0,0.0,0.0,0.0,0.0,0.0,0.0,uncertain
hard,15,10,8,23,,loss,False,False,8-7,10,0,0.0,0.0,0.0,0.0,0.0,0.0,0.0,0.0,0.0,uncertain
hard,15,10,8,23,,loss,False,False,9-6,13,0,0.0,0.0,0.0,0.0,0.0,0.0,0.0,0.0,0.0,uncertain
hard,15,10,8,23,,loss,False,False,10-5,53,0,0.0,0.0,0.0,0.0,0.0,0.0,0.0,0.0,0.0,uncertain
hard,15,10,8,23,,loss,False,False,2-10-3,1,0,0.0,0.0,0.0,0.0,0.0,0.0,0.0,0.0,0.0,uncertain
hard,15,10,8,23,,loss,False,False,2-8-5,2,0,0.0,0.0,0.0,0.0,0.0,0.0,0.0,0.0,0.0,uncertain
hard,15,10,8,23,,loss,False,False,5-10,56,0,0.0,0.0,0.0,0.0,0.0,0.0,0.0,0.0,0.0,uncertain
hard,15,10,8,23,,loss,False,False,3-10-2,3,0,0.0,0.0,0.0,0.0,0.0,0.0,0.0,0.0,0.0,uncertain
hard,15,10,8,23,,loss,False,False,6-2-7,2,0,0.0,0.0,0.0,0.0,0.0,0.0,0.0,0.0,0.0,uncertain
hard,15,10,8,23,,loss,False,False,4-8-3,2,0,0.0,0.0,0.0,0.0,0.0,0.0,0.0,0.0,0.0,uncertain
hard,15,10,8,23,,loss,False,False,2-10-2-A,1,0,0.0,0.0,0.0,0.0,0.0,0.0,0.0,0.0,0.0,uncertain
hard,15,10,8,23,,loss,False,False,6-9,9,0,0.0,0.0,0.0,0.0,0.0,0.0,0.0,0.0,0.0,uncertain
hard,15,10,8,23,,loss,False,False,4-2-A-8,1,0,0.0,0.0,0.0,0.0,0.0,0.0,0.0,0.0,0.0,uncertain
hard,15,10,8,23,,loss,False,False,7-8,14,0,0.0,0.0,0.0,0.0,0.0,0.0,0.0,0.0,0.0,uncertain
hard,15,10,8,23,,loss,False,False,3-6-6,3,0,0.0,0.0,0.0,0.0,0.0,0.0,0.0,0.0,0.0,uncertain
hard,15,10,8,23,,loss,False,False,3-5-7,5,0,0.0,0.0,0.0,0.0,0.0,0.0,0.0,0.0,0.0,uncertain
hard,15,10,8,23,,loss,False,False,4-A-10,7,0,0.0,0.0,0.0,0.0,0.0,0.0,0.0,0.0,0.0,uncertain
hard,15,10,8,23,,loss,False,False,7-5-3,1,0,0.0,0.0,0.0,0.0,0.0,0.0,0.0,0.0,0.0,uncertain
hard,15,10,8,23,,loss,False,False,10-2-3,2,0,0.0,0.0,0.0,0.0,0.0,0.0,0.0,0.0,0.0,uncertain
hard,15,10,8,23,,loss,False,False,3-9-3,2,0,0.0,0.0,0.0,0.0,0.0,0.0,0.0,0.0,0.0,uncertain
hard,15,10,8,23,,loss,False,False,7-2-6,2,0,0.0,0.0,0.0,0.0,0.0,0.0,0.0,0.0,0.0,uncertain
hard,15,10,8,23,,loss,False,False,3-2-10,2,0,0.0,0.0,0.0,0.0,0.0,0.0,0.0,0.0,0.0,uncertain
hard,15,10,8,23,,loss,False,False,5-7-3,3,0,0.0,0.0,0.0,0.0,0.0,0.0,0.0,0.0,0.0,uncertain
hard,15,10,8,23,,loss,False,False,5-3-7,2,0,0.0,0.0,0.0,0.0,0.0,0.0,0.0,0.0,0.0,uncertain
hard,15,10,8,23,,loss,False,False,4-A-3-7,1,0,0.0,0.0,0.0,0.0,0.0,0.0,0.0,0.0,0.0,uncertain
hard,15,10,8,23,,loss,False,False,6-7-2,2,0,0.0,0.0,0.0,0.0,0.0,0.0,0.0,0.0,0.0,uncertain
hard,15,10,8,23,,loss,False,False,4-A-7-3,1,0,0.0,0.0,0.0,0.0,0.0,0.0,0.0,0.0,0.0,uncertain
hard,15,10,8,23,,loss,False,False,A-4-10,6,0,0.0,0.0,0.0,0.0,0.0,0.0,0.0,0.0,0.0,uncertain
hard,15,10,8,23,,loss,False,False,A-2-2-10,1,0,0.0,0.0,0.0,0.0,0.0,0.0,0.0,0.0,0.0,uncertain
hard,15,10,8,23,,loss,False,False,3-3-3-6,1,0,0.0,0.0,0.0,0.0,0.0,0.0,0.0,0.0,0.0,uncertain
hard,15,10,8,23,,loss,False,False,3-6-5-A,1,0,0.0,0.0,0.0,0.0,0.0,0.0,0.0,0.0,0.0,uncertain
hard,15,10,8,23,,loss,False,False,6-6-A-2,1,0,0.0,0.0,0.0,0.0,0.0,0.0,0.0,0.0,0.0,uncertain
hard,15,10,8,23,,loss,False,False,10-3-2,4,0,0.0,0.0,0.0,0.0,0.0,0.0,0.0,0.0,0.0,uncertain
hard,15,10,8,23,,loss,False,False,10-3-A-A,2,0,0.0,0.0,0.0,0.0,0.0,0.0,0.0,0.0,0.0,uncertain
hard,15,10,8,23,,loss,True,False,8-7,1,0,0.0,0.0,0.0,0.0,0.0,0.0,0.0,0.0,0.0,uncertain
hard,15,10,8,23,,loss,False,False,8-2-5,4,0,0.0,0.0,0.0,0.0,0.0,0.0,0.0,0.0,0.0,uncertain
hard,15,10,8,23,,loss,False,False,10-4-A,3,0,0.0,0.0,0.0,0.0,0.0,0.0,0.0,0.0,0.0,uncertain
hard,15,10,8,23,,loss,False,False,2-4-9,1,0,0.0,0.0,0.0,0.0,0.0,0.0,0.0,0.0,0.0,uncertain
hard,15,10,8,23,,loss,False,False,5-2-A-7,1,0,0.0,0.0,0.0,0.0,0.0,0.0,0.0,0.0,0.0,uncertain
hard,15,10,8,23,,loss,False,False,3-2-A-9,2,0,0.0,0.0,0.0,0.0,0.0,0.0,0.0,0.0,0.0,uncertain
hard,15,10,8,23,,loss,False,False,7-6-2,2,0,0.0,0.0,0.0,0.0,0.0,0.0,0.0,0.0,0.0,uncertain
hard,15,10,8,23,,loss,False,False,4-2-9,2,0,0.0,0.0,0.0,0.0,0.0,0.0,0.0,0.0,0.0,uncertain
hard,15,10,8,23,,loss,False,False,8-5-2,1,0,0.0,0.0,0.0,0.0,0.0,0.0,0.0,0.0,0.0,uncertain
hard,15,10,8,23,,loss,False,False,7-3-5,1,0,0.0,0.0,0.0,0.0,0.0,0.0,0.0,0.0,0.0,uncertain
hard,15,10,8,23,,loss,False,False,3-2-7-3,1,0,0.0,0.0,0.0,0.0,0.0,0.0,0.0,0.0,0.0,uncertain
hard,15,10,8,23,,loss,False,False,2-2-10-A,1,0,0.0,0.0,0.0,0.0,0.0,0.0,0.0,0.0,0.0,uncertain
hard,15,10,8,23,,loss,False,False,2-3-10,5,0,0.0,0.0,0.0,0.0,0.0,0.0,0.0,0.0,0.0,uncertain
hard,15,10,8,23,,loss,False,False,6-A-6-2,1,0,0.0,0.0,0.0,0.0,0.0,0.0,0.0,0.0,0.0,uncertain
hard,15,10,8,23,,loss,False,False,5-9-A,1,0,0.0,0.0,0.0,0.0,0.0,0.0,0.0,0.0,0.0,uncertain
hard,15,10,8,23,,loss,False,False,9-3-3,1,0,0.0,0.0,0.0,0.0,0.0,0.0,0.0,0.0,0.0,uncertain
hard,15,10,8,23,,loss,False,False,7-7-A,1,0,0.0,0.0,0.0,0.0,0.0,0.0,0.0,0.0,0.0,uncertain
hard,15,10,8,23,,loss,False,False,2-3-4-6,1,0,0.0,0.0,0.0,0.0,0.0,0.0,0.0,0.0,0.0,uncertain
hard,15,10,8,23,,loss,False,False,8-4-2-A,1,0,0.0,0.0,0.0,0.0,0.0,0.0,0.0,0.0,0.0,uncertain
hard,15,10,8,23,,loss,False,False,A-5-8-A,1,0,0.0,0.0,0.0,0.0,0.0,0.0,0.0,0.0,0.0,uncertain
hard,15,10,8,23,,loss,False,False,2-7-6,1,0,0.0,0.0,0.0,0.0,0.0,0.0,0.0,0.0,0.0,uncertain
hard,15,10,8,23,,loss,False,False,6-4-5,1,0,0.0,0.0,0.0,0.0,0.0,0.0,0.0,0.0,0.0,uncertain
hard,15,10,8,23,,loss,False,False,A-2-10-A-A,1,0,0.0,0.0,0.0,0.0,0.0,0.0,0.0,0.0,0.0,uncertain
hard,15,10,8,23,,loss,False,False,2-5-8,1,0,0.0,0.0,0.0,0.0,0.0,0.0,0.0,0.0,0.0,uncertain
hard,15,10,8,23,,loss,False,False,6-A-5-3,1,0,0.0,0.0,0.0,0.0,0.0,0.0,0.0,0.0,0.0,uncertain
hard,15,10,8,23,,loss,False,False,2-3-4-4-2,1,0,0.0,0.0,0.0,0.0,0.0,0.0,0.0,0.0,0.0,uncertain
hard,15,10,8,23,,loss,False,False,4-6-4-A,1,0,0.0,0.0,0.0,0.0,0.0,0.0,0.0,0.0,0.0,uncertain
hard,15,10,9,24,,loss,False,False,5-10,65,0,0.0,0.0,0.0,0.0,0.0,0.0,0.0,0.0,0.0,uncertain
hard,15,10,9,24,,loss,False,False,10-5,54,0,0.0,0.0,0.0,0.0,0.0,0.0,0.0,0.0,0.0,uncertain
hard,15,10,9,24,,loss,False,False,10-2-3,6,0,0.0,0.0,0.0,0.0,0.0,0.0,0.0,0.0,0.0,uncertain
hard,15,10,9,24,,loss,False,False,5-8-2,1,0,0.0,0.0,0.0,0.0,0.0,0.0,0.0,0.0,0.0,uncertain
hard,15,10,9,24,,loss,False,False,9-6,7,0,0.0,0.0,0.0,0.0,0.0,0.0,0.0,0.0,0.0,uncertain
hard,15,10,9,24,,loss,False,False,A-4-10,4,0,0.0,0.0,0.0,0.0,0.0,0.0,0.0,0.0,0.0,uncertain
hard,15,10,9,24,,loss,False,False,10-3-2,5,0,0.0,0.0,0.0,0.0,0.0,0.0,0.0,0.0,0.0,uncertain
hard,15,10,9,24,,loss,False,False,6-9,16,0,0.0,0.0,0.0,0.0,0.0,0.0,0.0,0.0,0.0,uncertain
hard,15,10,9,24,,loss,False,False,7-8,11,0,0.0,0.0,0.0,0.0,0.0,0.0,0.0,0.0,0.0,uncertain
hard,15,10,9,24,,loss,False,False,5-A-8-A,2,0,0.0,0.0,0.0,0.0,0.0,0.0,0.0,0.0,0.0,uncertain
hard,15,10,9,24,,loss,False,False,A-2-4-A-7,1,0,0.0,0.0,0.0,0.0,0.0,0.0,0.0,0.0,0.0,uncertain
hard,15,10,9,24,,loss,False,False,2-2-3-8,1,0,0.0,0.0,0.0,0.0,0.0,0.0,0.0,0.0,0.0,uncertain
hard,15,10,9,24,,loss,False,False,10-4-A,5,0,0.0,0.0,0.0,0.0,0.0,0.0,0.0,0.0,0.0,uncertain
hard,15,10,9,24,,loss,False,False,2-10-3,5,0,0.0,0.0,0.0,0.0,0.0,0.0,0.0,0.0,0.0,uncertain
hard,15,10,9,24,,loss,False,False,3-6-6,4,0,0.0,0.0,0.0,0.0,0.0,0.0,0.0,0.0,0.0,uncertain
hard,15,10,9,24,,loss,False,False,7-2-6,1,0,0.0,0.0,0.0,0.0,0.0,0.0,0.0,0.0,0.0,uncertain
hard,15,10,9,24,,loss,False,False,4-4-7,2,0,0.0,0.0,0.0,0.0,0.0,0.0,0.0,0.0,0.0,uncertain
hard,15,10,9,24,,loss,False,False,4-3-4-4,1,0,0.0,0.0,0.0,0.0,0.0,0.0,0.0,0.0,0.0,uncertain
hard,15,10,9,24,,loss,False,False,8-7,8,0,0.0,0.0,0.0,0.0,0.0,0.0,0.0,0.0,0.0,uncertain
hard,15,10,9,24,,loss,False,False,2-6-2-5,1,0,0.0,0.0,0.0,0.0,0.0,0.0,0.0,0.0,0.0,uncertain
hard,15,10,9,24,,loss,False,False,A-2-10-2,1,0,0.0,0.0,0.0,0.0,0.0,0.0,0.0,0.0,0.0,uncertain
hard,15,10,9,24,,loss,False,False,A-5-9,1,0,0.0,0.0,0.0,0.0,0.0,0.0,0.0,0.0,0.0,uncertain
hard,15,10,9,24,,loss,False,False,2-5-7-A,1,0,0.0,0.0,0.0,0.0,0.0,0.0,0.0,0.0,0.0,uncertain
hard,15,10,9,24,,loss,False,False,7-7-A,1,0,0.0,0.0,0.0,0.0,0.0,0.0,0.0,0.0,0.0,uncertain
hard,15,10,9,24,,loss,False,False,6-7-2,6,0,0.0,0.0,0.0,0.0,0.0,0.0,0.0,0.0,0.0,uncertain
hard,15,10,9,24,,loss,False,False,7-A-5-2,1,0,0.0,0.0,0.0,0.0,0.0,0.0,0.0,0.0,0.0,uncertain
hard,15,10,9,24,,loss,True,False,8-7,2,0,0.0,0.0,0.0,0.0,0.0,0.0,0.0,0.0,0.0,uncertain
hard,15,10,9,24,,loss,False,False,2-2-10-A,1,0,0.0,0.0,0.0,0.0,0.0,0.0,0.0,0.0,0.0,uncertain
hard,15,10,9,24,,loss,False,False,4-10-A,4,0,0.0,0.0,0.0,0.0,0.0,0.0,0.0,0.0,0.0,uncertain
hard,15,10,9,24,,loss,False,False,7-A-7,2,0,0.0,0.0,0.0,0.0,0.0,0.0,0.0,0.0,0.0,uncertain
hard,15,10,9,24,,loss,False,False,5-5-5,1,0,0.0,0.0,0.0,0.0,0.0,0.0,0.0,0.0,0.0,uncertain
hard,15,10,9,24,,loss,False,False,3-2-10,5,0,0.0,0.0,0.0,0.0,0.0,0.0,0.0,0.0,0.0,uncertain
hard,15,10,9,24,,loss,False,False,9-3-3,1,0,0.0,0.0,0.0,0.0,0.0,0.0,0.0,0.0,0.0,uncertain
hard,15,10,9,24,,loss,False,False,5-9-A,1,0,0.0,0.0,0.0,0.0,0.0,0.0,0.0,0.0,0.0,uncertain
hard,15,10,9,24,,loss,False,False,2-3-10,4,0,0.0,0.0,0.0,0.0,0.0,0.0,0.0,0.0,0.0,uncertain
hard,15,10,9,24,,loss,False,False,2-3-2-4-4,1,0,0.0,0.0,0.0,0.0,0.0,0.0,0.0,0.0,0.0,uncertain
hard,15,10,9,24,,loss,False,False,2-4-9,2,0,0.0,0.0,0.0,0.0,0.0,0.0,0.0,0.0,0.0,uncertain
hard,15,10,9,24,,loss,False,False,2-2-8-3,1,0,0.0,0.0,0.0,0.0,0.0,0.0,0.0,0.0,0.0,uncertain
hard,15,10,9,24,,loss,False,False,2-4-2-3-4,1,0,0.0,0.0,0.0,0.0,0.0,0.0,0.0,0.0,0.0,uncertain
hard,15,10,9,24,,loss,False,False,9-4-2,1,0,0.0,0.0,0.0,0.0,0.0,0.0,0.0,0.0,0.0,uncertain
hard,15,10,9,24,,loss,False,False,A-3-9-2,1,0,0.0,0.0,0.0,0.0,0.0,0.0,0.0,0.0,0.0,uncertain
hard,15,10,9,24,,loss,False,False,3-10-A-A,1,0,0.0,0.0,0.0,0.0,0.0,0.0,0.0,0.0,0.0,uncertain
hard,15,10,9,24,,loss,False,False,6-6-3,2,0,0.0,0.0,0.0,0.0,0.0,0.0,0.0,0.0,0.0,uncertain
hard,15,10,9,24,,loss,False,False,3-2-A-7-2,1,0,0.0,0.0,0.0,0.0,0.0,0.0,0.0,0.0,0.0,uncertain
hard,15,10,9,24,,loss,False,False,2-8-5,2,0,0.0,0.0,0.0,0.0,0.0,0.0,0.0,0.0,0.0,uncertain
hard,15,10,9,24,,loss,False,False,2-6-7,2,0,0.0,0.0,0.0,0.0,0.0,0.0,0.0,0.0,0.0,uncertain
hard,15,10,9,24,,loss,False,False,5-3-2-5,1,0,0.0,0.0,0.0,0.0,0.0,0.0,0.0,0.0,0.0,uncertain
hard,15,10,9,24,,loss,False,False,8-2-5,1,0,0.0,0.0,0.0,0.0,0.0,0.0,0.0,0.0,0.0,uncertain
hard,15,10,9,24,,loss,False,False,5-4-2-A-3,1,0,0.0,0.0,0.0,0.0,0.0,0.0,0.0,0.0,0.0,uncertain
hard,15,10,9,24,,loss,False,False,9-5-A,1,0,0.0,0.0,0.0,0.0,0.0,0.0,0.0,0.0,0.0,uncertain
hard,15,10,9,24,,loss,False,False,3-10-2,2,0,0.0,0.0,0.0,0.0,0.0,0.0,0.0,0.0,0.0,uncertain
hard,15,10,9,24,,loss,False,False,8-4-3,4,0,0.0,0.0,0.0,0.0,0.0,0.0,0.0,0.0,0.0,uncertain
hard,15,10,9,24,,loss,False,False,4-8-3,2,0,0.0,0.0,0.0,0.0,0.0,0.0,0.0,0.0,0.0,uncertain
hard,15,10,9,24,,loss,False,False,2-A-5-7,1,0,0.0,0.0,0.0,0.0,0.0,0.0,0.0,0.0,0.0,uncertain
hard,15,10,9,24,,loss,False,False,2-7-6,1,0,0.0,0.0,0.0,0.0,0.0,0.0,0.0,0.0,0.0,uncertain
hard,15,10,9,24,,loss,False,False,5-3-7,1,0,0.0,0.0,0.0,0.0,0.0,0.0,0.0,0.0,0.0,uncertain
hard,15,10,9,24,,loss,False,False,6-3-6,1,0,0.0,0.0,0.0,0.0,0.0,0.0,0.0,0.0,0.0,uncertain
hard,15,10,9,24,,loss,False,False,3-2-6-2-2,1,0,0.0,0.0,0.0,0.0,0.0,0.0,0.0,0.0,0.0,uncertain
hard,15,10,9,24,,loss,False,False,5-A-9,1,0,0.0,0.0,0.0,0.0,0.0,0.0,0.0,0.0,0.0,uncertain
hard,15,10,9,24,,loss,False,False,2-10-A-2,1,0,0.0,0.0,0.0,0.0,0.0,0.0,0.0,0.0,0.0,uncertain
hard,15,10,9,24,,loss,False,False,2-5-8,1,0,0.0,0.0,0.0,0.0,0.0,0.0,0.0,0.0,0.0,uncertain
hard,15,10,9,24,,loss,False,False,3-2-A-9,1,0,0.0,0.0,0.0,0.0,0.0,0.0,0.0,0.0,0.0,uncertain
hard,15,10,9,24,,loss,False,False,A-5-8-A,1,0,0.0,0.0,0.0,0.0,0.0,0.0,0.0,0.0,0.0,uncertain
hard,15,10,9,24,,loss,False,False,7-3-5,1,0,0.0,0.0,0.0,0.0,0.0,0.0,0.0,0.0,0.0,uncertain
hard,15,10,9,24,,loss,False,False,4-6-5,1,0,0.0,0.0,0.0,0.0,0.0,0.0,0.0,0.0,0.0,uncertain
hard,15,10,9,24,,loss,False,False,7-5-3,2,0,0.0,0.0,0.0,0.0,0.0,0.0,0.0,0.0,0.0,uncertain
hard,15,10,9,24,,loss,False,False,3-A-A-10,1,0,0.0,0.0,0.0,0.0,0.0,0.0,0.0,0.0,0.0,uncertain
hard,15,10,9,24,,loss,False,False,5-3-4-3,1,0,0.0,0.0,0.0,0.0,0.0,0.0,0.0,0.0,0.0,uncertain
hard,15,10,9,24,,loss,False,False,3-2-6-4,1,0,0.0,0.0,0.0,0.0,0.0,0.0,0.0,0.0,0.0,uncertain
hard,15,10,9,24,,loss,False,False,6-2-7,1,0,0.0,0.0,0.0,0.0,0.0,0.0,0.0,0.0,0.0,uncertain
hard,15,10,9,24,,loss,False,False,4-4-2-5,1,0,0.0,0.0,0.0,0.0,0.0,0.0,0.0,0.0,0.0,uncertain
hard,15,10,9,24,,loss,False,False,5-2-7-A,1,0,0.0,0.0,0.0,0.0,0.0,0.0,0.0,0.0,0.0,uncertain
hard,15,10,9,24,,loss,False,False,8-6-A,1,0,0.0,0.0,0.0,0.0,0.0,0.0,0.0,0.0,0.0,uncertain
hard,15,10,9,24,,loss,False,False,4-A-10,1,0,0.0,0.0,0.0,0.0,0.0,0.0,0.0,0.0,0.0,uncertain
hard,15,10,9,24,,loss,False,False,2-6-6-A,1,0,0.0,0.0,0.0,0.0,0.0,0.0,0.0,0.0,0.0,uncertain
hard,15,10,9,24,,loss,False,False,A-6-8,1,0,0.0,0.0,0.0,0.0,0.0,0.0,0.0,0.0,0.0,uncertain
hard,15,10,10,25,,loss,False,False,9-6,46,0,0.0,0.0,0.0,0.0,0.0,0.0,0.0,0.0,0.0,uncertain
hard,15,10,10,25,,loss,False,False,10-5,213,0,0.0,0.0,0.0,0.0,0.0,0.0,0.0,0.0,0.0,uncertain
hard,15,10,10,25,,loss,False,False,4-A-10,18,0,0.0,0.0,0.0,0.0,0.0,0.0,0.0,0.0,0.0,uncertain
hard,15,10,10,25,,loss,False,False,4-10-A,15,0,0.0,0.0,0.0,0.0,0.0,0.0,0.0,0.0,0.0,uncertain
hard,15,10,10,25,,loss,False,False,3-4-3-5,1,0,0.0,0.0,0.0,0.0,0.0,0.0,0.0,0.0,0.0,uncertain
hard,15,10,10,25,,loss,False,False,6-9,43,0,0.0,0.0,0.0,0.0,0.0,0.0,0.0,0.0,0.0,uncertain
hard,15,10,10,25,,loss,False,False,5-10,215,0,0.0,0.0,0.0,0.0,0.0,0.0,0.0,0.0,0.0,uncertain
hard,15,10,10,25,,loss,False,False,8-7,47,0,0.0,0.0,0.0,0.0,0.0,0.0,0.0,0.0,0.0,uncertain
hard,15,10,10,25,,loss,False,False,4-8-3,4,0,0.0,0.0,0.0,0.0,0.0,0.0,0.0,0.0,0.0,uncertain
hard,15,10,10,25,,loss,False,False,8-4-3,4,0,0.0,0.0,0.0,0.0,0.0,0.0,0.0,0.0,0.0,uncertain
hard,15,10,10,25,,loss,False,False,10-3-2,19,0,0.0,0.0,0.0,0.0,0.0,0.0,0.0,0.0,0.0,uncertain
hard,15,10,10,25,,loss,False,False,2-4-3-5-A,1,0,0.0,0.0,0.0,0.0,0.0,0.0,0.0,0.0,0.0,uncertain
hard,15,10,10,25,,loss,False,False,5-7-3,5,0,0.0,0.0,0.0,0.0,0.0,0.0,0.0,0.0,0.0,uncertain
hard,15,10,10,25,,loss,False,False,6-4-5,4,0,0.0,0.0,0.0,0.0,0.0,0.0,0.0,0.0,0.0,uncertain
hard,15,10,10,25,,loss,False,False,3-A-4-7,2,0,0.0,0.0,0.0,0.0,0.0,0.0,0.0,0.0,0.0,uncertain
hard,15,10,10,25,,loss,False,False,7-6-2,4,0,0.0,0.0,0.0,0.0,0.0,0.0,0.0,0.0,0.0,uncertain
hard,15,10,10,25,,loss,False,False,3-7-3-2,1,0,0.0,0.0,0.0,0.0,0.0,0.0,0.0,0.0,0.0,uncertain
hard,15,10,10,25,,loss,False,False,3-10-2,19,0,0.0,0.0,0.0,0.0,0.0,0.0,0.0,0.0,0.0,uncertain
hard,15,10,10,25,,loss,False,False,8-5-2,5,0,0.0,0.0,0.0,0.0,0.0,0.0,0.0,0.0,0.0,uncertain
hard,15,10,10,25,,loss,False,False,5-8-2,4,0,0.0,0.0,0.0,0.0,0.0,0.0,0.0,0.0,0.0,uncertain
hard,15,10,10,25,,loss,False,False,7-8,57,0,0.0,0.0,0.0,0.0,0.0,0.0,0.0,0.0,0.0,uncertain
hard,15,10,10,25,,loss,False,False,2-10-3,17,0,0.0,0.0,0.0,0.0,0.0,0.0,0.0,0.0,0.0,uncertain
hard,15,10,10,25,,loss,False,False,4-4-7,6,0,0.0,0.0,0.0,0.0,0.0,0.0,0.0,0.0,0.0,uncertain
hard,15,10,10,25,,loss,False,False,4-2-2-3-4,1,0,0.0,0.0,0.0,0.0,0.0,0.0,0.0,0.0,0.0,uncertain
hard,15,10,10,25,,loss,False,False,2-5-8,5,0,0.0,0.0,0.0,0.0,0.0,0.0,0.0,0.0,0.0,uncertain
hard,15,10,10,25,,loss,False,False,4-3-A-7,1,0,0.0,0.0,0.0,0.0,0.0,0.0,0.0,0.0,0.0,uncertain
hard,15,10,10,25,,loss,False,False,10-4-A,13,0,0.0,0.0,0.0,0.0,0.0,0.0,0.0,0.0,0.0,uncertain
hard,15,10,10,25,,loss,False,False,3-5-7,6,0,0.0,0.0,0.0,0.0,0.0,0.0,0.0,0.0,0.0,uncertain
hard,15,10,10,25,,loss,False,False,3-2-10,25,0,0.0,0.0,0.0,0.0,0.0,0.0,0.0,0.0,0.0,uncertain
hard,15,10,10,25,,loss,False,False,2-3-10,15,0,0.0,0.0,0.0,0.0,0.0,0.0,0.0,0.0,0.0,uncertain
hard,15,10,10,25,,loss,False,False,10-2-3,15,0,0.0,0.0,0.0,0.0,0.0,0.0,0.0,0.0,0.0,uncertain
hard,15,10,10,25,,loss,False,False,A-3-10-A,3,0,0.0,0.0,0.0,0.0,0.0,0.0,0.0,0.0,0.0,uncertain
hard,15,10,10,25,,loss,False,False,6-7-2,9,0,0.0,0.0,0.0,0.0,0.0,0.0,0.0,0.0,0.0,uncertain
hard,15,10,10,25,,loss,False,False,A-4-10,11,0,0.0,0.0,0.0,0.0,0.0,0.0,0.0,0.0,0.0,uncertain
hard,15,10,10,25,,loss,False,False,A-6-8,6,0,0.0,0.0,0.0,0.0,0.0,0.0,0.0,0.0,0.0,uncertain
hard,15,10,10,25,,loss,False,False,7-A-5-2,2,0,0.0,0.0,0.0,0.0,0.0,0.0,0.0,0.0,0.0,uncertain
hard,15,10,10,25,,loss,False,False,6-A-8,1,0,0.0,0.0,0.0,0.0,0.0,0.0,0.0,0.0,0.0,uncertain
hard,15,10,10,25,,loss,False,False,5-3-3-4,1,0,0.0,0.0,0.0,0.0,0.0,0.0,0.0,0.0,0.0,uncertain
hard,15,10,10,25,,loss,False,False,10-2-2-A,1,0,0.0,0.0,0.0,0.0,0.0,0.0,0.0,0.0,0.0,uncertain
hard,15,10,10,25,,loss,False,False,5-5-5,7,0,0.0,0.0,0.0,0.0,0.0,0.0,0.0,0.0,0.0,uncertain
hard,15,10,10,25,,loss,False,False,3-4-8,6,0,0.0,0.0,0.0,0.0,0.0,0.0,0.0,0.0,0.0,uncertain
hard,15,10,10,25,,loss,False,False,5-4-6,4,0,0.0,0.0,0.0,0.0,0.0,0.0,0.0,0.0,0.0,uncertain
hard,15,10,10,25,,loss,False,False,4-9-2,3,0,0.0,0.0,0.0,0.0,0.0,0.0,0.0,0.0,0.0,uncertain
hard,15,10,10,25,,loss,False,False,9-5-A,4,0,0.0,0.0,0.0,0.0,0.0,0.0,0.0,0.0,0.0,uncertain
hard,15,10,10,25,,loss,False,False,6-7-A-A,1,0,0.0,0.0,0.0,0.0,0.0,0.0,0.0,0.0,0.0,uncertain
hard,15,10,10,25,,loss,False,False,7-6-A-A,2,0,0.0,0.0,0.0,0.0,0.0,0.0,0.0,0.0,0.0,uncertain
hard,15,10,10,25,,loss,False,False,2-A-5-7,1,0,0.0,0.0,0.0,0.0,0.0,0.0,0.0,0.0,0.0,uncertain
hard,15,10,10,25,,loss,False,False,3-A-8-3,1,0,0.0,0.0,0.0,0.0,0.0,0.0,0.0,0.0,0.0,uncertain
hard,15,10,10,25,,loss,False,False,2-5-3-2-3,1,0,0.0,0.0,0.0,0.0,0.0,0.0,0.0,0.0,0.0,uncertain
hard,15,10,10,25,,loss,False,False,8-4-A-2,1,0,0.0,0.0,0.0,0.0,0.0,0.0,0.0,0.0,0.0,uncertain
hard,15,10,10,25,,loss,False,False,3-2-2-A-4-A-2,1,0,0.0,0.0,0.0,0.0,0.0,0.0,0.0,0.0,0.0,uncertain
hard,15,10,10,25,,loss,False,False,2-5-6-2,2,0,0.0,0.0,0.0,0.0,0.0,0.0,0.0,0.0,0.0,uncertain
hard,15,10,10,25,,loss,False,False,2-3-4-6,1,0,0.0,0.0,0.0,0.0,0.0,0.0,0.0,0.0,0.0,uncertain
hard,15,10,10,25,,loss,False,False,7-3-5,4,0,0.0,0.0,0.0,0.0,0.0,0.0,0.0,0.0,0.0,uncertain
hard,15,10,10,25,,loss,True,False,8-7,5,0,0.0,0.0,0.0,0.0,0.0,0.0,0.0,0.0,0.0,uncertain
hard,15,10,10,25,,loss,False,False,10-2-A-2,1,0,0.0,0.0,0.0,0.0,0.0,0.0,0.0,0.0,0.0,uncertain
hard,15,10,10,25,,loss,False,False,6-8-A,6,0,0.0,0.0,0.0,0.0,0.0,0.0,0.0,0.0,0.0,uncertain
hard,15,10,10,25,,loss,False,False,4-2-7-2,1,0,0.0,0.0,0.0,0.0,0.0,0.0,0.0,0.0,0.0,uncertain
hard,15,10,10,25,,loss,False,False,6-2-2-5,1,0,0.0,0.0,0.0,0.0,0.0,0.0,0.0,0.0,0.0,uncertain
hard,15,10,10,25,,loss,False,False,4-8-2-A,1,0,0.0,0.0,0.0,0.0,0.0,0.0,0.0,0.0,0.0,uncertain
hard,15,10,10,25,,loss,False,False,3-6-5-A,1,0,0.0,0.0,0.0,0.0,0.0,0.0,0.0,0.0,0.0,uncertain
hard,15,10,10,25,,loss,False,False,6-3-6,9,0,0.0,0.0,0.0,0.0,0.0,0.0,0.0,0.0,0.0,uncertain
hard,15,10,10,25,,loss,False,False,9-3-3,5,0,0.0,0.0,0.0,0.0,0.0,0.0,0.0,0.0,0.0,uncertain
hard,15,10,10,25,,loss,False,False,4-5-6,4,0,0.0,0.0,0.0,0.0,0.0,0.0,0.0,0.0,0.0,uncertain
hard,15,10,10,25,,loss,False,False,4-A-2-8,2,0,0.0,0.0,0.0,0.0,0.0,0.0,0.0,0.0,0.0,uncertain
hard,15,10,10,25,,loss,False,False,6-6-3,3,0,0.0,0.0,0.0,0.0,0.0,0.0,0.0,0.0,0.0,uncertain
hard,15,10,10,25,,loss,False,False,3-3-A-8,1,0,0.0,0.0,0.0,0.0,0.0,0.0,0.0,0.0,0.0,uncertain
hard,15,10,10,25,,loss,False,False,2-3-9-A,1,0,0.0,0.0,0.0,0.0,0.0,0.0,0.0,0.0,0.0,uncertain
hard,15,10,10,25,,loss,False,False,4-3-5-3,1,0,0.0,0.0,0.0,0.0,0.0,0.0,0.0,0.0,0.0,uncertain
hard,15,10,10,25,,loss,False,False,3-3-3-6,2,0,0.0,0.0,0.0,0.0,0.0,0.0,0.0,0.0,0.0,uncertain
hard,15,10,10,25,,loss,False,False,5-2-5-3,1,0,0.0,0.0,0.0,0.0,0.0,0.0,0.0,0.0,0.0,uncertain
hard,15,10,10,25,,loss,False,False,2-A-3-7-2,1,0,0.0,0.0,0.0,0.0,0.0,0.0,0.0,0.0,0.0,uncertain
hard,15,10,10,25,,loss,False,False,5-7-A-2,1,0,0.0,0.0,0.0,0.0,0.0,0.0,0.0,0.0,0.0,uncertain
hard,15,10,10,25,,loss,False,False,2-7-6,2,0,0.0,0.0,0.0,0.0,0.0,0.0,0.0,0.0,0.0,uncertain
hard,15,10,10,25,,loss,False,False,9-4-2,2,0,0.0,0.0,0.0,0.0,0.0,0.0,0.0,0.0,0.0,uncertain
hard,15,10,10,25,,loss,False,False,7-A-6-A,1,0,0.0,0.0,0.0,0.0,0.0,0.0,0.0,0.0,0.0,uncertain
hard,15,10,10,25,,loss,False,False,A-7-7,5,0,0.0,0.0,0.0,0.0,0.0,0.0,0.0,0.0,0.0,uncertain
hard,15,10,10,25,,loss,False,False,A-7-6-A,1,0,0.0,0.0,0.0,0.0,0.0,0.0,0.0,0.0,0.0,uncertain
hard,15,10,10,25,,loss,False,False,5-4-3-2-A,1,0,0.0,0.0,0.0,0.0,0.0,0.0,0.0,0.0,0.0,uncertain
hard,15,10,10,25,,loss,False,False,3-2-3-7,1,0,0.0,0.0,0.0,0.0,0.0,0.0,0.0,0.0,0.0,uncertain
hard,15,10,10,25,,loss,False,False,4-2-9,5,0,0.0,0.0,0.0,0.0,0.0,0.0,0.0,0.0,0.0,uncertain
hard,15,10,10,25,,loss,False,False,8-2-5,5,0,0.0,0.0,0.0,0.0,0.0,0.0,0.0,0.0,0.0,uncertain
hard,15,10,10,25,,loss,False,False,8-2-3-2,1,0,0.0,0.0,0.0,0.0,0.0,0.0,0.0,0.0,0.0,uncertain
hard,15,10,10,25,,loss,False,False,4-4-4-3,1,0,0.0,0.0,0.0,0.0,0.0,0.0,0.0,0.0,0.0,uncertain
hard,15,10,10,25,,loss,False,False,A-3-8-3,2,0,0.0,0.0,0.0,0.0,0.0,0.0,0.0,0.0,0.0,uncertain
hard,15,10,10,25,,loss,False,False,A-6-A-5-2,1,0,0.0,0.0,0.0,0.0,0.0,0.0,0.0,0.0,0.0,uncertain
hard,15,10,10,25,,loss,False,False,2-A-10-2,2,0,0.0,0.0,0.0,0.0,0.0,0.0,0.0,0.0,0.0,uncertain
hard,15,10,10,25,,loss,False,False,8-6-A,6,0,0.0,0.0,0.0,0.0,0.0,0.0,0.0,0.0,0.0,uncertain
hard,15,10,10,25,,loss,False,False,5-3-7,6,0,0.0,0.0,0.0,0.0,0.0,0.0,0.0,0.0,0.0,uncertain
hard,15,10,10,25,,loss,False,False,4-6-3-2,1,0,0.0,0.0,0.0,0.0,0.0,0.0,0.0,0.0,0.0,uncertain
hard,15,10,10,25,,loss,False,False,5-9-A,4,0,0.0,0.0,0.0,0.0,0.0,0.0,0.0,0.0,0.0,uncertain
hard,15,10,10,25,,loss,False,False,A-5-8-A,1,0,0.0,0.0,0.0,0.0,0.0,0.0,0.0,0.0,0.0,uncertain
hard,15,10,10,25,,loss,False,False,3-7-5,2,0,0.0,0.0,0.0,0.0,0.0,0.0,0.0,0.0,0.0,uncertain
hard,15,10,10,25,,loss,False,False,5-2-8,2,0,0.0,0.0,0.0,0.0,0.0,0.0,0.0,0.0,0.0,uncertain
hard,15,10,10,25,,loss,False,False,2-5-4-4,2,0,0.0,0.0,0.0,0.0,0.0,0.0,0.0,0.0,0.0,uncertain
hard,15,10,10,25,,loss,False,False,3-3-9,4,0,0.0,0.0,0.0,0.0,0.0,0.0,0.0,0.0,0.0,uncertain
hard,15,10,10,25,,loss,False,False,7-2-6,3,0,0.0,0.0,0.0,0.0,0.0,0.0,0.0,0.0,0.0,uncertain
hard,15,10,10,25,,loss,False,False,6-4-3-2,2,0,0.0,0.0,0.0,0.0,0.0,0.0,0.0,0.0,0.0,uncertain
hard,15,10,10,25,,loss,False,False,3-9-3,7,0,0.0,0.0,0.0,0.0,0.0,0.0,0.0,0.0,0.0,uncertain
hard,15,10,10,25,,loss,False,False,4-3-8,3,0,0.0,0.0,0.0,0.0,0.0,0.0,0.0,0.0,0.0,uncertain
hard,15,10,10,25,,loss,False,False,A-2-10-2,1,0,0.0,0.0,0.0,0.0,0.0,0.0,0.0,0.0,0.0,uncertain
hard,15,10,10,25,,loss,False,False,2-10-2-A,2,0,0.0,0.0,0.0,0.0,0.0,0.0,0.0,0.0,0.0,uncertain
hard,15,10,10,25,,loss,True,False,8-6-A,1,0,0.0,0.0,0.0,0.0,0.0,0.0,0.0,0.0,0.0,uncertain
hard,15,10,10,25,,loss,False,False,4-6-5,4,0,0.0,0.0,0.0,0.0,0.0,0.0,0.0,0.0,0.0,uncertain
hard,15,10,10,25,,loss,False,False,7-7-A,2,0,0.0,0.0,0.0,0.0,0.0,0.0,0.0,0.0,0.0,uncertain
hard,15,10,10,25,,loss,False,False,6-2-7,8,0,0.0,0.0,0.0,0.0,0.0,0.0,0.0,0.0,0.0,uncertain
hard,15,10,10,25,,loss,False,False,3-9-2-A,1,0,0.0,0.0,0.0,0.0,0.0,0.0,0.0,0.0,0.0,uncertain
hard,15,10,10,25,,loss,False,False,5-A-9,2,0,0.0,0.0,0.0,0.0,0.0,0.0,0.0,0.0,0.0,uncertain
hard,15,10,10,25,,loss,False,False,A-5-9,3,0,0.0,0.0,0.0,0.0,0.0,0.0,0.0,0.0,0.0,uncertain
hard,15,10,10,25,,loss,False,False,7-3-3-A-A,1,0,0.0,0.0,0.0,0.0,0.0,0.0,0.0,0.0,0.0,uncertain
hard,15,10,10,25,,loss,False,False,7-2-2-4,1,0,0.0,0.0,0.0,0.0,0.0,0.0,0.0,0.0,0.0,uncertain
hard,15,10,10,25,,loss,False,False,10-3-A-A,1,0,0.0,0.0,0.0,0.0,0.0,0.0,0.0,0.0,0.0,uncertain
hard,15,10,10,25,,loss,False,False,2-5-A-7,1,0,0.0,0.0,0.0,0.0,0.0,0.0,0.0,0.0,0.0,uncertain
hard,15,10,10,25,,loss,False,False,2-8-5,1,0,0.0,0.0,0.0,0.0,0.0,0.0,0.0,0.0,0.0,uncertain
hard,15,10,10,25,,loss,False,False,2-4-9,3,0,0.0,0.0,0.0,0.0,0.0,0.0,0.0,0.0,0.0,uncertain
hard,15,10,10,25,,loss,False,False,7-A-4-3,1,0,0.0,0.0,0.0,0.0,0.0,0.0,0.0,0.0,0.0,uncertain
hard,15,10,10,25,,loss,False,False,2-4-3-6,1,0,0.0,0.0,0.0,0.0,0.0,0.0,0.0,0.0,0.0,uncertain
hard,15,10,10,25,,loss,False,False,2-2-A-10,1,0,0.0,0.0,0.0,0.0,0.0,0.0,0.0,0.0,0.0,uncertain
hard,15,10,10,25,,loss,False,False,3-6-6,2,0,0.0,0.0,0.0,0.0,0.0,0.0,0.0,0.0,0.0,uncertain
hard,15,10,10,25,,loss,False,False,7-A-7,3,0,0.0,0.0,0.0,0.0,0.0,0.0,0.0,0.0,0.0,uncertain
hard,15,10,10,25,,loss,False,False,A-5-A-8,1,0,0.0,0.0,0.0,0.0,0.0,0.0,0.0,0.0,0.0,uncertain
hard,15,10,10,25,,loss,False,False,5-2-7-A,2,0,0.0,0.0,0.0,0.0,0.0,0.0,0.0,0.0,0.0,uncertain
hard,15,10,10,25,,loss,False,False,A-5-6-3,1,0,0.0,0.0,0.0,0.0,0.0,0.0,0.0,0.0,0.0,uncertain
hard,15,10,10,25,,loss,False,False,2-6-2-5,1,0,0.0,0.0,0.0,0.0,0.0,0.0,0.0,0.0,0.0,uncertain
hard,15,10,10,25,,loss,False,False,2-A-2-10,2,0,0.0,0.0,0.0,0.0,0.0,0.0,0.0,0.0,0.0,uncertain
hard,15,10,10,25,,loss,False,False,3-A-10-A,2,0,0.0,0.0,0.0,0.0,0.0,0.0,0.0,0.0,0.0,uncertain
hard,15,10,10,25,,loss,False,False,3-5-2-5,1,0,0.0,0.0,0.0,0.0,0.0,0.0,0.0,0.0,0.0,uncertain
hard,15,10,10,25,,loss,False,False,2-10-A-2,1,0,0.0,0.0,0.0,0.0,0.0,0.0,0.0,0.0,0.0,uncertain
hard,15,10,10,25,,loss,False,False,2-6-7,1,0,0.0,0.0,0.0,0.0,0.0,0.0,0.0,0.0,0.0,uncertain
hard,15,10,10,25,,loss,False,False,3-4-2-6,1,0,0.0,0.0,0.0,0.0,0.0,0.0,0.0,0.0,0.0,uncertain
hard,15,10,10,25,,loss,False,False,A-4-3-7,1,0,0.0,0.0,0.0,0.0,0.0,0.0,0.0,0.0,0.0,uncertain
hard,15,10,10,25,,loss,False,False,4-3-4-4,1,0,0.0,0.0,0.0,0.0,0.0,0.0,0.0,0.0,0.0,uncertain
hard,15,10,10,25,,loss,False,False,6-6-A-2,1,0,0.0,0.0,0.0,0.0,0.0,0.0,0.0,0.0,0.0,uncertain
hard,15,10,10,25,,loss,False,False,2-2-4-7,1,0,0.0,0.0,0.0,0.0,0.0,0.0,0.0,0.0,0.0,uncertain
hard,15,10,10,25,,loss,False,False,3-2-2-2-5-A,1,0,0.0,0.0,0.0,0.0,0.0,0.0,0.0,0.0,0.0,uncertain
hard,15,10,10,25,,loss,False,False,6-4-4-A,1,0,0.0,0.0,0.0,0.0,0.0,0.0,0.0,0.0,0.0,uncertain
hard,15,10,10,25,,loss,False,False,2-8-4-A,1,0,0.0,0.0,0.0,0.0,0.0,0.0,0.0,0.0,0.0,uncertain
hard,15,10,10,25,,loss,False,False,A-4-3-6-A,1,0,0.0,0.0,0.0,0.0,0.0,0.0,0.0,0.0,0.0,uncertain
hard,15,10,10,25,,loss,False,False,3-2-2-8,1,0,0.0,0.0,0.0,0.0,0.0,0.0,0.0,0.0,0.0,uncertain
hard,15,10,10,25,,loss,False,False,6-3-5-A,1,0,0.0,0.0,0.0,0.0,0.0,0.0,0.0,0.0,0.0,uncertain
hard,15,10,10,25,,loss,False,False,3-6-2-4,1,0,0.0,0.0,0.0,0.0,0.0,0.0,0.0,0.0,0.0,uncertain
hard,15,10,10,25,,loss,False,False,3-10-A-A,1,0,0.0,0.0,0.0,0.0,0.0,0.0,0.0,0.0,0.0,uncertain
hard,15,10,10,25,,loss,False,False,4-2-A-8,1,0,0.0,0.0,0.0,0.0,0.0,0.0,0.0,0.0,0.0,uncertain
hard,15,10,10,25,,loss,False,False,3-7-4-A,1,0,0.0,0.0,0.0,0.0,0.0,0.0,0.0,0.0,0.0,uncertain
hard,15,10,10,25,,loss,False,False,4-3-6-A-A,1,0,0.0,0.0,0.0,0.0,0.0,0.0,0.0,0.0,0.0,uncertain
hard,15,10,10,25,,loss,False,False,3-4-7-A,1,0,0.0,0.0,0.0,0.0,0.0,0.0,0.0,0.0,0.0,uncertain
hard,15,10,10,25,,loss,False,False,4-4-3-4,1,0,0.0,0.0,0.0,0.0,0.0,0.0,0.0,0.0,0.0,uncertain
hard,15,10,10,25,,loss,False,False,A-2-A-2-7-2,1,0,0.0,0.0,0.0,0.0,0.0,0.0,0.0,0.0,0.0,uncertain
hard,15,10,10,25,,loss,False,False,5-3-6-A,1,0,0.0,0.0,0.0,0.0,0.0,0.0,0.0,0.0,0.0,uncertain
hard,15,7,7,22,,loss,False,False,6-9,4,0,0.0,0.0,0.0,0.0,0.0,0.0,0.0,0.0,0.0,uncertain
hard,15,7,7,22,,loss,False,False,6-2-7,1,0,0.0,0.0,0.0,0.0,0.0,0.0,0.0,0.0,0.0,uncertain
hard,15,7,7,22,,loss,False,False,A-5-A-6-2,1,0,0.0,0.0,0.0,0.0,0.0,0.0,0.0,0.0,0.0,uncertain
hard,15,7,7,22,,loss,False,False,5-10,11,0,0.0,0.0,0.0,0.0,0.0,0.0,0.0,0.0,0.0,uncertain
hard,15,7,7,22,,loss,False,False,10-5,11,0,0.0,0.0,0.0,0.0,0.0,0.0,0.0,0.0,0.0,uncertain
hard,15,7,7,22,,loss,False,False,5-3-7,1,0,0.0,0.0,0.0,0.0,0.0,0.0,0.0,0.0,0.0,uncertain
hard,15,7,7,22,,loss,False,False,10-3-2,3,0,0.0,0.0,0.0,0.0,0.0,0.0,0.0,0.0,0.0,uncertain
hard,15,7,7,22,,loss,False,False,2-3-5-5,2,0,0.0,0.0,0.0,0.0,0.0,0.0,0.0,0.0,0.0,uncertain
hard,15,7,7,22,,loss,True,False,2-10-3,1,0,0.0,0.0,0.0,0.0,0.0,0.0,0.0,0.0,0.0,uncertain
hard,15,7,7,22,,loss,False,False,10-2-A-2,1,0,0.0,0.0,0.0,0.0,0.0,0.0,0.0,0.0,0.0,uncertain
hard,15,7,7,22,,loss,False,False,3-2-10,1,0,0.0,0.0,0.0,0.0,0.0,0.0,0.0,0.0,0.0,uncertain
hard,15,7,7,22,,loss,False,False,6-8-A,1,0,0.0,0.0,0.0,0.0,0.0,0.0,0.0,0.0,0.0,uncertain
hard,15,7,7,22,,loss,False,False,7-8,3,0,0.0,0.0,0.0,0.0,0.0,0.0,0.0,0.0,0.0,uncertain
hard,15,7,7,22,,loss,False,False,9-6,3,0,0.0,0.0,0.0,0.0,0.0,0.0,0.0,0.0,0.0,uncertain
hard,15,7,7,22,,loss,False,False,4-4-3-4,1,0,0.0,0.0,0.0,0.0,0.0,0.0,0.0,0.0,0.0,uncertain
hard,15,7,7,22,,loss,False,False,8-7,2,0,0.0,0.0,0.0,0.0,0.0,0.0,0.0,0.0,0.0,uncertain
hard,15,7,7,22,,loss,False,False,2-3-10,2,0,0.0,0.0,0.0,0.0,0.0,0.0,0.0,0.0,0.0,uncertain
hard,15,7,7,22,,loss,False,False,4-3-8,1,0,0.0,0.0,0.0,0.0,0.0,0.0,0.0,0.0,0.0,uncertain
hard,15,7,7,22,,loss,False,False,7-2-6,1,0,0.0,0.0,0.0,0.0,0.0,0.0,0.0,0.0,0.0,uncertain
hard,15,7,7,22,,loss,False,False,6-7-2,1,0,0.0,0.0,0.0,0.0,0.0,0.0,0.0,0.0,0.0,uncertain
hard,15,7,7,22,,loss,False,False,5-8-2,2,0,0.0,0.0,0.0,0.0,0.0,0.0,0.0,0.0,0.0,uncertain
hard,15,7,7,22,,loss,False,False,A-4-10,1,0,0.0,0.0,0.0,0.0,0.0,0.0,0.0,0.0,0.0,uncertain
hard,15,7,7,22,,loss,False,False,10-4-A,1,0,0.0,0.0,0.0,0.0,0.0,0.0,0.0,0.0,0.0,uncertain
hard,15,7,7,22,,loss,False,False,8-4-3,1,0,0.0,0.0,0.0,0.0,0.0,0.0,0.0,0.0,0.0,uncertain
hard,15,7,7,22,,loss,False,False,A-2-9-3,1,0,0.0,0.0,0.0,0.0,0.0,0.0,0.0,0.0,0.0,uncertain
hard,15,7,7,22,,loss,False,False,9-5-A,1,0,0.0,0.0,0.0,0.0,0.0,0.0,0.0,0.0,0.0,uncertain
hard,15,7,7,22,,loss,False,False,3-10-2,1,0,0.0,0.0,0.0,0.0,0.0,0.0,0.0,0.0,0.0,uncertain
hard,15,7,7,22,,loss,True,False,7-8,1,0,0.0,0.0,0.0,0.0,0.0,0.0,0.0,0.0,0.0,uncertain
hard,15,7,7,22,,loss,False,False,6-6-3,1,0,0.0,0.0,0.0,0.0,0.0,0.0,0.0,0.0,0.0,uncertain
hard,15,7,7,22,,loss,False,False,10-2-3,1,0,0.0,0.0,0.0,0.0,0.0,0.0,0.0,0.0,0.0,uncertain
hard,15,7,7,22,,loss,True,False,3-5-7,1,0,0.0,0.0,0.0,0.0,0.0,0.0,0.0,0.0,0.0,uncertain
hard,15,7,7,22,,loss,False,False,A-6-8,1,0,0.0,0.0,0.0,0.0,0.0,0.0,0.0,0.0,0.0,uncertain
hard,15,7,7,22,,loss,True,False,2-A-2-10,1,0,0.0,0.0,0.0,0.0,0.0,0.0,0.0,0.0,0.0,uncertain
hard,15,7,7,22,,loss,False,False,2-7-3-3,1,0,0.0,0.0,0.0,0.0,0.0,0.0,0.0,0.0,0.0,uncertain
hard,15,7,7,22,,loss,False,False,2-10-3,1,0,0.0,0.0,0.0,0.0,0.0,0.0,0.0,0.0,0.0,uncertain
hard,15,7,8,23,,loss,True,False,3-10-2,1,0,0.0,0.0,0.0,0.0,0.0,0.0,0.0,0.0,0.0,uncertain
hard,15,7,8,23,,loss,False,False,7-8,7,0,0.0,0.0,0.0,0.0,0.0,0.0,0.0,0.0,0.0,uncertain
hard,15,7,8,23,,loss,False,False,10-5,11,0,0.0,0.0,0.0,0.0,0.0,0.0,0.0,0.0,0.0,uncertain
hard,15,7,8,23,,loss,False,False,5-10,10,0,0.0,0.0,0.0,0.0,0.0,0.0,0.0,0.0,0.0,uncertain
hard,15,7,8,23,,loss,False,False,6-9,6,0,0.0,0.0,0.0,0.0,0.0,0.0,0.0,0.0,0.0,uncertain
hard,15,7,8,23,,loss,False,False,8-7,6,0,0.0,0.0,0.0,0.0,0.0,0.0,0.0,0.0,0.0,uncertain
hard,15,7,8,23,,loss,False,False,A-4-9-A,1,0,0.0,0.0,0.0,0.0,0.0,0.0,0.0,0.0,0.0,uncertain
hard,15,7,8,23,,loss,False,False,9-6,5,0,0.0,0.0,0.0,0.0,0.0,0.0,0.0,0.0,0.0,uncertain
hard,15,7,8,23,,loss,False,False,10-3-2,4,0,0.0,0.0,0.0,0.0,0.0,0.0,0.0,0.0,0.0,uncertain
hard,15,7,8,23,,loss,False,False,9-3-2-A,1,0,0.0,0.0,0.0,0.0,0.0,0.0,0.0,0.0,0.0,uncertain
hard,15,7,8,23,,loss,False,False,2-10-3,3,0,0.0,0.0,0.0,0.0,0.0,0.0,0.0,0.0,0.0,uncertain
hard,15,7,8,23,,loss,False,False,9-3-3,1,0,0.0,0.0,0.0,0.0,0.0,0.0,0.0,0.0,0.0,uncertain
hard,15,7,8,23,,loss,False,False,3-10-2,1,0,0.0,0.0,0.0,0.0,0.0,0.0,0.0,0.0,0.0,uncertain
hard,15,7,8,23,,loss,True,False,7-8,2,0,0.0,0.0,0.0,0.0,0.0,0.0,0.0,0.0,0.0,uncertain
hard,15,7,8,23,,loss,False,False,A-5-9,2,0,0.0,0.0,0.0,0.0,0.0,0.0,0.0,0.0,0.0,uncertain
hard,15,7,8,23,,loss,False,False,10-4-A,1,0,0.0,0.0,0.0,0.0,0.0,0.0,0.0,0.0,0.0,uncertain
hard,15,7,8,23,,loss,False,False,5-9-A,1,0,0.0,0.0,0.0,0.0,0.0,0.0,0.0,0.0,0.0,uncertain
hard,15,7,8,23,,loss,False,False,A-6-7-A,1,0,0.0,0.0,0.0,0.0,0.0,0.0,0.0,0.0,0.0,uncertain
hard,15,7,8,23,,loss,False,False,2-3-6-3-A,1,0,0.0,0.0,0.0,0.0,0.0,0.0,0.0,0.0,0.0,uncertain
hard,15,7,8,23,,loss,False,False,2-3-10,2,0,0.0,0.0,0.0,0.0,0.0,0.0,0.0,0.0,0.0,uncertain
hard,15,7,8,23,,loss,False,False,3-A-A-10,1,0,0.0,0.0,0.0,0.0,0.0,0.0,0.0,0.0,0.0,uncertain
hard,15,7,8,23,,loss,False,False,A-4-10,2,0,0.0,0.0,0.0,0.0,0.0,0.0,0.0,0.0,0.0,uncertain
hard,15,7,8,23,,loss,False,False,10-3-A-A,1,0,0.0,0.0,0.0,0.0,0.0,0.0,0.0,0.0,0.0,uncertain
hard,15,7,8,23,,loss,False,False,3-9-3,1,0,0.0,0.0,0.0,0.0,0.0,0.0,0.0,0.0,0.0,uncertain
hard,15,7,8,23,,loss,False,False,2-7-6,1,0,0.0,0.0,0.0,0.0,0.0,0.0,0.0,0.0,0.0,uncertain
hard,15,7,8,23,,loss,False,False,2-5-8,1,0,0.0,0.0,0.0,0.0,0.0,0.0,0.0,0.0,0.0,uncertain
hard,15,7,8,23,,loss,True,False,3-5-7,1,0,0.0,0.0,0.0,0.0,0.0,0.0,0.0,0.0,0.0,uncertain
hard,15,7,8,23,,loss,True,False,8-7,1,0,0.0,0.0,0.0,0.0,0.0,0.0,0.0,0.0,0.0,uncertain
hard,15,7,8,23,,loss,False,False,4-9-2,1,0,0.0,0.0,0.0,0.0,0.0,0.0,0.0,0.0,0.0,uncertain
hard,15,7,8,23,,loss,False,False,2-4-9,1,0,0.0,0.0,0.0,0.0,0.0,0.0,0.0,0.0,0.0,uncertain
hard,15,7,9,24,,loss,False,False,10-3-2,2,0,0.0,0.0,0.0,0.0,0.0,0.0,0.0,0.0,0.0,uncertain
hard,15,7,9,24,,loss,False,False,6-9,3,0,0.0,0.0,0.0,0.0,0.0,0.0,0.0,0.0,0.0,uncertain
hard,15,7,9,24,,loss,False,False,5-10,9,0,0.0,0.0,0.0,0.0,0.0,0.0,0.0,0.0,0.0,uncertain
hard,15,7,9,24,,loss,False,False,10-5,7,0,0.0,0.0,0.0,0.0,0.0,0.0,0.0,0.0,0.0,uncertain
hard,15,7,9,24,,loss,False,False,3-6-6,2,0,0.0,0.0,0.0,0.0,0.0,0.0,0.0,0.0,0.0,uncertain
hard,15,7,9,24,,loss,False,False,8-5-2,1,0,0.0,0.0,0.0,0.0,0.0,0.0,0.0,0.0,0.0,uncertain
hard,15,7,9,24,,loss,False,False,7-8,2,0,0.0,0.0,0.0,0.0,0.0,0.0,0.0,0.0,0.0,uncertain
hard,15,7,9,24,,loss,False,False,3-4-5-3,1,0,0.0,0.0,0.0,0.0,0.0,0.0,0.0,0.0,0.0,uncertain
hard,15,7,9,24,,loss,False,False,3-10-2,1,0,0.0,0.0,0.0,0.0,0.0,0.0,0.0,0.0,0.0,uncertain
hard,15,7,9,24,,loss,False,False,10-2-3,2,0,0.0,0.0,0.0,0.0,0.0,0.0,0.0,0.0,0.0,uncertain
hard,15,7,9,24,,loss,False,False,A-4-10,3,0,0.0,0.0,0.0,0.0,0.0,0.0,0.0,0.0,0.0,uncertain
hard,15,7,9,24,,loss,False,False,4-10-A,3,0,0.0,0.0,0.0,0.0,0.0,0.0,0.0,0.0,0.0,uncertain
hard,15,7,9,24,,loss,False,False,9-5-A,2,0,0.0,0.0,0.0,0.0,0.0,0.0,0.0,0.0,0.0,uncertain
hard,15,7,9,24,,loss,False,False,9-6,8,0,0.0,0.0,0.0,0.0,0.0,0.0,0.0,0.0,0.0,uncertain
hard,15,7,9,24,,loss,False,False,2-10-3,1,0,0.0,0.0,0.0,0.0,0.0,0.0,0.0,0.0,0.0,uncertain
hard,15,7,9,24,,loss,False,False,4-3-8,1,0,0.0,0.0,0.0,0.0,0.0,0.0,0.0,0.0,0.0,uncertain
hard,15,7,9,24,,loss,False,False,2-4-9,1,0,0.0,0.0,0.0,0.0,0.0,0.0,0.0,0.0,0.0,uncertain
hard,15,7,9,24,,loss,False,False,2-A-4-8,1,0,0.0,0.0,0.0,0.0,0.0,0.0,0.0,0.0,0.0,uncertain
hard,15,7,9,24,,loss,False,False,5-3-7,1,0,0.0,0.0,0.0,0.0,0.0,0.0,0.0,0.0,0.0,uncertain
hard,15,7,9,24,,loss,False,False,8-7,4,0,0.0,0.0,0.0,0.0,0.0,0.0,0.0,0.0,0.0,uncertain
hard,15,7,9,24,,loss,False,False,7-6-2,1,0,0.0,0.0,0.0,0.0,0.0,0.0,0.0,0.0,0.0,uncertain
hard,15,7,9,24,,loss,False,False,9-4-2,1,0,0.0,0.0,0.0,0.0,0.0,0.0,0.0,0.0,0.0,uncertain
hard,15,7,9,24,,loss,False,False,4-5-6,1,0,0.0,0.0,0.0,0.0,0.0,0.0,0.0,0.0,0.0,uncertain
hard,15,7,9,24,,loss,False,False,3-5-7,1,0,0.0,0.0,0.0,0.0,0.0,0.0,0.0,0.0,0.0,uncertain
hard,15,7,9,24,,loss,False,False,3-2-10,1,0,0.0,0.0,0.0,0.0,0.0,0.0,0.0,0.0,0.0,uncertain
hard,15,7,9,24,,loss,True,False,7-8,1,0,0.0,0.0,0.0,0.0,0.0,0.0,0.0,0.0,0.0,uncertain
hard,15,7,9,24,,loss,False,False,4-3-4-4,1,0,0.0,0.0,0.0,0.0,0.0,0.0,0.0,0.0,0.0,uncertain
hard,15,7,9,24,,loss,False,False,4-A-10,1,0,0.0,0.0,0.0,0.0,0.0,0.0,0.0,0.0,0.0,uncertain
hard,15,7,9,24,,loss,False,False,3-2-8-2,1,0,0.0,0.0,0.0,0.0,0.0,0.0,0.0,0.0,0.0,uncertain
hard,15,7,9,24,,loss,False,False,6-8-A,1,0,0.0,0.0,0.0,0.0,0.0,0.0,0.0,0.0,0.0,uncertain
hard,15,7,10,25,,loss,False,False,7-8,13,0,0.0,0.0,0.0,0.0,0.0,0.0,0.0,0.0,0.0,uncertain
hard,15,7,10,25,,loss,False,False,10-5,51,0,0.0,0.0,0.0,0.0,0.0,0.0,0.0,0.0,0.0,uncertain
hard,15,7,10,25,,loss,False,False,5-10,47,0,0.0,0.0,0.0,0.0,0.0,0.0,0.0,0.0,0.0,uncertain
hard,15,7,10,25,,loss,True,False,8-4-3,1,0,0.0,0.0,0.0,0.0,0.0,0.0,0.0,0.0,0.0,uncertain
hard,15,7,10,25,,loss,False,False,4-4-6-A,2,0,0.0,0.0,0.0,0.0,0.0,0.0,0.0,0.0,0.0,uncertain
hard,15,7,10,25,,loss,False,False,10-3-2,5,0,0.0,0.0,0.0,0.0,0.0,0.0,0.0,0.0,0.0,uncertain
hard,15,7,10,25,,loss,False,False,9-5-A,3,0,0.0,0.0,0.0,0.0,0.0,0.0,0.0,0.0,0.0,uncertain
hard,15,7,10,25,,loss,False,False,2-3-10,5,0,0.0,0.0,0.0,0.0,0.0,0.0,0.0,0.0,0.0,uncertain
hard,15,7,10,25,,loss,False,False,3-4-8,3,0,0.0,0.0,0.0,0.0,0.0,0.0,0.0,0.0,0.0,uncertain
hard,15,7,10,25,,loss,False,False,4-8-3,3,0,0.0,0.0,0.0,0.0,0.0,0.0,0.0,0.0,0.0,uncertain
hard,15,7,10,25,,loss,False,False,9-6,13,0,0.0,0.0,0.0,0.0,0.0,0.0,0.0,0.0,0.0,uncertain
hard,15,7,10,25,,loss,False,False,8-5-2,1,0,0.0,0.0,0.0,0.0,0.0,0.0,0.0,0.0,0.0,uncertain
hard,15,7,10,25,,loss,False,False,8-7,17,0,0.0,0.0,0.0,0.0,0.0,0.0,0.0,0.0,0.0,uncertain
hard,15,7,10,25,,loss,False,False,10-2-3,6,0,0.0,0.0,0.0,0.0,0.0,0.0,0.0,0.0,0.0,uncertain
hard,15,7,10,25,,loss,False,False,6-9,17,0,0.0,0.0,0.0,0.0,0.0,0.0,0.0,0.0,0.0,uncertain
hard,15,7,10,25,,loss,False,False,3-6-4-2,1,0,0.0,0.0,0.0,0.0,0.0,0.0,0.0,0.0,0.0,uncertain
hard,15,7,10,25,,loss,True,False,2-3-10,1,0,0.0,0.0,0.0,0.0,0.0,0.0,0.0,0.0,0.0,uncertain
hard,15,7,10,25,,loss,False,False,7-2-6,1,0,0.0,0.0,0.0,0.0,0.0,0.0,0.0,0.0,0.0,uncertain
hard,15,7,10,25,,loss,False,False,7-2-2-4,1,0,0.0,0.0,0.0,0.0,0.0,0.0,0.0,0.0,0.0,uncertain
hard,15,7,10,25,,loss,True,False,3-2-10,1,0,0.0,0.0,0.0,0.0,0.0,0.0,0.0,0.0,0.0,uncertain
hard,15,7,10,25,,loss,False,False,A-4-10,6,0,0.0,0.0,0.0,0.0,0.0,0.0,0.0,0.0,0.0,uncertain
hard,15,7,10,25,,loss,False,False,10-4-A,3,0,0.0,0.0,0.0,0.0,0.0,0.0,0.0,0.0,0.0,uncertain
hard,15,7,10,25,,loss,False,False,4-2-8-A,1,0,0.0,0.0,0.0,0.0,0.0,0.0,0.0,0.0,0.0,uncertain
hard,15,7,10,25,,loss,False,False,2-7-6,2,0,0.0,0.0,0.0,0.0,0.0,0.0,0.0,0.0,0.0,uncertain
hard,15,7,10,25,,loss,False,False,5-2-4-4,1,0,0.0,0.0,0.0,0.0,0.0,0.0,0.0,0.0,0.0,uncertain
hard,15,7,10,25,,loss,False,False,3-5-2-5,1,0,0.0,0.0,0.0,0.0,0.0,0.0,0.0,0.0,0.0,uncertain
hard,15,7,10,25,,loss,False,False,3-2-10,5,0,0.0,0.0,0.0,0.0,0.0,0.0,0.0,0.0,0.0,uncertain
hard,15,7,10,25,,loss,True,False,7-8,4,0,0.0,0.0,0.0,0.0,0.0,0.0,0.0,0.0,0.0,uncertain
hard,15,7,10,25,,loss,False,False,2-10-2-A,2,0,0.0,0.0,0.0,0.0,0.0,0.0,0.0,0.0,0.0,uncertain
hard,15,7,10,25,,loss,False,False,3-2-2-6-2,1,0,0.0,0.0,0.0,0.0,0.0,0.0,0.0,0.0,0.0,uncertain
hard,15,7,10,25,,loss,False,False,4-5-6,1,0,0.0,0.0,0.0,0.0,0.0,0.0,0.0,0.0,0.0,uncertain
hard,15,7,10,25,,loss,False,False,2-10-3,2,0,0.0,0.0,0.0,0.0,0.0,0.0,0.0,0.0,0.0,uncertain
hard,15,7,10,25,,loss,False,False,3-A-9-2,2,0,0.0,0.0,0.0,0.0,0.0,0.0,0.0,0.0,0.0,uncertain
hard,15,7,10,25,,loss,False,False,2-6-5-2,1,0,0.0,0.0,0.0,0.0,0.0,0.0,0.0,0.0,0.0,uncertain
hard,15,7,10,25,,loss,False,False,4-A-10,5,0,0.0,0.0,0.0,0.0,0.0,0.0,0.0,0.0,0.0,uncertain
hard,15,7,10,25,,loss,False,False,2-5-7-A,1,0,0.0,0.0,0.0,0.0,0.0,0.0,0.0,0.0,0.0,uncertain
hard,15,7,10,25,,loss,False,False,6-3-3-3,1,0,0.0,0.0,0.0,0.0,0.0,0.0,0.0,0.0,0.0,uncertain
hard,15,7,10,25,,loss,False,False,10-2-2-A,1,0,0.0,0.0,0.0,0.0,0.0,0.0,0.0,0.0,0.0,uncertain
hard,15,7,10,25,,loss,False,False,4-10-A,1,0,0.0,0.0,0.0,0.0,0.0,0.0,0.0,0.0,0.0,uncertain
hard,15,7,10,25,,loss,False,False,4-2-9,1,0,0.0,0.0,0.0,0.0,0.0,0.0,0.0,0.0,0.0,uncertain
hard,15,7,10,25,,loss,False,False,2-10-A-2,1,0,0.0,0.0,0.0,0.0,0.0,0.0,0.0,0.0,0.0,uncertain
hard,15,7,10,25,,loss,False,False,5-9-A,1,0,0.0,0.0,0.0,0.0,0.0,0.0,0.0,0.0,0.0,uncertain
hard,15,7,10,25,,loss,False,False,A-2-A-8-3,1,0,0.0,0.0,0.0,0.0,0.0,0.0,0.0,0.0,0.0,uncertain
hard,15,7,10,25,,loss,False,False,4-A-8-2,1,0,0.0,0.0,0.0,0.0,0.0,0.0,0.0,0.0,0.0,uncertain
hard,15,7,10,25,,loss,False,False,8-6-A,1,0,0.0,0.0,0.0,0.0,0.0,0.0,0.0,0.0,0.0,uncertain
hard,15,7,10,25,,loss,False,False,2-5-8,1,0,0.0,0.0,0.0,0.0,0.0,0.0,0.0,0.0,0.0,uncertain
hard,15,7,10,25,,loss,True,False,3-10-2,1,0,0.0,0.0,0.0,0.0,0.0,0.0,0.0,0.0,0.0,uncertain
hard,15,7,10,25,,loss,False,False,3-10-2,4,0,0.0,0.0,0.0,0.0,0.0,0.0,0.0,0.0,0.0,uncertain
hard,15,7,10,25,,loss,False,False,3-2-2-3-5,1,0,0.0,0.0,0.0,0.0,0.0,0.0,0.0,0.0,0.0,uncertain
hard,15,7,10,25,,loss,False,False,4-3-6-2,1,0,0.0,0.0,0.0,0.0,0.0,0.0,0.0,0.0,0.0,uncertain
hard,15,7,10,25,,loss,False,False,5-3-7,1,0,0.0,0.0,0.0,0.0,0.0,0.0,0.0,0.0,0.0,uncertain
hard,15,7,10,25,,loss,False,False,A-2-4-7-A,1,0,0.0,0.0,0.0,0.0,0.0,0.0,0.0,0.0,0.0,uncertain
hard,15,7,10,25,,loss,False,False,3-5-6-A,1,0,0.0,0.0,0.0,0.0,0.0,0.0,0.0,0.0,0.0,uncertain
hard,15,7,10,25,,loss,False,False,3-6-6,1,0,0.0,0.0,0.0,0.0,0.0,0.0,0.0,0.0,0.0,uncertain
hard,15,7,10,25,,loss,False,False,7-6-2,1,0,0.0,0.0,0.0,0.0,0.0,0.0,0.0,0.0,0.0,uncertain
hard,15,7,10,25,,loss,False,False,2-7-2-A-3,1,0,0.0,0.0,0.0,0.0,0.0,0.0,0.0,0.0,0.0,uncertain
hard,15,7,10,25,,loss,False,False,6-8-A,2,0,0.0,0.0,0.0,0.0,0.0,0.0,0.0,0.0,0.0,uncertain
hard,15,7,10,25,,loss,False,False,4-9-2,2,0,0.0,0.0,0.0,0.0,0.0,0.0,0.0,0.0,0.0,uncertain
hard,15,7,10,25,,loss,False,False,3-A-10-A,2,0,0.0,0.0,0.0,0.0,0.0,0.0,0.0,0.0,0.0,uncertain
hard,15,7,10,25,,loss,False,False,6-2-7,2,0,0.0,0.0,0.0,0.0,0.0,0.0,0.0,0.0,0.0,uncertain
hard,15,7,10,25,,loss,False,False,9-3-3,1,0,0.0,0.0,0.0,0.0,0.0,0.0,0.0,0.0,0.0,uncertain
hard,15,7,10,25,,loss,False,False,2-4-9,3,0,0.0,0.0,0.0,0.0,0.0,0.0,0.0,0.0,0.0,uncertain
hard,15,7,10,25,,loss,False,False,2-7-3-3,1,0,0.0,0.0,0.0,0.0,0.0,0.0,0.0,0.0,0.0,uncertain
hard,15,7,10,25,,loss,False,False,A-6-8,1,0,0.0,0.0,0.0,0.0,0.0,0.0,0.0,0.0,0.0,uncertain
hard,15,7,10,25,,loss,False,False,4-2-6-3,1,0,0.0,0.0,0.0,0.0,0.0,0.0,0.0,0.0,0.0,uncertain
hard,15,7,10,25,,loss,True,False,2-6-7,1,0,0.0,0.0,0.0,0.0,0.0,0.0,0.0,0.0,0.0,uncertain
hard,15,7,10,25,,loss,False,False,2-5-5-3,1,0,0.0,0.0,0.0,0.0,0.0,0.0,0.0,0.0,0.0,uncertain
hard,15,7,10,25,,loss,False,False,5-2-6-2,1,0,0.0,0.0,0.0,0.0,0.0,0.0,0.0,0.0,0.0,uncertain
hard,15,7,10,25,,loss,False,False,6-6-3,2,0,0.0,0.0,0.0,0.0,0.0,0.0,0.0,0.0,0.0,uncertain
hard,15,7,10,25,,loss,False,False,2-5-4-4,1,0,0.0,0.0,0.0,0.0,0.0,0.0,0.0,0.0,0.0,uncertain
hard,15,7,10,25,,loss,False,False,6-3-6,1,0,0.0,0.0,0.0,0.0,0.0,0.0,0.0,0.0,0.0,uncertain
hard,15,7,10,25,,loss,False,False,A-2-A-2-8-A,1,0,0.0,0.0,0.0,0.0,0.0,0.0,0.0,0.0,0.0,uncertain
hard,15,7,10,25,,loss,False,False,3-5-7,1,0,0.0,0.0,0.0,0.0,0.0,0.0,0.0,0.0,0.0,uncertain
hard,15,7,10,25,,loss,False,False,9-4-2,2,0,0.0,0.0,0.0,0.0,0.0,0.0,0.0,0.0,0.0,uncertain
hard,15,7,10,25,,loss,True,False,3-5-7,1,0,0.0,0.0,0.0,0.0,0.0,0.0,0.0,0.0,0.0,uncertain
hard,15,7,10,25,,loss,False,False,4-3-8,1,0,0.0,0.0,0.0,0.0,0.0,0.0,0.0,0.0,0.0,uncertain
hard,15,7,10,25,,loss,False,False,5-8-2,1,0,0.0,0.0,0.0,0.0,0.0,0.0,0.0,0.0,0.0,uncertain
hard,15,8,7,22,,loss,False,False,4-8-3,2,0,0.0,0.0,0.0,0.0,0.0,0.0,0.0,0.0,0.0,uncertain
hard,15,8,7,22,,loss,False,False,10-4-A,1,0,0.0,0.0,0.0,0.0,0.0,0.0,0.0,0.0,0.0,uncertain
hard,15,8,7,22,,loss,False,False,9-6,4,0,0.0,0.0,0.0,0.0,0.0,0.0,0.0,0.0,0.0,uncertain
hard,15,8,7,22,,loss,False,False,6-A-7-A,1,0,0.0,0.0,0.0,0.0,0.0,0.0,0.0,0.0,0.0,uncertain
hard,15,8,7,22,,loss,False,False,10-5,15,0,0.0,0.0,0.0,0.0,0.0,0.0,0.0,0.0,0.0,uncertain
hard,15,8,7,22,,loss,False,False,5-A-9,1,0,0.0,0.0,0.0,0.0,0.0,0.0,0.0,0.0,0.0,uncertain
hard,15,8,7,22,,loss,False,False,4-A-10,1,0,0.0,0.0,0.0,0.0,0.0,0.0,0.0,0.0,0.0,uncertain
hard,15,8,7,22,,loss,False,False,10-2-3,2,0,0.0,0.0,0.0,0.0,0.0,0.0,0.0,0.0,0.0,uncertain
hard,15,8,7,22,,loss,False,False,6-9,6,0,0.0,0.0,0.0,0.0,0.0,0.0,0.0,0.0,0.0,uncertain
hard,15,8,7,22,,loss,False,False,5-10,14,0,0.0,0.0,0.0,0.0,0.0,0.0,0.0,0.0,0.0,uncertain
hard,15,8,7,22,,loss,False,False,2-10-2-A,1,0,0.0,0.0,0.0,0.0,0.0,0.0,0.0,0.0,0.0,uncertain
hard,15,8,7,22,,loss,False,False,2-10-3,4,0,0.0,0.0,0.0,0.0,0.0,0.0,0.0,0.0,0.0,uncertain
hard,15,8,7,22,,loss,False,False,3-10-2,1,0,0.0,0.0,0.0,0.0,0.0,0.0,0.0,0.0,0.0,uncertain
hard,15,8,7,22,,loss,False,False,A-4-10,1,0,0.0,0.0,0.0,0.0,0.0,0.0,0.0,0.0,0.0,uncertain
hard,15,8,7,22,,loss,False,False,7-8,1,0,0.0,0.0,0.0,0.0,0.0,0.0,0.0,0.0,0.0,uncertain
hard,15,8,7,22,,loss,False,False,2-3-10,2,0,0.0,0.0,0.0,0.0,0.0,0.0,0.0,0.0,0.0,uncertain
hard,15,8,7,22,,loss,False,False,8-4-3,1,0,0.0,0.0,0.0,0.0,0.0,0.0,0.0,0.0,0.0,uncertain
hard,15,8,7,22,,loss,False,False,3-3-9,1,0,0.0,0.0,0.0,0.0,0.0,0.0,0.0,0.0,0.0,uncertain
hard,15,8,7,22,,loss,False,False,3-4-8,1,0,0.0,0.0,0.0,0.0,0.0,0.0,0.0,0.0,0.0,uncertain
hard,15,8,7,22,,loss,False,False,4-3-5-3,1,0,0.0,0.0,0.0,0.0,0.0,0.0,0.0,0.0,0.0,uncertain
hard,15,8,7,22,,loss,False,False,6-3-6,1,0,0.0,0.0,0.0,0.0,0.0,0.0,0.0,0.0,0.0,uncertain
hard,15,8,7,22,,loss,True,False,8-7,1,0,0.0,0.0,0.0,0.0,0.0,0.0,0.0,0.0,0.0,uncertain
hard,15,8,7,22,,loss,False,False,3-A-10-A,1,0,0.0,0.0,0.0,0.0,0.0,0.0,0.0,0.0,0.0,uncertain
hard,15,8,7,22,,loss,False,False,6-8-A,1,0,0.0,0.0,0.0,0.0,0.0,0.0,0.0,0.0,0.0,uncertain
hard,15,8,7,22,,loss,False,False,3-2-7-3,1,0,0.0,0.0,0.0,0.0,0.0,0.0,0.0,0.0,0.0,uncertain
hard,15,8,7,22,,loss,False,False,3-5-7,2,0,0.0,0.0,0.0,0.0,0.0,0.0,0.0,0.0,0.0,uncertain
hard,15,8,7,22,,loss,False,False,4-2-8-A,1,0,0.0,0.0,0.0,0.0,0.0,0.0,0.0,0.0,0.0,uncertain
hard,15,8,7,22,,loss,False,False,8-7,2,0,0.0,0.0,0.0,0.0,0.0,0.0,0.0,0.0,0.0,uncertain
hard,15,8,7,22,,loss,False,False,8-5-2,1,0,0.0,0.0,0.0,0.0,0.0,0.0,0.0,0.0,0.0,uncertain
hard,15,8,7,22,,loss,False,False,4-4-4-3,1,0,0.0,0.0,0.0,0.0,0.0,0.0,0.0,0.0,0.0,uncertain
hard,15,8,7,22,,loss,False,False,3-2-10,1,0,0.0,0.0,0.0,0.0,0.0,0.0,0.0,0.0,0.0,uncertain
hard,15,8,7,22,,loss,False,False,10-3-2,1,0,0.0,0.0,0.0,0.0,0.0,0.0,0.0,0.0,0.0,uncertain
hard,15,8,7,22,,loss,False,False,6-2-7,1,0,0.0,0.0,0.0,0.0,0.0,0.0,0.0,0.0,0.0,uncertain
hard,15,8,8,23,,loss,False,False,5-10,13,0,0.0,0.0,0.0,0.0,0.0,0.0,0.0,0.0,0.0,uncertain
hard,15,8,8,23,,loss,False,False,10-5,18,0,0.0,0.0,0.0,0.0,0.0,0.0,0.0,0.0,0.0,uncertain
hard,15,8,8,23,,loss,False,False,3-5-7,1,0,0.0,0.0,0.0,0.0,0.0,0.0,0.0,0.0,0.0,uncertain
hard,15,8,8,23,,loss,False,False,3-2-3-7,1,0,0.0,0.0,0.0,0.0,0.0,0.0,0.0,0.0,0.0,uncertain
hard,15,8,8,23,,loss,False,False,9-6,4,0,0.0,0.0,0.0,0.0,0.0,0.0,0.0,0.0,0.0,uncertain
hard,15,8,8,23,,loss,False,False,6-9,6,0,0.0,0.0,0.0,0.0,0.0,0.0,0.0,0.0,0.0,uncertain
hard,15,8,8,23,,loss,False,False,7-8,4,0,0.0,0.0,0.0,0.0,0.0,0.0,0.0,0.0,0.0,uncertain
hard,15,8,8,23,,loss,False,False,6-6-3,1,0,0.0,0.0,0.0,0.0,0.0,0.0,0.0,0.0,0.0,uncertain
hard,15,8,8,23,,loss,False,False,10-4-A,1,0,0.0,0.0,0.0,0.0,0.0,0.0,0.0,0.0,0.0,uncertain
hard,15,8,8,23,,loss,True,False,9-3-3,1,0,0.0,0.0,0.0,0.0,0.0,0.0,0.0,0.0,0.0,uncertain
hard,15,8,8,23,,loss,False,False,A-4-10,2,0,0.0,0.0,0.0,0.0,0.0,0.0,0.0,0.0,0.0,uncertain
hard,15,8,8,23,,loss,False,False,8-7,4,0,0.0,0.0,0.0,0.0,0.0,0.0,0.0,0.0,0.0,uncertain
hard,15,8,8,23,,loss,False,False,5-8-2,1,0,0.0,0.0,0.0,0.0,0.0,0.0,0.0,0.0,0.0,uncertain
hard,15,8,8,23,,loss,False,False,2-3-10,2,0,0.0,0.0,0.0,0.0,0.0,0.0,0.0,0.0,0.0,uncertain
hard,15,8,8,23,,loss,False,False,3-2-10,1,0,0.0,0.0,0.0,0.0,0.0,0.0,0.0,0.0,0.0,uncertain
hard,15,8,8,23,,loss,False,False,4-A-A-9,1,0,0.0,0.0,0.0,0.0,0.0,0.0,0.0,0.0,0.0,uncertain
hard,15,8,8,23,,loss,False,False,4-10-A,1,0,0.0,0.0,0.0,0.0,0.0,0.0,0.0,0.0,0.0,uncertain
hard,15,8,8,23,,loss,False,False,3-4-7-A,1,0,0.0,0.0,0.0,0.0,0.0,0.0,0.0,0.0,0.0,uncertain
hard,15,8,8,23,,loss,False,False,6-2-7,1,0,0.0,0.0,0.0,0.0,0.0,0.0,0.0,0.0,0.0,uncertain
hard,15,8,8,23,,loss,False,False,3-9-3,1,0,0.0,0.0,0.0,0.0,0.0,0.0,0.0,0.0,0.0,uncertain
hard,15,8,8,23,,loss,False,False,10-2-3,1,0,0.0,0.0,0.0,0.0,0.0,0.0,0.0,0.0,0.0,uncertain
hard,15,8,8,23,,loss,False,False,2-3-8-2,1,0,0.0,0.0,0.0,0.0,0.0,0.0,0.0,0.0,0.0,uncertain
hard,15,8,8,23,,loss,False,False,2-4-3-6,1,0,0.0,0.0,0.0,0.0,0.0,0.0,0.0,0.0,0.0,uncertain
hard,15,8,8,23,,loss,False,False,6-6-A-2,1,0,0.0,0.0,0.0,0.0,0.0,0.0,0.0,0.0,0.0,uncertain
hard,15,8,8,23,,loss,False,False,4-2-9,2,0,0.0,0.0,0.0,0.0,0.0,0.0,0.0,0.0,0.0,uncertain
hard,15,8,8,23,,loss,False,False,2-2-10-A,1,0,0.0,0.0,0.0,0.0,0.0,0.0,0.0,0.0,0.0,uncertain
hard,15,8,8,23,,loss,False,False,9-4-2,1,0,0.0,0.0,0.0,0.0,0.0,0.0,0.0,0.0,0.0,uncertain
hard,15,8,8,23,,loss,False,False,10-3-A-A,1,0,0.0,0.0,0.0,0.0,0.0,0.0,0.0,0.0,0.0,uncertain
hard,15,8,8,23,,loss,True,False,9-6,1,0,0.0,0.0,0.0,0.0,0.0,0.0,0.0,0.0,0.0,uncertain
hard,15,8,8,23,,loss,False,False,4-9-2,1,0,0.0,0.0,0.0,0.0,0.0,0.0,0.0,0.0,0.0,uncertain
hard,15,8,9,24,,loss,False,False,2-3-10,2,0,0.0,0.0,0.0,0.0,0.0,0.0,0.0,0.0,0.0,uncertain
hard,15,8,9,24,,loss,False,False,5-10,20,0,0.0,0.0,0.0,0.0,0.0,0.0,0.0,0.0,0.0,uncertain
hard,15,8,9,24,,loss,False,False,10-2-3,1,0,0.0,0.0,0.0,0.0,0.0,0.0,0.0,0.0,0.0,uncertain
hard,15,8,9,24,,loss,False,False,6-A-6-2,1,0,0.0,0.0,0.0,0.0,0.0,0.0,0.0,0.0,0.0,uncertain
hard,15,8,9,24,,loss,False,False,8-5-2,2,0,0.0,0.0,0.0,0.0,0.0,0.0,0.0,0.0,0.0,uncertain
hard,15,8,9,24,,loss,False,False,10-3-2,2,0,0.0,0.0,0.0,0.0,0.0,0.0,0.0,0.0,0.0,uncertain
hard,15,8,9,24,,loss,False,False,3-3-5-4,1,0,0.0,0.0,0.0,0.0,0.0,0.0,0.0,0.0,0.0,uncertain
hard,15,8,9,24,,loss,False,False,3-3-9,2,0,0.0,0.0,0.0,0.0,0.0,0.0,0.0,0.0,0.0,uncertain
hard,15,8,9,24,,loss,False,False,3-10-A-A,1,0,0.0,0.0,0.0,0.0,0.0,0.0,0.0,0.0,0.0,uncertain
hard,15,8,9,24,,loss,False,False,A-4-10,2,0,0.0,0.0,0.0,0.0,0.0,0.0,0.0,0.0,0.0,uncertain
hard,15,8,9,24,,loss,False,False,7-8,5,0,0.0,0.0,0.0,0.0,0.0,0.0,0.0,0.0,0.0,uncertain
hard,15,8,9,24,,loss,False,False,3-A-A-10,1,0,0.0,0.0,0.0,0.0,0.0,0.0,0.0,0.0,0.0,uncertain
hard,15,8,9,24,,loss,False,False,2-10-A-2,1,0,0.0,0.0,0.0,0.0,0.0,0.0,0.0,0.0,0.0,uncertain
hard,15,8,9,24,,loss,False,False,8-7,3,0,0.0,0.0,0.0,0.0,0.0,0.0,0.0,0.0,0.0,uncertain
hard,15,8,9,24,,loss,False,False,3-10-2,2,0,0.0,0.0,0.0,0.0,0.0,0.0,0.0,0.0,0.0,uncertain
hard,15,8,9,24,,loss,False,False,4-10-A,2,0,0.0,0.0,0.0,0.0,0.0,0.0,0.0,0.0,0.0,uncertain
hard,15,8,9,24,,loss,False,False,9-6,3,0,0.0,0.0,0.0,0.0,0.0,0.0,0.0,0.0,0.0,uncertain
hard,15,8,9,24,,loss,False,False,6-9,4,0,0.0,0.0,0.0,0.0,0.0,0.0,0.0,0.0,0.0,uncertain
hard,15,8,9,24,,loss,False,False,5-4-6,1,0,0.0,0.0,0.0,0.0,0.0,0.0,0.0,0.0,0.0,uncertain
hard,15,8,9,24,,loss,False,False,6-8-A,1,0,0.0,0.0,0.0,0.0,0.0,0.0,0.0,0.0,0.0,uncertain
hard,15,8,9,24,,loss,False,False,4-A-10,3,0,0.0,0.0,0.0,0.0,0.0,0.0,0.0,0.0,0.0,uncertain
hard,15,8,9,24,,loss,False,False,3-5-7,2,0,0.0,0.0,0.0,0.0,0.0,0.0,0.0,0.0,0.0,uncertain
hard,15,8,9,24,,loss,False,False,2-10-3,2,0,0.0,0.0,0.0,0.0,0.0,0.0,0.0,0.0,0.0,uncertain
hard,15,8,9,24,,loss,False,False,10-5,6,0,0.0,0.0,0.0,0.0,0.0,0.0,0.0,0.0,0.0,uncertain
hard,15,8,9,24,,loss,False,False,A-5-9,1,0,0.0,0.0,0.0,0.0,0.0,0.0,0.0,0.0,0.0,uncertain
hard,15,8,9,24,,loss,False,False,7-5-3,1,0,0.0,0.0,0.0,0.0,0.0,0.0,0.0,0.0,0.0,uncertain
hard,15,8,10,25,,loss,False,False,7-8,10,0,0.0,0.0,0.0,0.0,0.0,0.0,0.0,0.0,0.0,uncertain
hard,15,8,10,25,,loss,False,False,6-9,10,0,0.0,0.0,0.0,0.0,0.0,0.0,0.0,0.0,0.0,uncertain
hard,15,8,10,25,,loss,False,False,10-5,68,0,0.0,0.0,0.0,0.0,0.0,0.0,0.0,0.0,0.0,uncertain
hard,15,8,10,25,,loss,False,False,5-10,45,0,0.0,0.0,0.0,0.0,0.0,0.0,0.0,0.0,0.0,uncertain
hard,15,8,10,25,,loss,True,False,9-6,6,0,0.0,0.0,0.0,0.0,0.0,0.0,0.0,0.0,0.0,uncertain
hard,15,8,10,25,,loss,False,False,9-6,13,0,0.0,0.0,0.0,0.0,0.0,0.0,0.0,0.0,0.0,uncertain
hard,15,8,10,25,,loss,False,False,10-4-A,4,0,0.0,0.0,0.0,0.0,0.0,0.0,0.0,0.0,0.0,uncertain
hard,15,8,10,25,,loss,False,False,2-4-7-2,1,0,0.0,0.0,0.0,0.0,0.0,0.0,0.0,0.0,0.0,uncertain
hard,15,8,10,25,,loss,False,False,3-2-10,5,0,0.0,0.0,0.0,0.0,0.0,0.0,0.0,0.0,0.0,uncertain
hard,15,8,10,25,,loss,False,False,7-6-2,3,0,0.0,0.0,0.0,0.0,0.0,0.0,0.0,0.0,0.0,uncertain
hard,15,8,10,25,,loss,False,False,8-7,9,0,0.0,0.0,0.0,0.0,0.0,0.0,0.0,0.0,0.0,uncertain
hard,15,8,10,25,,loss,False,False,7-5-3,2,0,0.0,0.0,0.0,0.0,0.0,0.0,0.0,0.0,0.0,uncertain
hard,15,8,10,25,,loss,False,False,8-6-A,3,0,0.0,0.0,0.0,0.0,0.0,0.0,0.0,0.0,0.0,uncertain
hard,15,8,10,25,,loss,False,False,3-4-8,1,0,0.0,0.0,0.0,0.0,0.0,0.0,0.0,0.0,0.0,uncertain
hard,15,8,10,25,,loss,False,False,3-10-2,4,0,0.0,0.0,0.0,0.0,0.0,0.0,0.0,0.0,0.0,uncertain
hard,15,8,10,25,,loss,False,False,6-3-6,1,0,0.0,0.0,0.0,0.0,0.0,0.0,0.0,0.0,0.0,uncertain
hard,15,8,10,25,,loss,False,False,2-10-3,9,0,0.0,0.0,0.0,0.0,0.0,0.0,0.0,0.0,0.0,uncertain
hard,15,8,10,25,,loss,False,False,7-2-2-4,1,0,0.0,0.0,0.0,0.0,0.0,0.0,0.0,0.0,0.0,uncertain
hard,15,8,10,25,,loss,False,False,A-6-8,2,0,0.0,0.0,0.0,0.0,0.0,0.0,0.0,0.0,0.0,uncertain
hard,15,8,10,25,,loss,False,False,5-2-8,3,0,0.0,0.0,0.0,0.0,0.0,0.0,0.0,0.0,0.0,uncertain
hard,15,8,10,25,,loss,False,False,A-2-10-2,1,0,0.0,0.0,0.0,0.0,0.0,0.0,0.0,0.0,0.0,uncertain
hard,15,8,10,25,,loss,False,False,10-3-2,3,0,0.0,0.0,0.0,0.0,0.0,0.0,0.0,0.0,0.0,uncertain
hard,15,8,10,25,,loss,False,False,4-10-A,4,0,0.0,0.0,0.0,0.0,0.0,0.0,0.0,0.0,0.0,uncertain
hard,15,8,10,25,,loss,False,False,2-3-3-7,1,0,0.0,0.0,0.0,0.0,0.0,0.0,0.0,0.0,0.0,uncertain
hard,15,8,10,25,,loss,False,False,9-3-3,2,0,0.0,0.0,0.0,0.0,0.0,0.0,0.0,0.0,0.0,uncertain
hard,15,8,10,25,,loss,False,False,2-A-9-3,1,0,0.0,0.0,0.0,0.0,0.0,0.0,0.0,0.0,0.0,uncertain
hard,15,8,10,25,,loss,False,False,3-9-3,3,0,0.0,0.0,0.0,0.0,0.0,0.0,0.0,0.0,0.0,uncertain
hard,15,8,10,25,,loss,False,False,3-A-10-A,2,0,0.0,0.0,0.0,0.0,0.0,0.0,0.0,0.0,0.0,uncertain
hard,15,8,10,25,,loss,False,False,4-4-7,1,0,0.0,0.0,0.0,0.0,0.0,0.0,0.0,0.0,0.0,uncertain
hard,15,8,10,25,,loss,False,False,A-4-A-9,1,0,0.0,0.0,0.0,0.0,0.0,0.0,0.0,0.0,0.0,uncertain
hard,15,8,10,25,,loss,False,False,4-A-10,4,0,0.0,0.0,0.0,0.0,0.0,0.0,0.0,0.0,0.0,uncertain
hard,15,8,10,25,,loss,False,False,6-2-7,2,0,0.0,0.0,0.0,0.0,0.0,0.0,0.0,0.0,0.0,uncertain
hard,15,8,10,25,,loss,False,False,2-4-9,1,0,0.0,0.0,0.0,0.0,0.0,0.0,0.0,0.0,0.0,uncertain
hard,15,8,10,25,,loss,False,False,5-9-A,1,0,0.0,0.0,0.0,0.0,0.0,0.0,0.0,0.0,0.0,uncertain
hard,15,8,10,25,,loss,False,False,A-2-9-3,1,0,0.0,0.0,0.0,0.0,0.0,0.0,0.0,0.0,0.0,uncertain
hard,15,8,10,25,,loss,False,False,3-5-7,2,0,0.0,0.0,0.0,0.0,0.0,0.0,0.0,0.0,0.0,uncertain
hard,15,8,10,25,,loss,False,False,10-3-A-A,1,0,0.0,0.0,0.0,0.0,0.0,0.0,0.0,0.0,0.0,uncertain
hard,15,8,10,25,,loss,False,False,A-4-10,5,0,0.0,0.0,0.0,0.0,0.0,0.0,0.0,0.0,0.0,uncertain
hard,15,8,10,25,,loss,False,False,5-2-6-2,1,0,0.0,0.0,0.0,0.0,0.0,0.0,0.0,0.0,0.0,uncertain
hard,15,8,10,25,,loss,False,False,A-3-2-9,1,0,0.0,0.0,0.0,0.0,0.0,0.0,0.0,0.0,0.0,uncertain
hard,15,8,10,25,,loss,False,False,5-7-3,1,0,0.0,0.0,0.0,0.0,0.0,0.0,0.0,0.0,0.0,uncertain
hard,15,8,10,25,,loss,False,False,4-2-8-A,1,0,0.0,0.0,0.0,0.0,0.0,0.0,0.0,0.0,0.0,uncertain
hard,15,8,10,25,,loss,False,False,2-3-10,1,0,0.0,0.0,0.0,0.0,0.0,0.0,0.0,0.0,0.0,uncertain
hard,15,8,10,25,,loss,True,False,8-7,3,0,0.0,0.0,0.0,0.0,0.0,0.0,0.0,0.0,0.0,uncertain
hard,15,8,10,25,,loss,False,False,7-2-6,1,0,0.0,0.0,0.0,0.0,0.0,0.0,0.0,0.0,0.0,uncertain
hard,15,8,10,25,,loss,False,False,10-2-3,5,0,0.0,0.0,0.0,0.0,0.0,0.0,0.0,0.0,0.0,uncertain
hard,15,8,10,25,,loss,False,False,4-2-9,3,0,0.0,0.0,0.0,0.0,0.0,0.0,0.0,0.0,0.0,uncertain
hard,15,8,10,25,,loss,False,False,A-2-2-10,1,0,0.0,0.0,0.0,0.0,0.0,0.0,0.0,0.0,0.0,uncertain
hard,15,8,10,25,,loss,False,False,9-4-2,1,0,0.0,0.0,0.0,0.0,0.0,0.0,0.0,0.0,0.0,uncertain
hard,15,8,10,25,,loss,False,False,9-5-A,1,0,0.0,0.0,0.0,0.0,0.0,0.0,0.0,0.0,0.0,uncertain
hard,15,8,10,25,,loss,False,False,4-2-4-5,1,0,0.0,0.0,0.0,0.0,0.0,0.0,0.0,0.0,0.0,uncertain
hard,15,8,10,25,,loss,False,False,5-4-6,2,0,0.0,0.0,0.0,0.0,0.0,0.0,0.0,0.0,0.0,uncertain
hard,15,8,10,25,,loss,False,False,10-2-A-2,1,0,0.0,0.0,0.0,0.0,0.0,0.0,0.0,0.0,0.0,uncertain
hard,15,8,10,25,,loss,False,False,2-5-8,2,0,0.0,0.0,0.0,0.0,0.0,0.0,0.0,0.0,0.0,uncertain
hard,15,8,10,25,,loss,False,False,2-3-8-2,1,0,0.0,0.0,0.0,0.0,0.0,0.0,0.0,0.0,0.0,uncertain
hard,15,8,10,25,,loss,False,False,4-5-6,1,0,0.0,0.0,0.0,0.0,0.0,0.0,0.0,0.0,0.0,uncertain
hard,15,8,10,25,,loss,False,False,8-5-2,1,0,0.0,0.0,0.0,0.0,0.0,0.0,0.0,0.0,0.0,uncertain
hard,15,8,10,25,,loss,False,False,2-2-7-4,1,0,0.0,0.0,0.0,0.0,0.0,0.0,0.0,0.0,0.0,uncertain
hard,15,8,10,25,,loss,False,False,4-9-2,1,0,0.0,0.0,0.0,0.0,0.0,0.0,0.0,0.0,0.0,uncertain
hard,15,8,10,25,,loss,False,False,6-8-A,2,0,0.0,0.0,0.0,0.0,0.0,0.0,0.0,0.0,0.0,uncertain
hard,15,8,10,25,,loss,False,False,5-8-2,1,0,0.0,0.0,0.0,0.0,0.0,0.0,0.0,0.0,0.0,uncertain
hard,15,8,10,25,,loss,False,False,2-3-3-2-5,1,0,0.0,0.0,0.0,0.0,0.0,0.0,0.0,0.0,0.0,uncertain
hard,15,8,10,25,,loss,False,False,5-A-9,1,0,0.0,0.0,0.0,0.0,0.0,0.0,0.0,0.0,0.0,uncertain
hard,15,8,10,25,,loss,False,False,4-3-8,1,0,0.0,0.0,0.0,0.0,0.0,0.0,0.0,0.0,0.0,uncertain
hard,15,8,10,25,,loss,False,False,4-A-A-9,1,0,0.0,0.0,0.0,0.0,0.0,0.0,0.0,0.0,0.0,uncertain
hard,15,8,10,25,,loss,False,False,4-8-3,1,0,0.0,0.0,0.0,0.0,0.0,0.0,0.0,0.0,0.0,uncertain
hard,15,9,7,22,,loss,False,False,5-10,13,0,0.0,0.0,0.0,0.0,0.0,0.0,0.0,0.0,0.0,uncertain
hard,15,9,7,22,,loss,False,False,8-7,2,0,0.0,0.0,0.0,0.0,0.0,0.0,0.0,0.0,0.0,uncertain
hard,15,9,7,22,,loss,False,False,10-5,13,0,0.0,0.0,0.0,0.0,0.0,0.0,0.0,0.0,0.0,uncertain
hard,15,9,7,22,,loss,False,False,6-9,4,0,0.0,0.0,0.0,0.0,0.0,0.0,0.0,0.0,0.0,uncertain
hard,15,9,7,22,,loss,False,False,2-3-10,2,0,0.0,0.0,0.0,0.0,0.0,0.0,0.0,0.0,0.0,uncertain
hard,15,9,7,22,,loss,True,False,8-7,2,0,0.0,0.0,0.0,0.0,0.0,0.0,0.0,0.0,0.0,uncertain
hard,15,9,7,22,,loss,False,False,6-2-5-2,1,0,0.0,0.0,0.0,0.0,0.0,0.0,0.0,0.0,0.0,uncertain
hard,15,9,7,22,,loss,False,False,4-A-10,1,0,0.0,0.0,0.0,0.0,0.0,0.0,0.0,0.0,0.0,uncertain
hard,15,9,7,22,,loss,False,False,5-4-2-4,1,0,0.0,0.0,0.0,0.0,0.0,0.0,0.0,0.0,0.0,uncertain
hard,15,9,7,22,,loss,False,False,9-6,3,0,0.0,0.0,0.0,0.0,0.0,0.0,0.0,0.0,0.0,uncertain
hard,15,9,7,22,,loss,False,False,A-2-2-9-A,1,0,0.0,0.0,0.0,0.0,0.0,0.0,0.0,0.0,0.0,uncertain
hard,15,9,7,22,,loss,False,False,7-8,2,0,0.0,0.0,0.0,0.0,0.0,0.0,0.0,0.0,0.0,uncertain
hard,15,9,7,22,,loss,False,False,2-5-8,2,0,0.0,0.0,0.0,0.0,0.0,0.0,0.0,0.0,0.0,uncertain
hard,15,9,7,22,,loss,False,False,4-5-6,1,0,0.0,0.0,0.0,0.0,0.0,0.0,0.0,0.0,0.0,uncertain
hard,15,9,7,22,,loss,False,False,5-2-8,1,0,0.0,0.0,0.0,0.0,0.0,0.0,0.0,0.0,0.0,uncertain
hard,15,9,7,22,,loss,False,False,10-3-2,1,0,0.0,0.0,0.0,0.0,0.0,0.0,0.0,0.0,0.0,uncertain
hard,15,9,7,22,,loss,False,False,7-5-2-A,1,0,0.0,0.0,0.0,0.0,0.0,0.0,0.0,0.0,0.0,uncertain
hard,15,9,7,22,,loss,False,False,2-7-6,1,0,0.0,0.0,0.0,0.0,0.0,0.0,0.0,0.0,0.0,uncertain
hard,15,9,7,22,,loss,False,False,3-10-2,1,0,0.0,0.0,0.0,0.0,0.0,0.0,0.0,0.0,0.0,uncertain
hard,15,9,7,22,,loss,False,False,2-10-3,1,0,0.0,0.0,0.0,0.0,0.0,0.0,0.0,0.0,0.0,uncertain
hard,15,9,7,22,,loss,False,False,10-4-A,1,0,0.0,0.0,0.0,0.0,0.0,0.0,0.0,0.0,0.0,uncertain
hard,15,9,7,22,,loss,False,False,10-2-3,1,0,0.0,0.0,0.0,0.0,0.0,0.0,0.0,0.0,0.0,uncertain
hard,15,9,7,22,,loss,False,False,4-2-9,1,0,0.0,0.0,0.0,0.0,0.0,0.0,0.0,0.0,0.0,uncertain
hard,15,9,7,22,,loss,False,False,5-7-3,1,0,0.0,0.0,0.0,0.0,0.0,0.0,0.0,0.0,0.0,uncertain
hard,15,9,7,22,,loss,False,False,4-4-7,1,0,0.0,0.0,0.0,0.0,0.0,0.0,0.0,0.0,0.0,uncertain
hard,15,9,8,23,,loss,False,False,2-3-10,1,0,0.0,0.0,0.0,0.0,0.0,0.0,0.0,0.0,0.0,uncertain
hard,15,9,8,23,,loss,False,False,10-5,17,0,0.0,0.0,0.0,0.0,0.0,0.0,0.0,0.0,0.0,uncertain
hard,15,9,8,23,,loss,False,False,3-4-8,1,0,0.0,0.0,0.0,0.0,0.0,0.0,0.0,0.0,0.0,uncertain
hard,15,9,8,23,,loss,False,False,5-10,12,0,0.0,0.0,0.0,0.0,0.0,0.0,0.0,0.0,0.0,uncertain
hard,15,9,8,23,,loss,False,False,4-A-10,2,0,0.0,0.0,0.0,0.0,0.0,0.0,0.0,0.0,0.0,uncertain
hard,15,9,8,23,,loss,False,False,10-3-2,2,0,0.0,0.0,0.0,0.0,0.0,0.0,0.0,0.0,0.0,uncertain
hard,15,9,8,23,,loss,False,False,6-9,8,0,0.0,0.0,0.0,0.0,0.0,0.0,0.0,0.0,0.0,uncertain
hard,15,9,8,23,,loss,False,False,8-7,3,0,0.0,0.0,0.0,0.0,0.0,0.0,0.0,0.0,0.0,uncertain
hard,15,9,8,23,,loss,False,False,2-4-8-A,1,0,0.0,0.0,0.0,0.0,0.0,0.0,0.0,0.0,0.0,uncertain
hard,15,9,8,23,,loss,False,False,A-2-2-A-9,1,0,0.0,0.0,0.0,0.0,0.0,0.0,0.0,0.0,0.0,uncertain
hard,15,9,8,23,,loss,False,False,3-9-3,2,0,0.0,0.0,0.0,0.0,0.0,0.0,0.0,0.0,0.0,uncertain
hard,15,9,8,23,,loss,False,False,7-A-7,1,0,0.0,0.0,0.0,0.0,0.0,0.0,0.0,0.0,0.0,uncertain
hard,15,9,8,23,,loss,False,False,7-2-6,1,0,0.0,0.0,0.0,0.0,0.0,0.0,0.0,0.0,0.0,uncertain
hard,15,9,8,23,,loss,True,False,8-7,1,0,0.0,0.0,0.0,0.0,0.0,0.0,0.0,0.0,0.0,uncertain
hard,15,9,8,23,,loss,False,False,10-4-A,3,0,0.0,0.0,0.0,0.0,0.0,0.0,0.0,0.0,0.0,uncertain
hard,15,9,8,23,,loss,False,False,6-3-6,1,0,0.0,0.0,0.0,0.0,0.0,0.0,0.0,0.0,0.0,uncertain
hard,15,9,8,23,,loss,False,False,A-3-2-A-6-2,1,0,0.0,0.0,0.0,0.0,0.0,0.0,0.0,0.0,0.0,uncertain
hard,15,9,8,23,,loss,False,False,2-2-8-3,1,0,0.0,0.0,0.0,0.0,0.0,0.0,0.0,0.0,0.0,uncertain
hard,15,9,8,23,,loss,False,False,A-2-10-2,1,0,0.0,0.0,0.0,0.0,0.0,0.0,0.0,0.0,0.0,uncertain
hard,15,9,8,23,,loss,False,False,7-8,2,0,0.0,0.0,0.0,0.0,0.0,0.0,0.0,0.0,0.0,uncertain
hard,15,9,8,23,,loss,False,False,4-5-6,1,0,0.0,0.0,0.0,0.0,0.0,0.0,0.0,0.0,0.0,uncertain
hard,15,9,8,23,,loss,False,False,10-2-3,1,0,0.0,0.0,0.0,0.0,0.0,0.0,0.0,0.0,0.0,uncertain
hard,15,9,8,23,,loss,False,False,5-7-3,1,0,0.0,0.0,0.0,0.0,0.0,0.0,0.0,0.0,0.0,uncertain
hard,15,9,8,23,,loss,False,False,4-10-A,2,0,0.0,0.0,0.0,0.0,0.0,0.0,0.0,0.0,0.0,uncertain
hard,15,9,8,23,,loss,False,False,6-2-7,1,0,0.0,0.0,0.0,0.0,0.0,0.0,0.0,0.0,0.0,uncertain
hard,15,9,8,23,,loss,False,False,2-6-7,1,0,0.0,0.0,0.0,0.0,0.0,0.0,0.0,0.0,0.0,uncertain
hard,15,9,8,23,,loss,False,False,6-A-7-A,1,0,0.0,0.0,0.0,0.0,0.0,0.0,0.0,0.0,0.0,uncertain
hard,15,9,8,23,,loss,False,False,3-6-6,1,0,0.0,0.0,0.0,0.0,0.0,0.0,0.0,0.0,0.0,uncertain
hard,15,9,8,23,,loss,False,False,A-7-4-3,1,0,0.0,0.0,0.0,0.0,0.0,0.0,0.0,0.0,0.0,uncertain
hard,15,9,8,23,,loss,False,False,8-4-3,2,0,0.0,0.0,0.0,0.0,0.0,0.0,0.0,0.0,0.0,uncertain
hard,15,9,8,23,,loss,False,False,A-2-2-10,1,0,0.0,0.0,0.0,0.0,0.0,0.0,0.0,0.0,0.0,uncertain
hard,15,9,8,23,,loss,False,False,9-6,2,0,0.0,0.0,0.0,0.0,0.0,0.0,0.0,0.0,0.0,uncertain
hard,15,9,8,23,,loss,False,False,5-2-8,1,0,0.0,0.0,0.0,0.0,0.0,0.0,0.0,0.0,0.0,uncertain
hard,15,9,8,23,,loss,False,False,5-2-7-A,1,0,0.0,0.0,0.0,0.0,0.0,0.0,0.0,0.0,0.0,uncertain
hard,15,9,8,23,,loss,False,False,2-10-3,1,0,0.0,0.0,0.0,0.0,0.0,0.0,0.0,0.0,0.0,uncertain
hard,15,9,9,24,,loss,False,False,10-2-3,1,0,0.0,0.0,0.0,0.0,0.0,0.0,0.0,0.0,0.0,uncertain
hard,15,9,9,24,,loss,False,False,7-2-3-3,1,0,0.0,0.0,0.0,0.0,0.0,0.0,0.0,0.0,0.0,uncertain
hard,15,9,9,24,,loss,False,False,5-10,13,0,0.0,0.0,0.0,0.0,0.0,0.0,0.0,0.0,0.0,uncertain
hard,15,9,9,24,,loss,False,False,2-10-A-A-A,1,0,0.0,0.0,0.0,0.0,0.0,0.0,0.0,0.0,0.0,uncertain
hard,15,9,9,24,,loss,False,False,10-5,13,0,0.0,0.0,0.0,0.0,0.0,0.0,0.0,0.0,0.0,uncertain
hard,15,9,9,24,,loss,False,False,8-7,6,0,0.0,0.0,0.0,0.0,0.0,0.0,0.0,0.0,0.0,uncertain
hard,15,9,9,24,,loss,False,False,10-3-2,3,0,0.0,0.0,0.0,0.0,0.0,0.0,0.0,0.0,0.0,uncertain
hard,15,9,9,24,,loss,False,False,4-A-10,2,0,0.0,0.0,0.0,0.0,0.0,0.0,0.0,0.0,0.0,uncertain
hard,15,9,9,24,,loss,False,False,3-2-9-A,1,0,0.0,0.0,0.0,0.0,0.0,0.0,0.0,0.0,0.0,uncertain
hard,15,9,9,24,,loss,False,False,5-9-A,1,0,0.0,0.0,0.0,0.0,0.0,0.0,0.0,0.0,0.0,uncertain
hard,15,9,9,24,,loss,False,False,4-8-3,1,0,0.0,0.0,0.0,0.0,0.0,0.0,0.0,0.0,0.0,uncertain
hard,15,9,9,24,,loss,False,False,A-4-10,2,0,0.0,0.0,0.0,0.0,0.0,0.0,0.0,0.0,0.0,uncertain
hard,15,9,9,24,,loss,False,False,9-6,2,0,0.0,0.0,0.0,0.0,0.0,0.0,0.0,0.0,0.0,uncertain
hard,15,9,9,24,,loss,False,False,4-10-A,2,0,0.0,0.0,0.0,0.0,0.0,0.0,0.0,0.0,0.0,uncertain
hard,15,9,9,24,,loss,False,False,6-7-2,1,0,0.0,0.0,0.0,0.0,0.0,0.0,0.0,0.0,0.0,uncertain
hard,15,9,9,24,,loss,False,False,3-6-6,1,0,0.0,0.0,0.0,0.0,0.0,0.0,0.0,0.0,0.0,uncertain
hard,15,9,9,24,,loss,False,False,4-5-6,1,0,0.0,0.0,0.0,0.0,0.0,0.0,0.0,0.0,0.0,uncertain
hard,15,9,9,24,,loss,False,False,7-8,2,0,0.0,0.0,0.0,0.0,0.0,0.0,0.0,0.0,0.0,uncertain
hard,15,9,9,24,,loss,False,False,2-10-3,1,0,0.0,0.0,0.0,0.0,0.0,0.0,0.0,0.0,0.0,uncertain
hard,15,9,9,24,,loss,False,False,6-3-3-3,1,0,0.0,0.0,0.0,0.0,0.0,0.0,0.0,0.0,0.0,uncertain
hard,15,9,9,24,,loss,False,False,4-2-9,1,0,0.0,0.0,0.0,0.0,0.0,0.0,0.0,0.0,0.0,uncertain
hard,15,9,9,24,,loss,False,False,A-3-8-3,1,0,0.0,0.0,0.0,0.0,0.0,0.0,0.0,0.0,0.0,uncertain
hard,15,9,9,24,,loss,False,False,6-9,1,0,0.0,0.0,0.0,0.0,0.0,0.0,0.0,0.0,0.0,uncertain
hard,15,9,9,24,,loss,False,False,8-5-2,1,0,0.0,0.0,0.0,0.0,0.0,0.0,0.0,0.0,0.0,uncertain
hard,15,9,9,24,,loss,True,False,8-7,2,0,0.0,0.0,0.0,0.0,0.0,0.0,0.0,0.0,0.0,uncertain
hard,15,9,9,24,,loss,False,False,2-4-9,1,0,0.0,0.0,0.0,0.0,0.0,0.0,0.0,0.0,0.0,uncertain
hard,15,9,9,24,,loss,False,False,6-3-6,1,0,0.0,0.0,0.0,0.0,0.0,0.0,0.0,0.0,0.0,uncertain
hard,15,9,9,24,,loss,False,False,5-2-8,1,0,0.0,0.0,0.0,0.0,0.0,0.0,0.0,0.0,0.0,uncertain
hard,15,9,9,24,,loss,False,False,8-4-3,1,0,0.0,0.0,0.0,0.0,0.0,0.0,0.0,0.0,0.0,uncertain
hard,15,9,9,24,,loss,False,False,A-2-10-2,1,0,0.0,0.0,0.0,0.0,0.0,0.0,0.0,0.0,0.0,uncertain
hard,15,9,9,24,,loss,False,False,3-6-5-A,1,0,0.0,0.0,0.0,0.0,0.0,0.0,0.0,0.0,0.0,uncertain
hard,15,9,9,24,,loss,False,False,2-3-10,1,0,0.0,0.0,0.0,0.0,0.0,0.0,0.0,0.0,0.0,uncertain
hard,15,9,10,25,,loss,False,False,6-A-8,4,0,0.0,0.0,0.0,0.0,0.0,0.0,0.0,0.0,0.0,uncertain
hard,15,9,10,25,,loss,False,False,2-5-8,3,0,0.0,0.0,0.0,0.0,0.0,0.0,0.0,0.0,0.0,uncertain
hard,15,9,10,25,,loss,False,False,10-5,66,0,0.0,0.0,0.0,0.0,0.0,0.0,0.0,0.0,0.0,uncertain
hard,15,9,10,25,,loss,False,False,9-6,20,0,0.0,0.0,0.0,0.0,0.0,0.0,0.0,0.0,0.0,uncertain
hard,15,9,10,25,,loss,False,False,5-10,60,0,0.0,0.0,0.0,0.0,0.0,0.0,0.0,0.0,0.0,uncertain
hard,15,9,10,25,,loss,False,False,3-10-2,3,0,0.0,0.0,0.0,0.0,0.0,0.0,0.0,0.0,0.0,uncertain
hard,15,9,10,25,,loss,False,False,8-7,17,0,0.0,0.0,0.0,0.0,0.0,0.0,0.0,0.0,0.0,uncertain
hard,15,9,10,25,,loss,False,False,4-2-9,2,0,0.0,0.0,0.0,0.0,0.0,0.0,0.0,0.0,0.0,uncertain
hard,15,9,10,25,,loss,False,False,2-10-3,3,0,0.0,0.0,0.0,0.0,0.0,0.0,0.0,0.0,0.0,uncertain
hard,15,9,10,25,,loss,False,False,7-8,18,0,0.0,0.0,0.0,0.0,0.0,0.0,0.0,0.0,0.0,uncertain
hard,15,9,10,25,,loss,False,False,4-A-10,2,0,0.0,0.0,0.0,0.0,0.0,0.0,0.0,0.0,0.0,uncertain
hard,15,9,10,25,,loss,False,False,9-4-A-A,1,0,0.0,0.0,0.0,0.0,0.0,0.0,0.0,0.0,0.0,uncertain
hard,15,9,10,25,,loss,False,False,8-5-A-A,1,0,0.0,0.0,0.0,0.0,0.0,0.0,0.0,0.0,0.0,uncertain
hard,15,9,10,25,,loss,False,False,A-4-10,9,0,0.0,0.0,0.0,0.0,0.0,0.0,0.0,0.0,0.0,uncertain
hard,15,9,10,25,,loss,False,False,9-3-3,3,0,0.0,0.0,0.0,0.0,0.0,0.0,0.0,0.0,0.0,uncertain
hard,15,9,10,25,,loss,False,False,4-3-8,2,0,0.0,0.0,0.0,0.0,0.0,0.0,0.0,0.0,0.0,uncertain
hard,15,9,10,25,,loss,False,False,6-9,10,0,0.0,0.0,0.0,0.0,0.0,0.0,0.0,0.0,0.0,uncertain
hard,15,9,10,25,,loss,False,False,6-7-2,1,0,0.0,0.0,0.0,0.0,0.0,0.0,0.0,0.0,0.0,uncertain
hard,15,9,10,25,,loss,False,False,2-3-10,4,0,0.0,0.0,0.0,0.0,0.0,0.0,0.0,0.0,0.0,uncertain
hard,15,9,10,25,,loss,False,False,8-6-A,1,0,0.0,0.0,0.0,0.0,0.0,0.0,0.0,0.0,0.0,uncertain
hard,15,9,10,25,,loss,False,False,3-9-3,1,0,0.0,0.0,0.0,0.0,0.0,0.0,0.0,0.0,0.0,uncertain
hard,15,9,10,25,,loss,False,False,8-5-2,1,0,0.0,0.0,0.0,0.0,0.0,0.0,0.0,0.0,0.0,uncertain
hard,15,9,10,25,,loss,False,False,10-4-A,6,0,0.0,0.0,0.0,0.0,0.0,0.0,0.0,0.0,0.0,uncertain
hard,15,9,10,25,,loss,False,False,4-3-2-4-2,1,0,0.0,0.0,0.0,0.0,0.0,0.0,0.0,0.0,0.0,uncertain
hard,15,9,10,25,,loss,False,False,2-2-8-3,1,0,0.0,0.0,0.0,0.0,0.0,0.0,0.0,0.0,0.0,uncertain
hard,15,9,10,25,,loss,False,False,10-2-3,8,0,0.0,0.0,0.0,0.0,0.0,0.0,0.0,0.0,0.0,uncertain
hard,15,9,10,25,,loss,False,False,7-2-6,1,0,0.0,0.0,0.0,0.0,0.0,0.0,0.0,0.0,0.0,uncertain
hard,15,9,10,25,,loss,False,False,4-9-A-A,1,0,0.0,0.0,0.0,0.0,0.0,0.0,0.0,0.0,0.0,uncertain
hard,15,9,10,25,,loss,False,False,3-2-10,8,0,0.0,0.0,0.0,0.0,0.0,0.0,0.0,0.0,0.0,uncertain
hard,15,9,10,25,,loss,False,False,2-7-6,1,0,0.0,0.0,0.0,0.0,0.0,0.0,0.0,0.0,0.0,uncertain
hard,15,9,10,25,,loss,False,False,4-10-A,5,0,0.0,0.0,0.0,0.0,0.0,0.0,0.0,0.0,0.0,uncertain
hard,15,9,10,25,,loss,False,False,5-2-8,4,0,0.0,0.0,0.0,0.0,0.0,0.0,0.0,0.0,0.0,uncertain
hard,15,9,10,25,,loss,True,False,8-7,2,0,0.0,0.0,0.0,0.0,0.0,0.0,0.0,0.0,0.0,uncertain
hard,15,9,10,25,,loss,False,False,3-5-7,2,0,0.0,0.0,0.0,0.0,0.0,0.0,0.0,0.0,0.0,uncertain
hard,15,9,10,25,,loss,False,False,2-10-2-A,1,0,0.0,0.0,0.0,0.0,0.0,0.0,0.0,0.0,0.0,uncertain
hard,15,9,10,25,,loss,False,False,2-4-9,1,0,0.0,0.0,0.0,0.0,0.0,0.0,0.0,0.0,0.0,uncertain
hard,15,9,10,25,,loss,True,False,9-6,3,0,0.0,0.0,0.0,0.0,0.0,0.0,0.0,0.0,0.0,uncertain
hard,15,9,10,25,,loss,False,False,7-6-2,1,0,0.0,0.0,0.0,0.0,0.0,0.0,0.0,0.0,0.0,uncertain
hard,15,9,10,25,,loss,False,False,3-3-9,4,0,0.0,0.0,0.0,0.0,0.0,0.0,0.0,0.0,0.0,uncertain
hard,15,9,10,25,,loss,False,False,A-7-7,2,0,0.0,0.0,0.0,0.0,0.0,0.0,0.0,0.0,0.0,uncertain
hard,15,9,10,25,,loss,False,False,A-5-9,2,0,0.0,0.0,0.0,0.0,0.0,0.0,0.0,0.0,0.0,uncertain
hard,15,9,10,25,,loss,False,False,6-A-5-3,1,0,0.0,0.0,0.0,0.0,0.0,0.0,0.0,0.0,0.0,uncertain
hard,15,9,10,25,,loss,False,False,6-6-3,3,0,0.0,0.0,0.0,0.0,0.0,0.0,0.0,0.0,0.0,uncertain
hard,15,9,10,25,,loss,False,False,3-5-4-3,1,0,0.0,0.0,0.0,0.0,0.0,0.0,0.0,0.0,0.0,uncertain
hard,15,9,10,25,,loss,False,False,7-2-2-4,1,0,0.0,0.0,0.0,0.0,0.0,0.0,0.0,0.0,0.0,uncertain
hard,15,9,10,25,,loss,False,False,5-A-A-6-2,1,0,0.0,0.0,0.0,0.0,0.0,0.0,0.0,0.0,0.0,uncertain
hard,15,9,10,25,,loss,False,False,3-3-3-3-3,1,0,0.0,0.0,0.0,0.0,0.0,0.0,0.0,0.0,0.0,uncertain
hard,15,9,10,25,,loss,False,False,5-2-6-2,1,0,0.0,0.0,0.0,0.0,0.0,0.0,0.0,0.0,0.0,uncertain
hard,15,9,10,25,,loss,False,False,2-A-10-2,1,0,0.0,0.0,0.0,0.0,0.0,0.0,0.0,0.0,0.0,uncertain
hard,15,9,10,25,,loss,False,False,6-3-6,1,0,0.0,0.0,0.0,0.0,0.0,0.0,0.0,0.0,0.0,uncertain
hard,15,9,10,25,,loss,False,False,9-5-A,2,0,0.0,0.0,0.0,0.0,0.0,0.0,0.0,0.0,0.0,uncertain
hard,15,9,10,25,,loss,False,False,5-2-A-5-2,1,0,0.0,0.0,0.0,0.0,0.0,0.0,0.0,0.0,0.0,uncertain
hard,15,9,10,25,,loss,False,False,3-4-3-5,1,0,0.0,0.0,0.0,0.0,0.0,0.0,0.0,0.0,0.0,uncertain
hard,15,9,10,25,,loss,False,False,4-4-3-2-2,1,0,0.0,0.0,0.0,0.0,0.0,0.0,0.0,0.0,0.0,uncertain
hard,15,9,10,25,,loss,False,False,A-5-2-7,1,0,0.0,0.0,0.0,0.0,0.0,0.0,0.0,0.0,0.0,uncertain
hard,15,9,10,25,,loss,False,False,3-6-6,2,0,0.0,0.0,0.0,0.0,0.0,0.0,0.0,0.0,0.0,uncertain
hard,15,9,10,25,,loss,False,False,10-2-2-A,1,0,0.0,0.0,0.0,0.0,0.0,0.0,0.0,0.0,0.0,uncertain
hard,15,9,10,25,,loss,False,False,8-4-3,2,0,0.0,0.0,0.0,0.0,0.0,0.0,0.0,0.0,0.0,uncertain
hard,15,9,10,25,,loss,False,False,4-5-6,2,0,0.0,0.0,0.0,0.0,0.0,0.0,0.0,0.0,0.0,uncertain
hard,15,9,10,25,,loss,False,False,4-2-2-3-4,1,0,0.0,0.0,0.0,0.0,0.0,0.0,0.0,0.0,0.0,uncertain
hard,15,9,10,25,,loss,False,False,5-4-6,1,0,0.0,0.0,0.0,0.0,0.0,0.0,0.0,0.0,0.0,uncertain
hard,15,9,10,25,,loss,False,False,4-2-A-8,1,0,0.0,0.0,0.0,0.0,0.0,0.0,0.0,0.0,0.0,uncertain
hard,15,9,10,25,,loss,False,False,10-3-2,2,0,0.0,0.0,0.0,0.0,0.0,0.0,0.0,0.0,0.0,uncertain
hard,15,9,10,25,,loss,False,False,A-4-A-6-A-2,1,0,0.0,0.0,0.0,0.0,0.0,0.0,0.0,0.0,0.0,uncertain
hard,15,9,10,25,,loss,False,False,5-7-A-2,1,0,0.0,0.0,0.0,0.0,0.0,0.0,0.0,0.0,0.0,uncertain
hard,15,9,10,25,,loss,False,False,A-2-A-8-3,1,0,0.0,0.0,0.0,0.0,0.0,0.0,0.0,0.0,0.0,uncertain
hard,15,9,10,25,,loss,False,False,5-9-A,1,0,0.0,0.0,0.0,0.0,0.0,0.0,0.0,0.0,0.0,uncertain
hard,15,9,10,25,,loss,False,False,3-4-8,1,0,0.0,0.0,0.0,0.0,0.0,0.0,0.0,0.0,0.0,uncertain
hard,15,A,7,22,,loss,False,False,4-10-A,1,0,0.0,0.0,0.0,0.0,0.0,0.0,0.0,0.0,0.0,uncertain
hard,15,A,7,22,,loss,False,False,2-8-5,1,0,0.0,0.0,0.0,0.0,0.0,0.0,0.0,0.0,0.0,uncertain
hard,15,A,7,22,,loss,False,False,3-6-6,1,0,0.0,0.0,0.0,0.0,0.0,0.0,0.0,0.0,0.0,uncertain
hard,15,A,7,22,,loss,False,False,A-5-9,1,0,0.0,0.0,0.0,0.0,0.0,0.0,0.0,0.0,0.0,uncertain
hard,15,A,7,22,,loss,False,False,8-7,4,0,0.0,0.0,0.0,0.0,0.0,0.0,0.0,0.0,0.0,uncertain
hard,15,A,7,22,,loss,False,False,3-10-A-A,1,0,0.0,0.0,0.0,0.0,0.0,0.0,0.0,0.0,0.0,uncertain
hard,15,A,7,22,,loss,False,False,5-8-2,1,0,0.0,0.0,0.0,0.0,0.0,0.0,0.0,0.0,0.0,uncertain
hard,15,A,7,22,,loss,False,False,2-3-10,2,0,0.0,0.0,0.0,0.0,0.0,0.0,0.0,0.0,0.0,uncertain
hard,15,A,7,22,,loss,False,False,10-5,11,0,0.0,0.0,0.0,0.0,0.0,0.0,0.0,0.0,0.0,uncertain
hard,15,A,7,22,,loss,False,False,6-9,4,0,0.0,0.0,0.0,0.0,0.0,0.0,0.0,0.0,0.0,uncertain
hard,15,A,7,22,,loss,False,False,6-3-6,2,0,0.0,0.0,0.0,0.0,0.0,0.0,0.0,0.0,0.0,uncertain
hard,15,A,7,22,,loss,False,False,7-8,2,0,0.0,0.0,0.0,0.0,0.0,0.0,0.0,0.0,0.0,uncertain
hard,15,A,7,22,,loss,False,False,9-5-A,1,0,0.0,0.0,0.0,0.0,0.0,0.0,0.0,0.0,0.0,uncertain
hard,15,A,7,22,,loss,False,False,5-10,13,0,0.0,0.0,0.0,0.0,0.0,0.0,0.0,0.0,0.0,uncertain
hard,15,A,7,22,,loss,False,False,7-3-5,1,0,0.0,0.0,0.0,0.0,0.0,0.0,0.0,0.0,0.0,uncertain
hard,15,A,7,22,,loss,False,False,9-6,2,0,0.0,0.0,0.0,0.0,0.0,0.0,0.0,0.0,0.0,uncertain
hard,15,A,7,22,,loss,False,False,6-6-3,1,0,0.0,0.0,0.0,0.0,0.0,0.0,0.0,0.0,0.0,uncertain
hard,15,A,7,22,,loss,False,False,2-4-4-5,1,0,0.0,0.0,0.0,0.0,0.0,0.0,0.0,0.0,0.0,uncertain
hard,15,A,7,22,,loss,False,False,2-5-2-6,1,0,0.0,0.0,0.0,0.0,0.0,0.0,0.0,0.0,0.0,uncertain
hard,15,A,7,22,,loss,False,False,10-3-2,2,0,0.0,0.0,0.0,0.0,0.0,0.0,0.0,0.0,0.0,uncertain
hard,15,A,7,22,,loss,False,False,3-3-9,1,0,0.0,0.0,0.0,0.0,0.0,0.0,0.0,0.0,0.0,uncertain
hard,15,A,7,22,,loss,False,False,2-4-8-A,1,0,0.0,0.0,0.0,0.0,0.0,0.0,0.0,0.0,0.0,uncertain
hard,15,A,7,22,,loss,False,False,2-3-A-9,1,0,0.0,0.0,0.0,0.0,0.0,0.0,0.0,0.0,0.0,uncertain
hard,15,A,7,22,,loss,False,False,10-4-A,2,0,0.0,0.0,0.0,0.0,0.0,0.0,0.0,0.0,0.0,uncertain
hard,15,A,7,22,,loss,False,False,7-6-2,1,0,0.0,0.0,0.0,0.0,0.0,0.0,0.0,0.0,0.0,uncertain
hard,15,A,7,22,,loss,False,False,4-9-2,1,0,0.0,0.0,0.0,0.0,0.0,0.0,0.0,0.0,0.0,uncertain
hard,15,A,7,22,,loss,False,False,3-5-2-5,1,0,0.0,0.0,0.0,0.0,0.0,0.0,0.0,0.0,0.0,uncertain
hard,15,A,7,22,,loss,False,False,5-A-9,1,0,0.0,0.0,0.0,0.0,0.0,0.0,0.0,0.0,0.0,uncertain
hard,15,A,7,22,,loss,False,False,7-A-7,1,0,0.0,0.0,0.0,0.0,0.0,0.0,0.0,0.0,0.0,uncertain
hard,15,A,7,22,,loss,False,False,4-A-10,1,0,0.0,0.0,0.0,0.0,0.0,0.0,0.0,0.0,0.0,uncertain
hard,15,A,8,23,,loss,False,False,4-10-A,2,0,0.0,0.0,0.0,0.0,0.0,0.0,0.0,0.0,0.0,uncertain
hard,15,A,8,23,,loss,False,False,5-10,7,0,0.0,0.0,0.0,0.0,0.0,0.0,0.0,0.0,0.0,uncertain
hard,15,A,8,23,,loss,False,False,10-5,12,0,0.0,0.0,0.0,0.0,0.0,0.0,0.0,0.0,0.0,uncertain
hard,15,A,8,23,,loss,False,False,7-3-4-A,1,0,0.0,0.0,0.0,0.0,0.0,0.0,0.0,0.0,0.0,uncertain
hard,15,A,8,23,,loss,False,False,8-7,4,0,0.0,0.0,0.0,0.0,0.0,0.0,0.0,0.0,0.0,uncertain
hard,15,A,8,23,,loss,False,False,7-8,3,0,0.0,0.0,0.0,0.0,0.0,0.0,0.0,0.0,0.0,uncertain
hard,15,A,8,23,,loss,False,False,2-10-3,2,0,0.0,0.0,0.0,0.0,0.0,0.0,0.0,0.0,0.0,uncertain
hard,15,A,8,23,,loss,False,False,A-4-10,1,0,0.0,0.0,0.0,0.0,0.0,0.0,0.0,0.0,0.0,uncertain
hard,15,A,8,23,,loss,True,False,8-7,1,0,0.0,0.0,0.0,0.0,0.0,0.0,0.0,0.0,0.0,uncertain
hard,15,A,8,23,,loss,False,False,A-2-3-2-7,1,0,0.0,0.0,0.0,0.0,0.0,0.0,0.0,0.0,0.0,uncertain
hard,15,A,8,23,,loss,False,False,2-3-10,1,0,0.0,0.0,0.0,0.0,0.0,0.0,0.0,0.0,0.0,uncertain
hard,15,A,8,23,,loss,False,False,10-2-3,1,0,0.0,0.0,0.0,0.0,0.0,0.0,0.0,0.0,0.0,uncertain
hard,15,A,8,23,,loss,False,False,5-7-3,1,0,0.0,0.0,0.0,0.0,0.0,0.0,0.0,0.0,0.0,uncertain
hard,15,A,8,23,,loss,False,False,6-7-2,1,0,0.0,0.0,0.0,0.0,0.0,0.0,0.0,0.0,0.0,uncertain
hard,15,A,8,23,,loss,False,False,7-A-7,1,0,0.0,0.0,0.0,0.0,0.0,0.0,0.0,0.0,0.0,uncertain
hard,15,A,8,23,,loss,False,False,6-9,1,0,0.0,0.0,0.0,0.0,0.0,0.0,0.0,0.0,0.0,uncertain
hard,15,A,8,23,,loss,False,False,5-4-6,1,0,0.0,0.0,0.0,0.0,0.0,0.0,0.0,0.0,0.0,uncertain
hard,15,A,8,23,,loss,False,False,4-6-5,1,0,0.0,0.0,0.0,0.0,0.0,0.0,0.0,0.0,0.0,uncertain
hard,15,A,8,23,,loss,False,False,9-6,2,0,0.0,0.0,0.0,0.0,0.0,0.0,0.0,0.0,0.0,uncertain
hard,15,A,8,23,,loss,False,False,8-4-3,1,0,0.0,0.0,0.0,0.0,0.0,0.0,0.0,0.0,0.0,uncertain
hard,15,A,8,23,,loss,False,False,A-3-A-10,1,0,0.0,0.0,0.0,0.0,0.0,0.0,0.0,0.0,0.0,uncertain
hard,15,A,8,23,,loss,False,False,8-2-5,1,0,0.0,0.0,0.0,0.0,0.0,0.0,0.0,0.0,0.0,uncertain
hard,15,A,8,23,,loss,False,False,5-A-9,1,0,0.0,0.0,0.0,0.0,0.0,0.0,0.0,0.0,0.0,uncertain
hard,15,A,8,23,,loss,False,False,A-6-8,1,0,0.0,0.0,0.0,0.0,0.0,0.0,0.0,0.0,0.0,uncertain
hard,15,A,9,24,,loss,False,False,10-5,7,0,0.0,0.0,0.0,0.0,0.0,0.0,0.0,0.0,0.0,uncertain
hard,15,A,9,24,,loss,False,False,2-10-3,2,0,0.0,0.0,0.0,0.0,0.0,0.0,0.0,0.0,0.0,uncertain
hard,15,A,9,24,,loss,False,False,5-10,13,0,0.0,0.0,0.0,0.0,0.0,0.0,0.0,0.0,0.0,uncertain
hard,15,A,9,24,,loss,False,False,7-8,6,0,0.0,0.0,0.0,0.0,0.0,0.0,0.0,0.0,0.0,uncertain
hard,15,A,9,24,,loss,False,False,8-7,3,0,0.0,0.0,0.0,0.0,0.0,0.0,0.0,0.0,0.0,uncertain
hard,15,A,9,24,,loss,False,False,9-3-3,1,0,0.0,0.0,0.0,0.0,0.0,0.0,0.0,0.0,0.0,uncertain
hard,15,A,9,24,,loss,False,False,6-A-8,1,0,0.0,0.0,0.0,0.0,0.0,0.0,0.0,0.0,0.0,uncertain
hard,15,A,9,24,,loss,False,False,10-4-A,1,0,0.0,0.0,0.0,0.0,0.0,0.0,0.0,0.0,0.0,uncertain
hard,15,A,9,24,,loss,False,False,10-3-2,1,0,0.0,0.0,0.0,0.0,0.0,0.0,0.0,0.0,0.0,uncertain
hard,15,A,9,24,,loss,False,False,6-9,1,0,0.0,0.0,0.0,0.0,0.0,0.0,0.0,0.0,0.0,uncertain
hard,15,A,9,24,,loss,False,False,4-3-5-3,1,0,0.0,0.0,0.0,0.0,0.0,0.0,0.0,0.0,0.0,uncertain
hard,15,A,9,24,,loss,False,False,9-6,3,0,0.0,0.0,0.0,0.0,0.0,0.0,0.0,0.0,0.0,uncertain
hard,15,A,9,24,,loss,False,False,3-10-2,2,0,0.0,0.0,0.0,0.0,0.0,0.0,0.0,0.0,0.0,uncertain
hard,15,A,9,24,,loss,False,False,4-A-A-9,1,0,0.0,0.0,0.0,0.0,0.0,0.0,0.0,0.0,0.0,uncertain
hard,15,A,9,24,,loss,False,False,2-3-10,1,0,0.0,0.0,0.0,0.0,0.0,0.0,0.0,0.0,0.0,uncertain
hard,15,A,9,24,,loss,False,False,10-2-3,1,0,0.0,0.0,0.0,0.0,0.0,0.0,0.0,0.0,0.0,uncertain
hard,15,A,9,24,,loss,False,False,3-3-9,1,0,0.0,0.0,0.0,0.0,0.0,0.0,0.0,0.0,0.0,uncertain
hard,15,A,9,24,,loss,False,False,7-5-3,1,0,0.0,0.0,0.0,0.0,0.0,0.0,0.0,0.0,0.0,uncertain
hard,15,A,9,24,,loss,False,False,2-2-5-6,1,0,0.0,0.0,0.0,0.0,0.0,0.0,0.0,0.0,0.0,uncertain
hard,15,A,10,25,,loss,False,False,10-4-A,2,0,0.0,0.0,0.0,0.0,0.0,0.0,0.0,0.0,0.0,uncertain
hard,15,A,10,25,,loss,False,False,10-5,28,0,0.0,0.0,0.0,0.0,0.0,0.0,0.0,0.0,0.0,uncertain
hard,15,A,10,25,,loss,False,False,4-10-A,3,0,0.0,0.0,0.0,0.0,0.0,0.0,0.0,0.0,0.0,uncertain
hard,15,A,10,25,,loss,False,False,7-8,14,0,0.0,0.0,0.0,0.0,0.0,0.0,0.0,0.0,0.0,uncertain
hard,15,A,10,25,,loss,False,False,5-A-9,1,0,0.0,0.0,0.0,0.0,0.0,0.0,0.0,0.0,0.0,uncertain
hard,15,A,10,25,,loss,False,False,5-10,35,0,0.0,0.0,0.0,0.0,0.0,0.0,0.0,0.0,0.0,uncertain
hard,15,A,10,25,,loss,False,False,9-6,10,0,0.0,0.0,0.0,0.0,0.0,0.0,0.0,0.0,0.0,uncertain
hard,15,A,10,25,,loss,False,False,5-9-A,1,0,0.0,0.0,0.0,0.0,0.0,0.0,0.0,0.0,0.0,uncertain
hard,15,A,10,25,,loss,False,False,5-8-2,3,0,0.0,0.0,0.0,0.0,0.0,0.0,0.0,0.0,0.0,uncertain
hard,15,A,10,25,,loss,False,False,6-9,7,0,0.0,0.0,0.0,0.0,0.0,0.0,0.0,0.0,0.0,uncertain
hard,15,A,10,25,,loss,False,False,8-7,10,0,0.0,0.0,0.0,0.0,0.0,0.0,0.0,0.0,0.0,uncertain
hard,15,A,10,25,,loss,False,False,4-8-3,2,0,0.0,0.0,0.0,0.0,0.0,0.0,0.0,0.0,0.0,uncertain
hard,15,A,10,25,,loss,False,False,3-A-A-3-7,1,0,0.0,0.0,0.0,0.0,0.0,0.0,0.0,0.0,0.0,uncertain
hard,15,A,10,25,,loss,False,False,2-10-3,4,0,0.0,0.0,0.0,0.0,0.0,0.0,0.0,0.0,0.0,uncertain
hard,15,A,10,25,,loss,False,False,6-2-6-A,1,0,0.0,0.0,0.0,0.0,0.0,0.0,0.0,0.0,0.0,uncertain
hard,15,A,10,25,,loss,False,False,3-6-5-A,1,0,0.0,0.0,0.0,0.0,0.0,0.0,0.0,0.0,0.0,uncertain
hard,15,A,10,25,,loss,False,False,10-3-2,4,0,0.0,0.0,0.0,0.0,0.0,0.0,0.0,0.0,0.0,uncertain
hard,15,A,10,25,,loss,False,False,4-3-8,2,0,0.0,0.0,0.0,0.0,0.0,0.0,0.0,0.0,0.0,uncertain
hard,15,A,10,25,,loss,False,False,3-10-2,3,0,0.0,0.0,0.0,0.0,0.0,0.0,0.0,0.0,0.0,uncertain
hard,15,A,10,25,,loss,False,False,3-6-6,1,0,0.0,0.0,0.0,0.0,0.0,0.0,0.0,0.0,0.0,uncertain
hard,15,A,10,25,,loss,False,False,9-4-2,4,0,0.0,0.0,0.0,0.0,0.0,0.0,0.0,0.0,0.0,uncertain
hard,15,A,10,25,,loss,False,False,4-3-5-3,1,0,0.0,0.0,0.0,0.0,0.0,0.0,0.0,0.0,0.0,uncertain
hard,15,A,10,25,,loss,False,False,4-5-6,2,0,0.0,0.0,0.0,0.0,0.0,0.0,0.0,0.0,0.0,uncertain
hard,15,A,10,25,,loss,False,False,7-A-7,1,0,0.0,0.0,0.0,0.0,0.0,0.0,0.0,0.0,0.0,uncertain
hard,15,A,10,25,,loss,False,False,4-2-9,2,0,0.0,0.0,0.0,0.0,0.0,0.0,0.0,0.0,0.0,uncertain
hard,15,A,10,25,,loss,False,False,5-7-3,1,0,0.0,0.0,0.0,0.0,0.0,0.0,0.0,0.0,0.0,uncertain
hard,15,A,10,25,,loss,False,False,3-2-10,7,0,0.0,0.0,0.0,0.0,0.0,0.0,0.0,0.0,0.0,uncertain
hard,15,A,10,25,,loss,False,False,3-5-5-2,1,0,0.0,0.0,0.0,0.0,0.0,0.0,0.0,0.0,0.0,uncertain
hard,15,A,10,25,,loss,False,False,3-5-7,1,0,0.0,0.0,0.0,0.0,0.0,0.0,0.0,0.0,0.0,uncertain
hard,15,A,10,25,,loss,False,False,4-4-7,1,0,0.0,0.0,0.0,0.0,0.0,0.0,0.0,0.0,0.0,uncertain
hard,15,A,10,25,,loss,False,False,6-3-2-4,1,0,0.0,0.0,0.0,0.0,0.0,0.0,0.0,0.0,0.0,uncertain
hard,15,A,10,25,,loss,False,False,9-5-A,2,0,0.0,0.0,0.0,0.0,0.0,0.0,0.0,0.0,0.0,uncertain
hard,15,A,10,25,,loss,True,False,8-7,2,0,0.0,0.0,0.0,0.0,0.0,0.0,0.0,0.0,0.0,uncertain
hard,15,A,10,25,,loss,False,False,2-7-2-4,1,0,0.0,0.0,0.0,0.0,0.0,0.0,0.0,0.0,0.0,uncertain
hard,15,A,10,25,,loss,False,False,5-3-7,1,0,0.0,0.0,0.0,0.0,0.0,0.0,0.0,0.0,0.0,uncertain
hard,15,A,10,25,,loss,False,False,3-4-8,2,0,0.0,0.0,0.0,0.0,0.0,0.0,0.0,0.0,0.0,uncertain
hard,15,A,10,25,,loss,False,False,10-2-3,2,0,0.0,0.0,0.0,0.0,0.0,0.0,0.0,0.0,0.0,uncertain
hard,15,A,10,25,,loss,False,False,2-3-6-4,1,0,0.0,0.0,0.0,0.0,0.0,0.0,0.0,0.0,0.0,uncertain
hard,15,A,10,25,,loss,False,False,2-4-2-7,1,0,0.0,0.0,0.0,0.0,0.0,0.0,0.0,0.0,0.0,uncertain
hard,15,A,10,25,,loss,False,False,8-4-3,1,0,0.0,0.0,0.0,0.0,0.0,0.0,0.0,0.0,0.0,uncertain
hard,15,A,10,25,,loss,False,False,2-7-6,1,0,0.0,0.0,0.0,0.0,0.0,0.0,0.0,0.0,0.0,uncertain
hard,15,A,10,25,,loss,False,False,A-2-A-4-7,1,0,0.0,0.0,0.0,0.0,0.0,0.0,0.0,0.0,0.0,uncertain
hard,15,A,10,25,,loss,False,False,2-3-10,1,0,0.0,0.0,0.0,0.0,0.0,0.0,0.0,0.0,0.0,uncertain
hard,15,A,10,25,,loss,False,False,7-3-5,1,0,0.0,0.0,0.0,0.0,0.0,0.0,0.0,0.0,0.0,uncertain
hard,15,A,10,25,,loss,False,False,4-4-5-2,1,0,0.0,0.0,0.0,0.0,0.0,0.0,0.0,0.0,0.0,uncertain
hard,15,A,10,25,,loss,False,False,3-A-8-3,1,0,0.0,0.0,0.0,0.0,0.0,0.0,0.0,0.0,0.0,uncertain
hard,15,A,10,25,,loss,False,False,4-2-2-7,1,0,0.0,0.0,0.0,0.0,0.0,0.0,0.0,0.0,0.0,uncertain
hard,15,A,10,25,,loss,False,False,8-2-5,1,0,0.0,0.0,0.0,0.0,0.0,0.0,0.0,0.0,0.0,uncertain
hard,15,A,10,25,,loss,False,False,A-7-7,1,0,0.0,0.0,0.0,0.0,0.0,0.0,0.0,0.0,0.0,uncertain
hard,15,A,10,25,,loss,False,False,4-5-3-3,1,0,0.0,0.0,0.0,0.0,0.0,0.0,0.0,0.0,0.0,uncertain
hard,15,A,10,25,,loss,False,False,7-6-2,1,0,0.0,0.0,0.0,0.0,0.0,0.0,0.0,0.0,0.0,uncertain
hard,15,A,10,25,,loss,False,False,A-6-8,1,0,0.0,0.0,0.0,0.0,0.0,0.0,0.0,0.0,0.0,uncertain
hard,15,A,10,25,,loss,False,False,9-3-3,1,0,0.0,0.0,0.0,0.0,0.0,0.0,0.0,0.0,0.0,uncertain
hard,15,A,10,25,,loss,False,False,2-4-A-8,1,0,0.0,0.0,0.0,0.0,0.0,0.0,0.0,0.0,0.0,uncertain
hard,15,A,10,25,,loss,False,False,5-5-2-3,1,0,0.0,0.0,0.0,0.0,0.0,0.0,0.0,0.0,0.0,uncertain
hard,15,A,10,25,,loss,False,False,2-2-10-A,1,0,0.0,0.0,0.0,0.0,0.0,0.0,0.0,0.0,0.0,uncertain
hard,15,A,10,25,,loss,False,False,4-A-10,1,0,0.0,0.0,0.0,0.0,0.0,0.0,0.0,0.0,0.0,uncertain
hard,15,A,10,25,,loss,False,False,A-5-9,2,0,0.0,0.0,0.0,0.0,0.0,0.0,0.0,0.0,0.0,uncertain
hard,15,A,10,25,,loss,False,False,2-5-5-A-2,1,0,0.0,0.0,0.0,0.0,0.0,0.0,0.0,0.0,0.0,uncertain
hard,15,A,10,25,,loss,False,False,6-4-5,1,0,0.0,0.0,0.0,0.0,0.0,0.0,0.0,0.0,0.0,uncertain
hard,15,A,10,25,,loss,False,False,4-9-A-A,1,0,0.0,0.0,0.0,0.0,0.0,0.0,0.0,0.0,0.0,uncertain
hard,15,A,10,25,,loss,False,False,8-6-A,1,0,0.0,0.0,0.0,0.0,0.0,0.0,0.0,0.0,0.0,uncertain
hard,16,10,6,22,,loss,False,False,6-10,43,0,0.0,0.0,0.0,0.0,0.0,0.0,0.0,0.0,0.0,uncertain
hard,16,10,6,22,,loss,False,False,4-A-A-10,1,0,0.0,0.0,0.0,0.0,0.0,0.0,0.0,0.0,0.0,uncertain
hard,16,10,6,22,,loss,False,False,10-6,57,0,0.0,0.0,0.0,0.0,0.0,0.0,0.0,0.0,0.0,uncertain
hard,16,10,6,22,,loss,False,False,2-10-4,6,0,0.0,0.0,0.0,0.0,0.0,0.0,0.0,0.0,0.0,uncertain
hard,16,10,6,22,,loss,False,False,10-2-4,4,0,0.0,0.0,0.0,0.0,0.0,0.0,0.0,0.0,0.0,uncertain
hard,16,10,6,22,,loss,False,False,5-10-A,3,0,0.0,0.0,0.0,0.0,0.0,0.0,0.0,0.0,0.0,uncertain
hard,16,10,6,22,,loss,False,False,4-5-7,2,0,0.0,0.0,0.0,0.0,0.0,0.0,0.0,0.0,0.0,uncertain
hard,16,10,6,22,,loss,False,False,7-9,14,0,0.0,0.0,0.0,0.0,0.0,0.0,0.0,0.0,0.0,uncertain
hard,16,10,6,22,,loss,False,False,4-2-10,7,0,0.0,0.0,0.0,0.0,0.0,0.0,0.0,0.0,0.0,uncertain
hard,16,10,6,22,,loss,False,False,7-3-6,1,0,0.0,0.0,0.0,0.0,0.0,0.0,0.0,0.0,0.0,uncertain
hard,16,10,6,22,,loss,False,False,8-6-2,1,0,0.0,0.0,0.0,0.0,0.0,0.0,0.0,0.0,0.0,uncertain
hard,16,10,6,22,,loss,False,False,3-10-3,6,0,0.0,0.0,0.0,0.0,0.0,0.0,0.0,0.0,0.0,uncertain
hard,16,10,6,22,,loss,False,False,9-7,16,0,0.0,0.0,0.0,0.0,0.0,0.0,0.0,0.0,0.0,uncertain
hard,16,10,6,22,,loss,False,False,5-4-7,3,0,0.0,0.0,0.0,0.0,0.0,0.0,0.0,0.0,0.0,uncertain
hard,16,10,6,22,,loss,False,False,9-5-2,1,0,0.0,0.0,0.0,0.0,0.0,0.0,0.0,0.0,0.0,uncertain
hard,16,10,6,22,,loss,False,False,5-3-8,1,0,0.0,0.0,0.0,0.0,0.0,0.0,0.0,0.0,0.0,uncertain
hard,16,10,6,22,,loss,False,False,6-2-8,1,0,0.0,0.0,0.0,0.0,0.0,0.0,0.0,0.0,0.0,uncertain
hard,16,10,6,22,,loss,False,False,8-4-4,1,0,0.0,0.0,0.0,0.0,0.0,0.0,0.0,0.0,0.0,uncertain
hard,16,10,6,22,,loss,False,False,3-5-8,4,0,0.0,0.0,0.0,0.0,0.0,0.0,0.0,0.0,0.0,uncertain
hard,16,10,6,22,,loss,False,False,6-A-9,1,0,0.0,0.0,0.0,0.0,0.0,0.0,0.0,0.0,0.0,uncertain
hard,16,10,6,22,,loss,False,False,6-7-2-A,1,0,0.0,0.0,0.0,0.0,0.0,0.0,0.0,0.0,0.0,uncertain
hard,16,10,6,22,,loss,False,False,6-7-3,1,0,0.0,0.0,0.0,0.0,0.0,0.0,0.0,0.0,0.0,uncertain
hard,16,10,6,22,,loss,False,False,A-5-10,5,0,0.0,0.0,0.0,0.0,0.0,0.0,0.0,0.0,0.0,uncertain
hard,16,10,6,22,,loss,False,False,2-A-3-10,2,0,0.0,0.0,0.0,0.0,0.0,0.0,0.0,0.0,0.0,uncertain
hard,16,10,6,22,,loss,False,False,4-10-A-A,2,0,0.0,0.0,0.0,0.0,0.0,0.0,0.0,0.0,0.0,uncertain
hard,16,10,6,22,,loss,False,False,7-3-5-A,1,0,0.0,0.0,0.0,0.0,0.0,0.0,0.0,0.0,0.0,uncertain
hard,16,10,6,22,,loss,False,False,7-7-2,2,0,0.0,0.0,0.0,0.0,0.0,0.0,0.0,0.0,0.0,uncertain
hard,16,10,6,22,,loss,False,False,9-6-A,2,0,0.0,0.0,0.0,0.0,0.0,0.0,0.0,0.0,0.0,uncertain
hard,16,10,6,22,,loss,False,False,A-5-A-9,1,0,0.0,0.0,0.0,0.0,0.0,0.0,0.0,0.0,0.0,uncertain
hard,16,10,6,22,,loss,False,False,A-4-3-8,1,0,0.0,0.0,0.0,0.0,0.0,0.0,0.0,0.0,0.0,uncertain
hard,16,10,6,22,,loss,False,False,2-3-9-2,1,0,0.0,0.0,0.0,0.0,0.0,0.0,0.0,0.0,0.0,uncertain
hard,16,10,6,22,,loss,False,False,5-3-3-5,2,0,0.0,0.0,0.0,0.0,0.0,0.0,0.0,0.0,0.0,uncertain
hard,16,10,6,22,,loss,False,False,3-7-3-3,1,0,0.0,0.0,0.0,0.0,0.0,0.0,0.0,0.0,0.0,uncertain
hard,16,10,6,22,,loss,False,False,5-5-6,2,0,0.0,0.0,0.0,0.0,0.0,0.0,0.0,0.0,0.0,uncertain
hard,16,10,6,22,,loss,False,False,3-A-2-2-4-4,1,0,0.0,0.0,0.0,0.0,0.0,0.0,0.0,0.0,0.0,uncertain
hard,16,10,6,22,,loss,False,False,6-3-5-2,1,0,0.0,0.0,0.0,0.0,0.0,0.0,0.0,0.0,0.0,uncertain
hard,16,10,6,22,,loss,False,False,6-2-4-4,1,0,0.0,0.0,0.0,0.0,0.0,0.0,0.0,0.0,0.0,uncertain
hard,16,10,6,22,,loss,False,False,2-4-10,5,0,0.0,0.0,0.0,0.0,0.0,0.0,0.0,0.0,0.0,uncertain
hard,16,10,6,22,,loss,False,False,7-6-3,1,0,0.0,0.0,0.0,0.0,0.0,0.0,0.0,0.0,0.0,uncertain
hard,16,10,6,22,,loss,False,False,3-4-9,1,0,0.0,0.0,0.0,0.0,0.0,0.0,0.0,0.0,0.0,uncertain
hard,16,10,6,22,,loss,False,False,2-5-6-2-A,1,0,0.0,0.0,0.0,0.0,0.0,0.0,0.0,0.0,0.0,uncertain
hard,16,10,6,22,,loss,False,False,5-A-10,3,0,0.0,0.0,0.0,0.0,0.0,0.0,0.0,0.0,0.0,uncertain
hard,16,10,6,22,,loss,False,False,5-A-7-3,1,0,0.0,0.0,0.0,0.0,0.0,0.0,0.0,0.0,0.0,uncertain
hard,16,10,6,22,,loss,False,False,4-A-8-3,1,0,0.0,0.0,0.0,0.0,0.0,0.0,0.0,0.0,0.0,uncertain
hard,16,10,6,22,,loss,True,False,8-2-6,1,0,0.0,0.0,0.0,0.0,0.0,0.0,0.0,0.0,0.0,uncertain
hard,16,10,6,22,,loss,False,False,10-3-3,6,0,0.0,0.0,0.0,0.0,0.0,0.0,0.0,0.0,0.0,uncertain
hard,16,10,6,22,,loss,False,False,3-2-10-A,1,0,0.0,0.0,0.0,0.0,0.0,0.0,0.0,0.0,0.0,uncertain
hard,16,10,6,22,,loss,False,False,3-3-10,2,0,0.0,0.0,0.0,0.0,0.0,0.0,0.0,0.0,0.0,uncertain
hard,16,10,6,22,,loss,False,False,7-8-A,1,0,0.0,0.0,0.0,0.0,0.0,0.0,0.0,0.0,0.0,uncertain
hard,16,10,6,22,,loss,False,False,3-3-A-8-A,1,0,0.0,0.0,0.0,0.0,0.0,0.0,0.0,0.0,0.0,uncertain
hard,16,10,6,22,,loss,False,False,3-2-A-10,1,0,0.0,0.0,0.0,0.0,0.0,0.0,0.0,0.0,0.0,uncertain
hard,16,10,6,22,,loss,False,False,10-5-A,2,0,0.0,0.0,0.0,0.0,0.0,0.0,0.0,0.0,0.0,uncertain
hard,16,10,6,22,,loss,False,False,4-3-2-2-5,1,0,0.0,0.0,0.0,0.0,0.0,0.0,0.0,0.0,0.0,uncertain
hard,16,10,6,22,,loss,False,False,3-3-3-3-4,1,0,0.0,0.0,0.0,0.0,0.0,0.0,0.0,0.0,0.0,uncertain
hard,16,10,6,22,,loss,False,False,5-7-4,1,0,0.0,0.0,0.0,0.0,0.0,0.0,0.0,0.0,0.0,uncertain
hard,16,10,6,22,,loss,False,False,2-10-3-A,1,0,0.0,0.0,0.0,0.0,0.0,0.0,0.0,0.0,0.0,uncertain
hard,16,10,6,22,,loss,False,False,10-4-2,3,0,0.0,0.0,0.0,0.0,0.0,0.0,0.0,0.0,0.0,uncertain
hard,16,10,6,22,,loss,False,False,2-7-7,1,0,0.0,0.0,0.0,0.0,0.0,0.0,0.0,0.0,0.0,uncertain
hard,16,10,6,22,,loss,False,False,6-4-6,2,0,0.0,0.0,0.0,0.0,0.0,0.0,0.0,0.0,0.0,uncertain
hard,16,10,6,22,,loss,False,False,3-A-3-9,1,0,0.0,0.0,0.0,0.0,0.0,0.0,0.0,0.0,0.0,uncertain
hard,16,10,6,22,,loss,False,False,6-3-7,1,0,0.0,0.0,0.0,0.0,0.0,0.0,0.0,0.0,0.0,uncertain
hard,16,10,6,22,,loss,False,False,5-9-2,2,0,0.0,0.0,0.0,0.0,0.0,0.0,0.0,0.0,0.0,uncertain
hard,16,10,6,22,,loss,False,False,2-2-3-9,1,0,0.0,0.0,0.0,0.0,0.0,0.0,0.0,0.0,0.0,uncertain
hard,16,10,6,22,,loss,False,False,2-3-A-10,1,0,0.0,0.0,0.0,0.0,0.0,0.0,0.0,0.0,0.0,uncertain
hard,16,10,6,22,,loss,False,False,9-3-4,1,0,0.0,0.0,0.0,0.0,0.0,0.0,0.0,0.0,0.0,uncertain
hard,16,10,6,22,,loss,False,False,2-3-5-6,1,0,0.0,0.0,0.0,0.0,0.0,0.0,0.0,0.0,0.0,uncertain
hard,16,10,6,22,,loss,False,False,4-A-10-A,1,0,0.0,0.0,0.0,0.0,0.0,0.0,0.0,0.0,0.0,uncertain
hard,16,10,6,22,,loss,False,False,4-3-9,1,0,0.0,0.0,0.0,0.0,0.0,0.0,0.0,0.0,0.0,uncertain
hard,16,10,6,22,,loss,False,False,10-2-3-A,1,0,0.0,0.0,0.0,0.0,0.0,0.0,0.0,0.0,0.0,uncertain
hard,16,10,6,22,,loss,False,False,2-6-8,1,0,0.0,0.0,0.0,0.0,0.0,0.0,0.0,0.0,0.0,uncertain
hard,16,10,6,22,,loss,False,False,10-2-A-3,1,0,0.0,0.0,0.0,0.0,0.0,0.0,0.0,0.0,0.0,uncertain
hard,16,10,6,22,,loss,False,False,8-5-3,1,0,0.0,0.0,0.0,0.0,0.0,0.0,0.0,0.0,0.0,uncertain
hard,16,10,6,22,,loss,False,False,2-4-8-2,1,0,0.0,0.0,0.0,0.0,0.0,0.0,0.0,0.0,0.0,uncertain
hard,16,10,6,22,,loss,False,False,3-A-8-4,1,0,0.0,0.0,0.0,0.0,0.0,0.0,0.0,0.0,0.0,uncertain
hard,16,10,6,22,,loss,False,False,10-3-A-A-A,1,0,0.0,0.0,0.0,0.0,0.0,0.0,0.0,0.0,0.0,uncertain
hard,16,10,6,22,,loss,False,False,3-2-3-8,1,0,0.0,0.0,0.0,0.0,0.0,0.0,0.0,0.0,0.0,uncertain
hard,16,10,6,22,,loss,False,False,7-A-8,1,0,0.0,0.0,0.0,0.0,0.0,0.0,0.0,0.0,0.0,uncertain
hard,16,10,6,22,,loss,False,False,2-8-4-2,1,0,0.0,0.0,0.0,0.0,0.0,0.0,0.0,0.0,0.0,uncertain
hard,16,10,6,22,,loss,False,False,4-9-3,1,0,0.0,0.0,0.0,0.0,0.0,0.0,0.0,0.0,0.0,uncertain
hard,16,10,7,23,,loss,False,False,2-5-7-2,1,0,0.0,0.0,0.0,0.0,0.0,0.0,0.0,0.0,0.0,uncertain
hard,16,10,7,23,,loss,False,False,2-6-2-6,1,0,0.0,0.0,0.0,0.0,0.0,0.0,0.0,0.0,0.0,uncertain
hard,16,10,7,23,,loss,False,False,3-4-9,1,0,0.0,0.0,0.0,0.0,0.0,0.0,0.0,0.0,0.0,uncertain
hard,16,10,7,23,,loss,False,False,3-10-2-A,1,0,0.0,0.0,0.0,0.0,0.0,0.0,0.0,0.0,0.0,uncertain
hard,16,10,7,23,,loss,False,False,2-5-6-3,1,0,0.0,0.0,0.0,0.0,0.0,0.0,0.0,0.0,0.0,uncertain
hard,16,10,7,23,,loss,False,False,2-4-10,6,0,0.0,0.0,0.0,0.0,0.0,0.0,0.0,0.0,0.0,uncertain
hard,16,10,7,23,,loss,False,False,3-10-3,6,0,0.0,0.0,0.0,0.0,0.0,0.0,0.0,0.0,0.0,uncertain
hard,16,10,7,23,,loss,False,False,6-10,47,0,0.0,0.0,0.0,0.0,0.0,0.0,0.0,0.0,0.0,uncertain
hard,16,10,7,23,,loss,False,False,7-9,15,0,0.0,0.0,0.0,0.0,0.0,0.0,0.0,0.0,0.0,uncertain
hard,16,10,7,23,,loss,False,False,4-4-8,4,0,0.0,0.0,0.0,0.0,0.0,0.0,0.0,0.0,0.0,uncertain
hard,16,10,7,23,,loss,False,False,10-6,57,0,0.0,0.0,0.0,0.0,0.0,0.0,0.0,0.0,0.0,uncertain
hard,16,10,7,23,,loss,False,False,A-5-10,5,0,0.0,0.0,0.0,0.0,0.0,0.0,0.0,0.0,0.0,uncertain
hard,16,10,7,23,,loss,False,False,3-4-2-7,1,0,0.0,0.0,0.0,0.0,0.0,0.0,0.0,0.0,0.0,uncertain
hard,16,10,7,23,,loss,False,False,9-7,7,0,0.0,0.0,0.0,0.0,0.0,0.0,0.0,0.0,0.0,uncertain
hard,16,10,7,23,,loss,False,False,8-5-3,2,0,0.0,0.0,0.0,0.0,0.0,0.0,0.0,0.0,0.0,uncertain
hard,16,10,7,23,,loss,False,False,5-10-A,4,0,0.0,0.0,0.0,0.0,0.0,0.0,0.0,0.0,0.0,uncertain
hard,16,10,7,23,,loss,False,False,6-8-2,2,0,0.0,0.0,0.0,0.0,0.0,0.0,0.0,0.0,0.0,uncertain
hard,16,10,7,23,,loss,False,False,8-2-6,1,0,0.0,0.0,0.0,0.0,0.0,0.0,0.0,0.0,0.0,uncertain
hard,16,10,7,23,,loss,False,False,4-6-6,1,0,0.0,0.0,0.0,0.0,0.0,0.0,0.0,0.0,0.0,uncertain
hard,16,10,7,23,,loss,False,False,5-5-6,1,0,0.0,0.0,0.0,0.0,0.0,0.0,0.0,0.0,0.0,uncertain
hard,16,10,7,23,,loss,False,False,2-A-3-10,1,0,0.0,0.0,0.0,0.0,0.0,0.0,0.0,0.0,0.0,uncertain
hard,16,10,7,23,,loss,False,False,2-5-9,2,0,0.0,0.0,0.0,0.0,0.0,0.0,0.0,0.0,0.0,uncertain
hard,16,10,7,23,,loss,False,False,5-4-7,3,0,0.0,0.0,0.0,0.0,0.0,0.0,0.0,0.0,0.0,uncertain
hard,16,10,7,23,,loss,False,False,4-8-4,1,0,0.0,0.0,0.0,0.0,0.0,0.0,0.0,0.0,0.0,uncertain
hard,16,10,7,23,,loss,False,False,3-3-10,6,0,0.0,0.0,0.0,0.0,0.0,0.0,0.0,0.0,0.0,uncertain
hard,16,10,7,23,,loss,False,False,10-2-4,1,0,0.0,0.0,0.0,0.0,0.0,0.0,0.0,0.0,0.0,uncertain
hard,16,10,7,23,,loss,False,False,4-10-2,3,0,0.0,0.0,0.0,0.0,0.0,0.0,0.0,0.0,0.0,uncertain
hard,16,10,7,23,,loss,False,False,2-8-4-A-A,1,0,0.0,0.0,0.0,0.0,0.0,0.0,0.0,0.0,0.0,uncertain
hard,16,10,7,23,,loss,False,False,6-6-4,3,0,0.0,0.0,0.0,0.0,0.0,0.0,0.0,0.0,0.0,uncertain
hard,16,10,7,23,,loss,False,False,6-2-2-4-2,1,0,0.0,0.0,0.0,0.0,0.0,0.0,0.0,0.0,0.0,uncertain
hard,16,10,7,23,,loss,False,False,5-9-2,1,0,0.0,0.0,0.0,0.0,0.0,0.0,0.0,0.0,0.0,uncertain
hard,16,10,7,23,,loss,False,False,A-6-9,2,0,0.0,0.0,0.0,0.0,0.0,0.0,0.0,0.0,0.0,uncertain
hard,16,10,7,23,,loss,False,False,3-5-8,2,0,0.0,0.0,0.0,0.0,0.0,0.0,0.0,0.0,0.0,uncertain
hard,16,10,7,23,,loss,False,False,3-2-A-10,1,0,0.0,0.0,0.0,0.0,0.0,0.0,0.0,0.0,0.0,uncertain
hard,16,10,7,23,,loss,False,False,9-4-A-2,1,0,0.0,0.0,0.0,0.0,0.0,0.0,0.0,0.0,0.0,uncertain
hard,16,10,7,23,,loss,True,False,8-2-6,1,0,0.0,0.0,0.0,0.0,0.0,0.0,0.0,0.0,0.0,uncertain
hard,16,10,7,23,,loss,False,False,4-3-A-8,1,0,0.0,0.0,0.0,0.0,0.0,0.0,0.0,0.0,0.0,uncertain
hard,16,10,7,23,,loss,False,False,4-2-4-6,1,0,0.0,0.0,0.0,0.0,0.0,0.0,0.0,0.0,0.0,uncertain
hard,16,10,7,23,,loss,False,False,2-7-7,2,0,0.0,0.0,0.0,0.0,0.0,0.0,0.0,0.0,0.0,uncertain
hard,16,10,7,23,,loss,False,False,7-6-3,4,0,0.0,0.0,0.0,0.0,0.0,0.0,0.0,0.0,0.0,uncertain
hard,16,10,7,23,,loss,False,False,5-3-3-2-3,1,0,0.0,0.0,0.0,0.0,0.0,0.0,0.0,0.0,0.0,uncertain
hard,16,10,7,23,,loss,False,False,10-4-2,2,0,0.0,0.0,0.0,0.0,0.0,0.0,0.0,0.0,0.0,uncertain
hard,16,10,7,23,,loss,False,False,5-8-3,2,0,0.0,0.0,0.0,0.0,0.0,0.0,0.0,0.0,0.0,uncertain
hard,16,10,7,23,,loss,False,False,10-5-A,4,0,0.0,0.0,0.0,0.0,0.0,0.0,0.0,0.0,0.0,uncertain
hard,16,10,7,23,,loss,False,False,4-2-10,3,0,0.0,0.0,0.0,0.0,0.0,0.0,0.0,0.0,0.0,uncertain
hard,16,10,7,23,,loss,False,False,9-4-3,1,0,0.0,0.0,0.0,0.0,0.0,0.0,0.0,0.0,0.0,uncertain
hard,16,10,7,23,,loss,False,False,6-2-3-5,1,0,0.0,0.0,0.0,0.0,0.0,0.0,0.0,0.0,0.0,uncertain
hard,16,10,7,23,,loss,False,False,10-2-A-3,2,0,0.0,0.0,0.0,0.0,0.0,0.0,0.0,0.0,0.0,uncertain
hard,16,10,7,23,,loss,False,False,10-3-3,2,0,0.0,0.0,0.0,0.0,0.0,0.0,0.0,0.0,0.0,uncertain
hard,16,10,7,23,,loss,False,False,5-8-2-A,1,0,0.0,0.0,0.0,0.0,0.0,0.0,0.0,0.0,0.0,uncertain
hard,16,10,7,23,,loss,False,False,3-A-9-3,1,0,0.0,0.0,0.0,0.0,0.0,0.0,0.0,0.0,0.0,uncertain
hard,16,10,7,23,,loss,False,False,5-A-10,3,0,0.0,0.0,0.0,0.0,0.0,0.0,0.0,0.0,0.0,uncertain
hard,16,10,7,23,,loss,False,False,A-5-A-9,1,0,0.0,0.0,0.0,0.0,0.0,0.0,0.0,0.0,0.0,uncertain
hard,16,10,7,23,,loss,False,False,8-2-5-A,1,0,0.0,0.0,0.0,0.0,0.0,0.0,0.0,0.0,0.0,uncertain
hard,16,10,7,23,,loss,False,False,6-3-7,1,0,0.0,0.0,0.0,0.0,0.0,0.0,0.0,0.0,0.0,uncertain
hard,16,10,7,23,,loss,False,False,2-5-4-5,1,0,0.0,0.0,0.0,0.0,0.0,0.0,0.0,0.0,0.0,uncertain
hard,16,10,7,23,,loss,False,False,7-3-2-4,1,0,0.0,0.0,0.0,0.0,0.0,0.0,0.0,0.0,0.0,uncertain
hard,16,10,7,23,,loss,False,False,8-4-2-2,1,0,0.0,0.0,0.0,0.0,0.0,0.0,0.0,0.0,0.0,uncertain
hard,16,10,7,23,,loss,False,False,A-7-8,2,0,0.0,0.0,0.0,0.0,0.0,0.0,0.0,0.0,0.0,uncertain
hard,16,10,7,23,,loss,False,False,2-3-A-10,1,0,0.0,0.0,0.0,0.0,0.0,0.0,0.0,0.0,0.0,uncertain
hard,16,10,7,23,,loss,False,False,10-2-2-2,1,0,0.0,0.0,0.0,0.0,0.0,0.0,0.0,0.0,0.0,uncertain
hard,16,10,7,23,,loss,False,False,2-10-4,2,0,0.0,0.0,0.0,0.0,0.0,0.0,0.0,0.0,0.0,uncertain
hard,16,10,7,23,,loss,False,False,5-2-A-8,1,0,0.0,0.0,0.0,0.0,0.0,0.0,0.0,0.0,0.0,uncertain
hard,16,10,7,23,,loss,False,False,9-5-2,1,0,0.0,0.0,0.0,0.0,0.0,0.0,0.0,0.0,0.0,uncertain
hard,16,10,7,23,,loss,False,False,4-2-A-9,1,0,0.0,0.0,0.0,0.0,0.0,0.0,0.0,0.0,0.0,uncertain
hard,16,10,7,23,,loss,False,False,3-3-9-A,1,0,0.0,0.0,0.0,0.0,0.0,0.0,0.0,0.0,0.0,uncertain
hard,16,10,7,23,,loss,False,False,6-2-4-4,1,0,0.0,0.0,0.0,0.0,0.0,0.0,0.0,0.0,0.0,uncertain
hard,16,10,7,23,,loss,False,False,A-4-9-2,1,0,0.0,0.0,0.0,0.0,0.0,0.0,0.0,0.0,0.0,uncertain
hard,16,10,7,23,,loss,False,False,8-4-3-A,1,0,0.0,0.0,0.0,0.0,0.0,0.0,0.0,0.0,0.0,uncertain
hard,16,10,7,23,,loss,False,False,7-3-6,2,0,0.0,0.0,0.0,0.0,0.0,0.0,0.0,0.0,0.0,uncertain
hard,16,10,7,23,,loss,False,False,6-7-3,1,0,0.0,0.0,0.0,0.0,0.0,0.0,0.0,0.0,0.0,uncertain
hard,16,10,7,23,,loss,False,False,7-2-7,1,0,0.0,0.0,0.0,0.0,0.0,0.0,0.0,0.0,0.0,uncertain
hard,16,10,7,23,,loss,False,False,7-8-A,2,0,0.0,0.0,0.0,0.0,0.0,0.0,0.0,0.0,0.0,uncertain
hard,16,10,7,23,,loss,False,False,4-2-5-5,1,0,0.0,0.0,0.0,0.0,0.0,0.0,0.0,0.0,0.0,uncertain
hard,16,10,7,23,,loss,False,False,2-10-3-A,2,0,0.0,0.0,0.0,0.0,0.0,0.0,0.0,0.0,0.0,uncertain
hard,16,10,7,23,,loss,False,False,3-A-2-A-9,1,0,0.0,0.0,0.0,0.0,0.0,0.0,0.0,0.0,0.0,uncertain
hard,16,10,7,23,,loss,False,False,3-9-4,1,0,0.0,0.0,0.0,0.0,0.0,0.0,0.0,0.0,0.0,uncertain
hard,16,10,7,23,,loss,False,False,2-3-8-3,1,0,0.0,0.0,0.0,0.0,0.0,0.0,0.0,0.0,0.0,uncertain
hard,16,10,7,23,,loss,False,False,8-6-2,1,0,0.0,0.0,0.0,0.0,0.0,0.0,0.0,0.0,0.0,uncertain
hard,16,10,7,23,,loss,False,False,7-A-8,1,0,0.0,0.0,0.0,0.0,0.0,0.0,0.0,0.0,0.0,uncertain
hard,16,10,7,23,,loss,False,False,5-A-8-2,1,0,0.0,0.0,0.0,0.0,0.0,0.0,0.0,0.0,0.0,uncertain
hard,16,10,7,23,,loss,False,False,2-8-6,1,0,0.0,0.0,0.0,0.0,0.0,0.0,0.0,0.0,0.0,uncertain
hard,16,10,7,23,,loss,False,False,7-3-3-3,1,0,0.0,0.0,0.0,0.0,0.0,0.0,0.0,0.0,0.0,uncertain
hard,16,10,7,23,,loss,False,False,3-10-A-2,1,0,0.0,0.0,0.0,0.0,0.0,0.0,0.0,0.0,0.0,uncertain
hard,16,10,7,23,,loss,False,False,6-9-A,1,0,0.0,0.0,0.0,0.0,0.0,0.0,0.0,0.0,0.0,uncertain
hard,16,10,7,23,,loss,False,False,3-6-4-3,1,0,0.0,0.0,0.0,0.0,0.0,0.0,0.0,0.0,0.0,uncertain
hard,16,10,7,23,,loss,False,False,5-3-8,1,0,0.0,0.0,0.0,0.0,0.0,0.0,0.0,0.0,0.0,uncertain
hard,16,10,7,23,,loss,False,False,2-3-5-6,1,0,0.0,0.0,0.0,0.0,0.0,0.0,0.0,0.0,0.0,uncertain
hard,16,10,7,23,,loss,False,False,6-4-6,1,0,0.0,0.0,0.0,0.0,0.0,0.0,0.0,0.0,0.0,uncertain
hard,16,10,7,23,,loss,False,False,2-10-A-3,1,0,0.0,0.0,0.0,0.0,0.0,0.0,0.0,0.0,0.0,uncertain
hard,16,10,7,23,,loss,False,False,7-5-A-3,1,0,0.0,0.0,0.0,0.0,0.0,0.0,0.0,0.0,0.0,uncertain
hard,16,10,7,23,,loss,False,False,4-3-9,1,0,0.0,0.0,0.0,0.0,0.0,0.0,0.0,0.0,0.0,uncertain
hard,16,10,7,23,,loss,False,False,7-5-4,1,0,0.0,0.0,0.0,0.0,0.0,0.0,0.0,0.0,0.0,uncertain
hard,16,10,7,23,,loss,False,False,4-2-6-4,1,0,0.0,0.0,0.0,0.0,0.0,0.0,0.0,0.0,0.0,uncertain
hard,16,10,7,23,,loss,False,False,3-A-2-10,1,0,0.0,0.0,0.0,0.0,0.0,0.0,0.0,0.0,0.0,uncertain
hard,16,10,8,24,,loss,False,False,10-6,46,0,0.0,0.0,0.0,0.0,0.0,0.0,0.0,0.0,0.0,uncertain
hard,16,10,8,24,,loss,False,False,5-3-8,1,0,0.0,0.0,0.0,0.0,0.0,0.0,0.0,0.0,0.0,uncertain
hard,16,10,8,24,,loss,False,False,6-10,42,0,0.0,0.0,0.0,0.0,0.0,0.0,0.0,0.0,0.0,uncertain
hard,16,10,8,24,,loss,False,False,3-9-4,1,0,0.0,0.0,0.0,0.0,0.0,0.0,0.0,0.0,0.0,uncertain
hard,16,10,8,24,,loss,False,False,4-8-3-A,1,0,0.0,0.0,0.0,0.0,0.0,0.0,0.0,0.0,0.0,uncertain
hard,16,10,8,24,,loss,False,False,A-6-9,1,0,0.0,0.0,0.0,0.0,0.0,0.0,0.0,0.0,0.0,uncertain
hard,16,10,8,24,,loss,False,False,5-A-A-9,1,0,0.0,0.0,0.0,0.0,0.0,0.0,0.0,0.0,0.0,uncertain
hard,16,10,8,24,,loss,False,False,10-2-4,4,0,0.0,0.0,0.0,0.0,0.0,0.0,0.0,0.0,0.0,uncertain
hard,16,10,8,24,,loss,False,False,10-4-2,7,0,0.0,0.0,0.0,0.0,0.0,0.0,0.0,0.0,0.0,uncertain
hard,16,10,8,24,,loss,False,False,8-7-A,1,0,0.0,0.0,0.0,0.0,0.0,0.0,0.0,0.0,0.0,uncertain
hard,16,10,8,24,,loss,False,False,9-7,11,0,0.0,0.0,0.0,0.0,0.0,0.0,0.0,0.0,0.0,uncertain
hard,16,10,8,24,,loss,False,False,3-6-7,2,0,0.0,0.0,0.0,0.0,0.0,0.0,0.0,0.0,0.0,uncertain
hard,16,10,8,24,,loss,False,False,7-9,18,0,0.0,0.0,0.0,0.0,0.0,0.0,0.0,0.0,0.0,uncertain
hard,16,10,8,24,,loss,False,False,8-6-2,4,0,0.0,0.0,0.0,0.0,0.0,0.0,0.0,0.0,0.0,uncertain
hard,16,10,8,24,,loss,False,False,2-10-4,3,0,0.0,0.0,0.0,0.0,0.0,0.0,0.0,0.0,0.0,uncertain
hard,16,10,8,24,,loss,False,False,5-10-A,3,0,0.0,0.0,0.0,0.0,0.0,0.0,0.0,0.0,0.0,uncertain
hard,16,10,8,24,,loss,False,False,A-4-10-A,2,0,0.0,0.0,0.0,0.0,0.0,0.0,0.0,0.0,0.0,uncertain
hard,16,10,8,24,,loss,False,False,3-5-8,1,0,0.0,0.0,0.0,0.0,0.0,0.0,0.0,0.0,0.0,uncertain
hard,16,10,8,24,,loss,False,False,5-2-9,3,0,0.0,0.0,0.0,0.0,0.0,0.0,0.0,0.0,0.0,uncertain
hard,16,10,8,24,,loss,False,False,4-A-A-10,1,0,0.0,0.0,0.0,0.0,0.0,0.0,0.0,0.0,0.0,uncertain
hard,16,10,8,24,,loss,False,False,9-3-4,1,0,0.0,0.0,0.0,0.0,0.0,0.0,0.0,0.0,0.0,uncertain
hard,16,10,8,24,,loss,False,False,6-8-2,2,0,0.0,0.0,0.0,0.0,0.0,0.0,0.0,0.0,0.0,uncertain
hard,16,10,8,24,,loss,False,False,A-2-2-10-A,1,0,0.0,0.0,0.0,0.0,0.0,0.0,0.0,0.0,0.0,uncertain
hard,16,10,8,24,,loss,False,False,4-10-2,3,0,0.0,0.0,0.0,0.0,0.0,0.0,0.0,0.0,0.0,uncertain
hard,16,10,8,24,,loss,False,False,2-2-3-8-A,1,0,0.0,0.0,0.0,0.0,0.0,0.0,0.0,0.0,0.0,uncertain
hard,16,10,8,24,,loss,False,False,7-8-A,1,0,0.0,0.0,0.0,0.0,0.0,0.0,0.0,0.0,0.0,uncertain
hard,16,10,8,24,,loss,False,False,6-2-5-A-2,1,0,0.0,0.0,0.0,0.0,0.0,0.0,0.0,0.0,0.0,uncertain
hard,16,10,8,24,,loss,False,False,7-7-2,2,0,0.0,0.0,0.0,0.0,0.0,0.0,0.0,0.0,0.0,uncertain
hard,16,10,8,24,,loss,False,False,3-3-10,6,0,0.0,0.0,0.0,0.0,0.0,0.0,0.0,0.0,0.0,uncertain
hard,16,10,8,24,,loss,False,False,5-A-10,2,0,0.0,0.0,0.0,0.0,0.0,0.0,0.0,0.0,0.0,uncertain
hard,16,10,8,24,,loss,False,False,2-7-7,1,0,0.0,0.0,0.0,0.0,0.0,0.0,0.0,0.0,0.0,uncertain
hard,16,10,8,24,,loss,False,False,7-5-4,2,0,0.0,0.0,0.0,0.0,0.0,0.0,0.0,0.0,0.0,uncertain
hard,16,10,8,24,,loss,False,False,9-4-3,4,0,0.0,0.0,0.0,0.0,0.0,0.0,0.0,0.0,0.0,uncertain
hard,16,10,8,24,,loss,False,False,3-10-3,4,0,0.0,0.0,0.0,0.0,0.0,0.0,0.0,0.0,0.0,uncertain
hard,16,10,8,24,,loss,False,False,3-4-2-4-A-A-A,1,0,0.0,0.0,0.0,0.0,0.0,0.0,0.0,0.0,0.0,uncertain
hard,16,10,8,24,,loss,False,False,8-5-2-A,1,0,0.0,0.0,0.0,0.0,0.0,0.0,0.0,0.0,0.0,uncertain
hard,16,10,8,24,,loss,False,False,10-5-A,4,0,0.0,0.0,0.0,0.0,0.0,0.0,0.0,0.0,0.0,uncertain
hard,16,10,8,24,,loss,False,False,5-8-3,2,0,0.0,0.0,0.0,0.0,0.0,0.0,0.0,0.0,0.0,uncertain
hard,16,10,8,24,,loss,False,False,6-4-6,1,0,0.0,0.0,0.0,0.0,0.0,0.0,0.0,0.0,0.0,uncertain
hard,16,10,8,24,,loss,False,False,5-2-4-5,1,0,0.0,0.0,0.0,0.0,0.0,0.0,0.0,0.0,0.0,uncertain
hard,16,10,8,24,,loss,False,False,7-7-A-A,1,0,0.0,0.0,0.0,0.0,0.0,0.0,0.0,0.0,0.0,uncertain
hard,16,10,8,24,,loss,False,False,4-2-10,4,0,0.0,0.0,0.0,0.0,0.0,0.0,0.0,0.0,0.0,uncertain
hard,16,10,8,24,,loss,False,False,2-3-6-5,1,0,0.0,0.0,0.0,0.0,0.0,0.0,0.0,0.0,0.0,uncertain
hard,16,10,8,24,,loss,False,False,A-5-10,2,0,0.0,0.0,0.0,0.0,0.0,0.0,0.0,0.0,0.0,uncertain
hard,16,10,8,24,,loss,False,False,8-2-6,1,0,0.0,0.0,0.0,0.0,0.0,0.0,0.0,0.0,0.0,uncertain
hard,16,10,8,24,,loss,False,False,4-6-6,1,0,0.0,0.0,0.0,0.0,0.0,0.0,0.0,0.0,0.0,uncertain
hard,16,10,8,24,,loss,False,False,7-2-2-5,1,0,0.0,0.0,0.0,0.0,0.0,0.0,0.0,0.0,0.0,uncertain
hard,16,10,8,24,,loss,False,False,4-3-9,1,0,0.0,0.0,0.0,0.0,0.0,0.0,0.0,0.0,0.0,uncertain
hard,16,10,8,24,,loss,False,False,7-6-3,1,0,0.0,0.0,0.0,0.0,0.0,0.0,0.0,0.0,0.0,uncertain
hard,16,10,8,24,,loss,False,False,6-7-3,2,0,0.0,0.0,0.0,0.0,0.0,0.0,0.0,0.0,0.0,uncertain
hard,16,10,8,24,,loss,False,False,7-2-7,1,0,0.0,0.0,0.0,0.0,0.0,0.0,0.0,0.0,0.0,uncertain
hard,16,10,8,24,,loss,False,False,5-5-6,2,0,0.0,0.0,0.0,0.0,0.0,0.0,0.0,0.0,0.0,uncertain
hard,16,10,8,24,,loss,False,False,4-A-2-9,1,0,0.0,0.0,0.0,0.0,0.0,0.0,0.0,0.0,0.0,uncertain
hard,16,10,8,24,,loss,False,False,4-9-3,1,0,0.0,0.0,0.0,0.0,0.0,0.0,0.0,0.0,0.0,uncertain
hard,16,10,8,24,,loss,False,False,4-4-8,1,0,0.0,0.0,0.0,0.0,0.0,0.0,0.0,0.0,0.0,uncertain
hard,16,10,8,24,,loss,False,False,3-3-7-3,1,0,0.0,0.0,0.0,0.0,0.0,0.0,0.0,0.0,0.0,uncertain
hard,16,10,8,24,,loss,False,False,8-4-4,1,0,0.0,0.0,0.0,0.0,0.0,0.0,0.0,0.0,0.0,uncertain
hard,16,10,8,24,,loss,False,False,A-4-A-8-2,1,0,0.0,0.0,0.0,0.0,0.0,0.0,0.0,0.0,0.0,uncertain
hard,16,10,8,24,,loss,False,False,9-5-2,1,0,0.0,0.0,0.0,0.0,0.0,0.0,0.0,0.0,0.0,uncertain
hard,16,10,8,24,,loss,False,False,6-3-7,1,0,0.0,0.0,0.0,0.0,0.0,0.0,0.0,0.0,0.0,uncertain
hard,16,10,8,24,,loss,False,False,2-5-6-3,1,0,0.0,0.0,0.0,0.0,0.0,0.0,0.0,0.0,0.0,uncertain
hard,16,10,8,24,,loss,False,False,2-10-A-3,1,0,0.0,0.0,0.0,0.0,0.0,0.0,0.0,0.0,0.0,uncertain
hard,16,10,8,24,,loss,False,False,A-3-2-6-4,1,0,0.0,0.0,0.0,0.0,0.0,0.0,0.0,0.0,0.0,uncertain
hard,16,10,8,24,,loss,False,False,2-4-10,2,0,0.0,0.0,0.0,0.0,0.0,0.0,0.0,0.0,0.0,uncertain
hard,16,10,8,24,,loss,False,False,2-3-3-8,1,0,0.0,0.0,0.0,0.0,0.0,0.0,0.0,0.0,0.0,uncertain
hard,16,10,8,24,,loss,True,False,8-5-3,1,0,0.0,0.0,0.0,0.0,0.0,0.0,0.0,0.0,0.0,uncertain
hard,16,10,8,24,,loss,False,False,8-5-3,1,0,0.0,0.0,0.0,0.0,0.0,0.0,0.0,0.0,0.0,uncertain
hard,16,10,8,24,,loss,False,False,7-3-6,2,0,0.0,0.0,0.0,0.0,0.0,0.0,0.0,0.0,0.0,uncertain
hard,16,10,8,24,,loss,False,False,3-7-6,1,0,0.0,0.0,0.0,0.0,0.0,0.0,0.0,0.0,0.0,uncertain
hard,16,10,8,24,,loss,False,False,10-3-3,2,0,0.0,0.0,0.0,0.0,0.0,0.0,0.0,0.0,0.0,uncertain
hard,16,10,8,24,,loss,False,False,4-2-6-4,1,0,0.0,0.0,0.0,0.0,0.0,0.0,0.0,0.0,0.0,uncertain
hard,16,10,8,24,,loss,False,False,2-3-9-2,1,0,0.0,0.0,0.0,0.0,0.0,0.0,0.0,0.0,0.0,uncertain
hard,16,10,8,24,,loss,False,False,2-2-4-7-A,1,0,0.0,0.0,0.0,0.0,0.0,0.0,0.0,0.0,0.0,uncertain
hard,16,10,8,24,,loss,False,False,5-4-7,1,0,0.0,0.0,0.0,0.0,0.0,0.0,0.0,0.0,0.0,uncertain
hard,16,10,8,24,,loss,False,False,6-2-8,1,0,0.0,0.0,0.0,0.0,0.0,0.0,0.0,0.0,0.0,uncertain
hard,16,10,8,24,,loss,False,False,A-7-8,1,0,0.0,0.0,0.0,0.0,0.0,0.0,0.0,0.0,0.0,uncertain
hard,16,10,9,25,,loss,False,False,10-6,51,0,0.0,0.0,0.0,0.0,0.0,0.0,0.0,0.0,0.0,uncertain
hard,16,10,9,25,,loss,False,False,6-8-2,3,0,0.0,0.0,0.0,0.0,0.0,0.0,0.0,0.0,0.0,uncertain
hard,16,10,9,25,,loss,False,False,A-4-7-4,1,0,0.0,0.0,0.0,0.0,0.0,0.0,0.0,0.0,0.0,uncertain
hard,16,10,9,25,,loss,False,False,A-5-10,6,0,0.0,0.0,0.0,0.0,0.0,0.0,0.0,0.0,0.0,uncertain
hard,16,10,9,25,,loss,False,False,6-4-6,3,0,0.0,0.0,0.0,0.0,0.0,0.0,0.0,0.0,0.0,uncertain
hard,16,10,9,25,,loss,False,False,9-7,14,0,0.0,0.0,0.0,0.0,0.0,0.0,0.0,0.0,0.0,uncertain
hard,16,10,9,25,,loss,False,False,6-10,46,0,0.0,0.0,0.0,0.0,0.0,0.0,0.0,0.0,0.0,uncertain
hard,16,10,9,25,,loss,False,False,2-4-10,8,0,0.0,0.0,0.0,0.0,0.0,0.0,0.0,0.0,0.0,uncertain
hard,16,10,9,25,,loss,False,False,9-6-A,5,0,0.0,0.0,0.0,0.0,0.0,0.0,0.0,0.0,0.0,uncertain
hard,16,10,9,25,,loss,False,False,3-3-4-6,1,0,0.0,0.0,0.0,0.0,0.0,0.0,0.0,0.0,0.0,uncertain
hard,16,10,9,25,,loss,False,False,10-3-3,3,0,0.0,0.0,0.0,0.0,0.0,0.0,0.0,0.0,0.0,uncertain
hard,16,10,9,25,,loss,False,False,5-8-3,1,0,0.0,0.0,0.0,0.0,0.0,0.0,0.0,0.0,0.0,uncertain
hard,16,10,9,25,,loss,False,False,3-4-9,1,0,0.0,0.0,0.0,0.0,0.0,0.0,0.0,0.0,0.0,uncertain
hard,16,10,9,25,,loss,False,False,2-6-5-3,1,0,0.0,0.0,0.0,0.0,0.0,0.0,0.0,0.0,0.0,uncertain
hard,16,10,9,25,,loss,False,False,4-4-6-2,1,0,0.0,0.0,0.0,0.0,0.0,0.0,0.0,0.0,0.0,uncertain
hard,16,10,9,25,,loss,False,False,8-2-6,1,0,0.0,0.0,0.0,0.0,0.0,0.0,0.0,0.0,0.0,uncertain
hard,16,10,9,25,,loss,False,False,5-5-6,1,0,0.0,0.0,0.0,0.0,0.0,0.0,0.0,0.0,0.0,uncertain
hard,16,10,9,25,,loss,False,False,4-2-10,2,0,0.0,0.0,0.0,0.0,0.0,0.0,0.0,0.0,0.0,uncertain
hard,16,10,9,25,,loss,False,False,10-4-2,6,0,0.0,0.0,0.0,0.0,0.0,0.0,0.0,0.0,0.0,uncertain
hard,16,10,9,25,,loss,False,False,3-3-10,3,0,0.0,0.0,0.0,0.0,0.0,0.0,0.0,0.0,0.0,uncertain
hard,16,10,9,25,,loss,False,False,5-10-A,5,0,0.0,0.0,0.0,0.0,0.0,0.0,0.0,0.0,0.0,uncertain
hard,16,10,9,25,,loss,False,False,7-8-A,3,0,0.0,0.0,0.0,0.0,0.0,0.0,0.0,0.0,0.0,uncertain
hard,16,10,9,25,,loss,False,False,7-9,20,0,0.0,0.0,0.0,0.0,0.0,0.0,0.0,0.0,0.0,uncertain
hard,16,10,9,25,,loss,False,False,10-2-3-A,1,0,0.0,0.0,0.0,0.0,0.0,0.0,0.0,0.0,0.0,uncertain
hard,16,10,9,25,,loss,False,False,3-6-7,3,0,0.0,0.0,0.0,0.0,0.0,0.0,0.0,0.0,0.0,uncertain
hard,16,10,9,25,,loss,False,False,10-2-4,7,0,0.0,0.0,0.0,0.0,0.0,0.0,0.0,0.0,0.0,uncertain
hard,16,10,9,25,,loss,False,False,6-2-8,1,0,0.0,0.0,0.0,0.0,0.0,0.0,0.0,0.0,0.0,uncertain
hard,16,10,9,25,,loss,False,False,A-2-10-3,1,0,0.0,0.0,0.0,0.0,0.0,0.0,0.0,0.0,0.0,uncertain
hard,16,10,9,25,,loss,False,False,10-5-A,2,0,0.0,0.0,0.0,0.0,0.0,0.0,0.0,0.0,0.0,uncertain
hard,16,10,9,25,,loss,False,False,2-10-4,5,0,0.0,0.0,0.0,0.0,0.0,0.0,0.0,0.0,0.0,uncertain
hard,16,10,9,25,,loss,False,False,2-10-3-A,1,0,0.0,0.0,0.0,0.0,0.0,0.0,0.0,0.0,0.0,uncertain
hard,16,10,9,25,,loss,False,False,8-4-4,2,0,0.0,0.0,0.0,0.0,0.0,0.0,0.0,0.0,0.0,uncertain
hard,16,10,9,25,,loss,False,False,A-4-10-A,1,0,0.0,0.0,0.0,0.0,0.0,0.0,0.0,0.0,0.0,uncertain
hard,16,10,9,25,,loss,False,False,7-6-3,2,0,0.0,0.0,0.0,0.0,0.0,0.0,0.0,0.0,0.0,uncertain
hard,16,10,9,25,,loss,False,False,3-4-3-6,1,0,0.0,0.0,0.0,0.0,0.0,0.0,0.0,0.0,0.0,uncertain
hard,16,10,9,25,,loss,False,False,2-6-6-2,1,0,0.0,0.0,0.0,0.0,0.0,0.0,0.0,0.0,0.0,uncertain
hard,16,10,9,25,,loss,False,False,4-6-6,1,0,0.0,0.0,0.0,0.0,0.0,0.0,0.0,0.0,0.0,uncertain
hard,16,10,9,25,,loss,False,False,2-2-5-7,2,0,0.0,0.0,0.0,0.0,0.0,0.0,0.0,0.0,0.0,uncertain
hard,16,10,9,25,,loss,False,False,4-2-8-2,1,0,0.0,0.0,0.0,0.0,0.0,0.0,0.0,0.0,0.0,uncertain
hard,16,10,9,25,,loss,False,False,5-2-9,1,0,0.0,0.0,0.0,0.0,0.0,0.0,0.0,0.0,0.0,uncertain
hard,16,10,9,25,,loss,False,False,A-7-4-3-A,1,0,0.0,0.0,0.0,0.0,0.0,0.0,0.0,0.0,0.0,uncertain
hard,16,10,9,25,,loss,False,False,4-4-8,2,0,0.0,0.0,0.0,0.0,0.0,0.0,0.0,0.0,0.0,uncertain
hard,16,10,9,25,,loss,False,False,5-8-A-2,1,0,0.0,0.0,0.0,0.0,0.0,0.0,0.0,0.0,0.0,uncertain
hard,16,10,9,25,,loss,False,False,5-4-7,2,0,0.0,0.0,0.0,0.0,0.0,0.0,0.0,0.0,0.0,uncertain
hard,16,10,9,25,,loss,False,False,5-A-10,4,0,0.0,0.0,0.0,0.0,0.0,0.0,0.0,0.0,0.0,uncertain
hard,16,10,9,25,,loss,False,False,9-3-4,2,0,0.0,0.0,0.0,0.0,0.0,0.0,0.0,0.0,0.0,uncertain
hard,16,10,9,25,,loss,False,False,2-8-6,1,0,0.0,0.0,0.0,0.0,0.0,0.0,0.0,0.0,0.0,uncertain
hard,16,10,9,25,,loss,False,False,4-5-7,1,0,0.0,0.0,0.0,0.0,0.0,0.0,0.0,0.0,0.0,uncertain
hard,16,10,9,25,,loss,False,False,A-6-9,2,0,0.0,0.0,0.0,0.0,0.0,0.0,0.0,0.0,0.0,uncertain
hard,16,10,9,25,,loss,False,False,A-2-3-10,1,0,0.0,0.0,0.0,0.0,0.0,0.0,0.0,0.0,0.0,uncertain
hard,16,10,9,25,,loss,False,False,A-3-9-3,1,0,0.0,0.0,0.0,0.0,0.0,0.0,0.0,0.0,0.0,uncertain
hard,16,10,9,25,,loss,False,False,6-7-3,1,0,0.0,0.0,0.0,0.0,0.0,0.0,0.0,0.0,0.0,uncertain
hard,16,10,9,25,,loss,False,False,4-8-4,1,0,0.0,0.0,0.0,0.0,0.0,0.0,0.0,0.0,0.0,uncertain
hard,16,10,9,25,,loss,False,False,6-3-4-3,1,0,0.0,0.0,0.0,0.0,0.0,0.0,0.0,0.0,0.0,uncertain
hard,16,10,9,25,,loss,False,False,3-10-3,3,0,0.0,0.0,0.0,0.0,0.0,0.0,0.0,0.0,0.0,uncertain
hard,16,10,9,25,,loss,False,False,4-3-9,1,0,0.0,0.0,0.0,0.0,0.0,0.0,0.0,0.0,0.0,uncertain
hard,16,10,9,25,,loss,False,False,4-10-2,4,0,0.0,0.0,0.0,0.0,0.0,0.0,0.0,0.0,0.0,uncertain
hard,16,10,9,25,,loss,False,False,9-5-2,1,0,0.0,0.0,0.0,0.0,0.0,0.0,0.0,0.0,0.0,uncertain
hard,16,10,9,25,,loss,False,False,6-7-A-A-A,1,0,0.0,0.0,0.0,0.0,0.0,0.0,0.0,0.0,0.0,uncertain
hard,16,10,9,25,,loss,False,False,8-6-2,3,0,0.0,0.0,0.0,0.0,0.0,0.0,0.0,0.0,0.0,uncertain
hard,16,10,9,25,,loss,False,False,3-2-2-9,1,0,0.0,0.0,0.0,0.0,0.0,0.0,0.0,0.0,0.0,uncertain
hard,16,10,9,25,,loss,False,False,2-A-10-3,1,0,0.0,0.0,0.0,0.0,0.0,0.0,0.0,0.0,0.0,uncertain
hard,16,10,9,25,,loss,False,False,7-A-8,1,0,0.0,0.0,0.0,0.0,0.0,0.0,0.0,0.0,0.0,uncertain
hard,16,10,9,25,,loss,False,False,5-7-2-2,1,0,0.0,0.0,0.0,0.0,0.0,0.0,0.0,0.0,0.0,uncertain
hard,16,10,9,25,,loss,False,False,2-6-8,1,0,0.0,0.0,0.0,0.0,0.0,0.0,0.0,0.0,0.0,uncertain
hard,16,10,9,25,,loss,False,False,5-3-8,1,0,0.0,0.0,0.0,0.0,0.0,0.0,0.0,0.0,0.0,uncertain
hard,16,10,9,25,,loss,False,False,A-3-10-2,2,0,0.0,0.0,0.0,0.0,0.0,0.0,0.0,0.0,0.0,uncertain
hard,16,10,9,25,,loss,False,False,7-5-4,1,0,0.0,0.0,0.0,0.0,0.0,0.0,0.0,0.0,0.0,uncertain
hard,16,10,9,25,,loss,False,False,2-5-9,1,0,0.0,0.0,0.0,0.0,0.0,0.0,0.0,0.0,0.0,uncertain
hard,16,10,9,25,,loss,False,False,A-5-6-3-A,1,0,0.0,0.0,0.0,0.0,0.0,0.0,0.0,0.0,0.0,uncertain
hard,16,10,9,25,,loss,False,False,3-2-10-A,1,0,0.0,0.0,0.0,0.0,0.0,0.0,0.0,0.0,0.0,uncertain
hard,16,10,9,25,,loss,False,False,6-3-3-4,1,0,0.0,0.0,0.0,0.0,0.0,0.0,0.0,0.0,0.0,uncertain
hard,16,10,9,25,,loss,False,False,3-7-6,1,0,0.0,0.0,0.0,0.0,0.0,0.0,0.0,0.0,0.0,uncertain
hard,16,10,9,25,,loss,False,False,6-2-4-4,1,0,0.0,0.0,0.0,0.0,0.0,0.0,0.0,0.0,0.0,uncertain
hard,16,10,9,25,,loss,False,False,2-10-2-2,2,0,0.0,0.0,0.0,0.0,0.0,0.0,0.0,0.0,0.0,uncertain
hard,16,10,9,25,,loss,False,False,5-7-4,1,0,0.0,0.0,0.0,0.0,0.0,0.0,0.0,0.0,0.0,uncertain
hard,16,10,9,25,,loss,False,False,3-9-4,1,0,0.0,0.0,0.0,0.0,0.0,0.0,0.0,0.0,0.0,uncertain
hard,16,10,9,25,,loss,False,False,3-5-8,1,0,0.0,0.0,0.0,0.0,0.0,0.0,0.0,0.0,0.0,uncertain
hard,16,10,9,25,,loss,False,False,2-3-4-7,1,0,0.0,0.0,0.0,0.0,0.0,0.0,0.0,0.0,0.0,uncertain
hard,16,10,9,25,,loss,False,False,6-A-9,1,0,0.0,0.0,0.0,0.0,0.0,0.0,0.0,0.0,0.0,uncertain
hard,16,10,10,26,,loss,False,False,10-6,184,0,0.0,0.0,0.0,0.0,0.0,0.0,0.0,0.0,0.0,uncertain
hard,16,10,10,26,,loss,False,False,7-A-8,3,0,0.0,0.0,0.0,0.0,0.0,0.0,0.0,0.0,0.0,uncertain
hard,16,10,10,26,,loss,False,False,6-10,217,0,0.0,0.0,0.0,0.0,0.0,0.0,0.0,0.0,0.0,uncertain
hard,16,10,10,26,,loss,False,False,7-9,59,0,0.0,0.0,0.0,0.0,0.0,0.0,0.0,0.0,0.0,uncertain
hard,16,10,10,26,,loss,False,False,10-2-4,13,0,0.0,0.0,0.0,0.0,0.0,0.0,0.0,0.0,0.0,uncertain
hard,16,10,10,26,,loss,False,False,2-4-10,18,0,0.0,0.0,0.0,0.0,0.0,0.0,0.0,0.0,0.0,uncertain
hard,16,10,10,26,,loss,False,False,A-6-9,6,0,0.0,0.0,0.0,0.0,0.0,0.0,0.0,0.0,0.0,uncertain
hard,16,10,10,26,,loss,False,False,10-4-2,18,0,0.0,0.0,0.0,0.0,0.0,0.0,0.0,0.0,0.0,uncertain
hard,16,10,10,26,,loss,False,False,9-7,48,0,0.0,0.0,0.0,0.0,0.0,0.0,0.0,0.0,0.0,uncertain
hard,16,10,10,26,,loss,False,False,5-8-3,2,0,0.0,0.0,0.0,0.0,0.0,0.0,0.0,0.0,0.0,uncertain
hard,16,10,10,26,,loss,False,False,3-3-10,21,0,0.0,0.0,0.0,0.0,0.0,0.0,0.0,0.0,0.0,uncertain
hard,16,10,10,26,,loss,False,False,10-3-3,11,0,0.0,0.0,0.0,0.0,0.0,0.0,0.0,0.0,0.0,uncertain
hard,16,10,10,26,,loss,False,False,6-7-3,4,0,0.0,0.0,0.0,0.0,0.0,0.0,0.0,0.0,0.0,uncertain
hard,16,10,10,26,,loss,False,False,2-5-9,5,0,0.0,0.0,0.0,0.0,0.0,0.0,0.0,0.0,0.0,uncertain
hard,16,10,10,26,,loss,False,False,2-6-8,4,0,0.0,0.0,0.0,0.0,0.0,0.0,0.0,0.0,0.0,uncertain
hard,16,10,10,26,,loss,False,False,6-9-A,4,0,0.0,0.0,0.0,0.0,0.0,0.0,0.0,0.0,0.0,uncertain
hard,16,10,10,26,,loss,False,False,4-3-6-3,2,0,0.0,0.0,0.0,0.0,0.0,0.0,0.0,0.0,0.0,uncertain
hard,16,10,10,26,,loss,False,False,7-2-7,5,0,0.0,0.0,0.0,0.0,0.0,0.0,0.0,0.0,0.0,uncertain
hard,16,10,10,26,,loss,False,False,7-5-4,5,0,0.0,0.0,0.0,0.0,0.0,0.0,0.0,0.0,0.0,uncertain
hard,16,10,10,26,,loss,False,False,A-5-10,20,0,0.0,0.0,0.0,0.0,0.0,0.0,0.0,0.0,0.0,uncertain
hard,16,10,10,26,,loss,False,False,8-2-6,5,0,0.0,0.0,0.0,0.0,0.0,0.0,0.0,0.0,0.0,uncertain
hard,16,10,10,26,,loss,False,False,5-A-10,23,0,0.0,0.0,0.0,0.0,0.0,0.0,0.0,0.0,0.0,uncertain
hard,16,10,10,26,,loss,False,False,4-3-7-2,2,0,0.0,0.0,0.0,0.0,0.0,0.0,0.0,0.0,0.0,uncertain
hard,16,10,10,26,,loss,False,False,4-3-9,9,0,0.0,0.0,0.0,0.0,0.0,0.0,0.0,0.0,0.0,uncertain
hard,16,10,10,26,,loss,False,False,8-4-4,3,0,0.0,0.0,0.0,0.0,0.0,0.0,0.0,0.0,0.0,uncertain
hard,16,10,10,26,,loss,False,False,7-3-6,5,0,0.0,0.0,0.0,0.0,0.0,0.0,0.0,0.0,0.0,uncertain
hard,16,10,10,26,,loss,False,False,6-4-6,2,0,0.0,0.0,0.0,0.0,0.0,0.0,0.0,0.0,0.0,uncertain
hard,16,10,10,26,,loss,False,False,5-7-4,7,0,0.0,0.0,0.0,0.0,0.0,0.0,0.0,0.0,0.0,uncertain
hard,16,10,10,26,,loss,False,False,5-9-2,6,0,0.0,0.0,0.0,0.0,0.0,0.0,0.0,0.0,0.0,uncertain
hard,16,10,10,26,,loss,False,False,7-7-2,5,0,0.0,0.0,0.0,0.0,0.0,0.0,0.0,0.0,0.0,uncertain
hard,16,10,10,26,,loss,False,False,4-10-2,12,0,0.0,0.0,0.0,0.0,0.0,0.0,0.0,0.0,0.0,uncertain
hard,16,10,10,26,,loss,False,False,5-5-6,6,0,0.0,0.0,0.0,0.0,0.0,0.0,0.0,0.0,0.0,uncertain
hard,16,10,10,26,,loss,False,False,3-A-A-A-10,1,0,0.0,0.0,0.0,0.0,0.0,0.0,0.0,0.0,0.0,uncertain
hard,16,10,10,26,,loss,False,False,3-10-3,11,0,0.0,0.0,0.0,0.0,0.0,0.0,0.0,0.0,0.0,uncertain
hard,16,10,10,26,,loss,False,False,2-3-A-10,1,0,0.0,0.0,0.0,0.0,0.0,0.0,0.0,0.0,0.0,uncertain
hard,16,10,10,26,,loss,False,False,9-4-3,7,0,0.0,0.0,0.0,0.0,0.0,0.0,0.0,0.0,0.0,uncertain
hard,16,10,10,26,,loss,False,False,A-3-10-2,1,0,0.0,0.0,0.0,0.0,0.0,0.0,0.0,0.0,0.0,uncertain
hard,16,10,10,26,,loss,False,False,6-4-2-2-2,1,0,0.0,0.0,0.0,0.0,0.0,0.0,0.0,0.0,0.0,uncertain
hard,16,10,10,26,,loss,False,False,2-3-10-A,2,0,0.0,0.0,0.0,0.0,0.0,0.0,0.0,0.0,0.0,uncertain
hard,16,10,10,26,,loss,False,False,A-3-4-8,2,0,0.0,0.0,0.0,0.0,0.0,0.0,0.0,0.0,0.0,uncertain
hard,16,10,10,26,,loss,False,False,3-3-5-2-3,1,0,0.0,0.0,0.0,0.0,0.0,0.0,0.0,0.0,0.0,uncertain
hard,16,10,10,26,,loss,False,False,3-4-6-2-A,1,0,0.0,0.0,0.0,0.0,0.0,0.0,0.0,0.0,0.0,uncertain
hard,16,10,10,26,,loss,False,False,2-10-4,19,0,0.0,0.0,0.0,0.0,0.0,0.0,0.0,0.0,0.0,uncertain
hard,16,10,10,26,,loss,False,False,5-4-7,3,0,0.0,0.0,0.0,0.0,0.0,0.0,0.0,0.0,0.0,uncertain
hard,16,10,10,26,,loss,False,False,3-2-7-4,1,0,0.0,0.0,0.0,0.0,0.0,0.0,0.0,0.0,0.0,uncertain
hard,16,10,10,26,,loss,False,False,10-5-A,23,0,0.0,0.0,0.0,0.0,0.0,0.0,0.0,0.0,0.0,uncertain
hard,16,10,10,26,,loss,False,False,6-6-2-2,2,0,0.0,0.0,0.0,0.0,0.0,0.0,0.0,0.0,0.0,uncertain
hard,16,10,10,26,,loss,False,False,5-2-8-A,1,0,0.0,0.0,0.0,0.0,0.0,0.0,0.0,0.0,0.0,uncertain
hard,16,10,10,26,,loss,False,False,3-4-7-A-A,1,0,0.0,0.0,0.0,0.0,0.0,0.0,0.0,0.0,0.0,uncertain
hard,16,10,10,26,,loss,False,False,A-3-2-10,4,0,0.0,0.0,0.0,0.0,0.0,0.0,0.0,0.0,0.0,uncertain
hard,16,10,10,26,,loss,False,False,6-8-2,7,0,0.0,0.0,0.0,0.0,0.0,0.0,0.0,0.0,0.0,uncertain
hard,16,10,10,26,,loss,False,False,3-4-3-6,1,0,0.0,0.0,0.0,0.0,0.0,0.0,0.0,0.0,0.0,uncertain
hard,16,10,10,26,,loss,False,False,7-3-4-2,1,0,0.0,0.0,0.0,0.0,0.0,0.0,0.0,0.0,0.0,uncertain
hard,16,10,10,26,,loss,False,False,3-2-9-2,1,0,0.0,0.0,0.0,0.0,0.0,0.0,0.0,0.0,0.0,uncertain
hard,16,10,10,26,,loss,False,False,9-3-4,4,0,0.0,0.0,0.0,0.0,0.0,0.0,0.0,0.0,0.0,uncertain
hard,16,10,10,26,,loss,False,False,6-A-9,3,0,0.0,0.0,0.0,0.0,0.0,0.0,0.0,0.0,0.0,uncertain
hard,16,10,10,26,,loss,False,False,A-4-A-10,2,0,0.0,0.0,0.0,0.0,0.0,0.0,0.0,0.0,0.0,uncertain
hard,16,10,10,26,,loss,False,False,7-5-3-A,1,0,0.0,0.0,0.0,0.0,0.0,0.0,0.0,0.0,0.0,uncertain
hard,16,10,10,26,,loss,False,False,2-6-4-4,1,0,0.0,0.0,0.0,0.0,0.0,0.0,0.0,0.0,0.0,uncertain
hard,16,10,10,26,,loss,False,False,A-3-2-A-9,1,0,0.0,0.0,0.0,0.0,0.0,0.0,0.0,0.0,0.0,uncertain
hard,16,10,10,26,,loss,False,False,2-3-2-9,1,0,0.0,0.0,0.0,0.0,0.0,0.0,0.0,0.0,0.0,uncertain
hard,16,10,10,26,,loss,False,False,4-9-3,9,0,0.0,0.0,0.0,0.0,0.0,0.0,0.0,0.0,0.0,uncertain
hard,16,10,10,26,,loss,False,False,3-A-A-3-4-4,1,0,0.0,0.0,0.0,0.0,0.0,0.0,0.0,0.0,0.0,uncertain
hard,16,10,10,26,,loss,False,False,4-6-6,6,0,0.0,0.0,0.0,0.0,0.0,0.0,0.0,0.0,0.0,uncertain
hard,16,10,10,26,,loss,False,False,5-2-A-8,2,0,0.0,0.0,0.0,0.0,0.0,0.0,0.0,0.0,0.0,uncertain
hard,16,10,10,26,,loss,False,False,5-3-8,6,0,0.0,0.0,0.0,0.0,0.0,0.0,0.0,0.0,0.0,uncertain
hard,16,10,10,26,,loss,False,False,2-5-3-6,1,0,0.0,0.0,0.0,0.0,0.0,0.0,0.0,0.0,0.0,uncertain
hard,16,10,10,26,,loss,False,False,4-2-10,15,0,0.0,0.0,0.0,0.0,0.0,0.0,0.0,0.0,0.0,uncertain
hard,16,10,10,26,,loss,False,False,3-10-2-A,2,0,0.0,0.0,0.0,0.0,0.0,0.0,0.0,0.0,0.0,uncertain
hard,16,10,10,26,,loss,False,False,3-3-8-2,1,0,0.0,0.0,0.0,0.0,0.0,0.0,0.0,0.0,0.0,uncertain
hard,16,10,10,26,,loss,False,False,A-4-2-9,1,0,0.0,0.0,0.0,0.0,0.0,0.0,0.0,0.0,0.0,uncertain
hard,16,10,10,26,,loss,False,False,5-4-3-4,3,0,0.0,0.0,0.0,0.0,0.0,0.0,0.0,0.0,0.0,uncertain
hard,16,10,10,26,,loss,False,False,5-5-4-2,1,0,0.0,0.0,0.0,0.0,0.0,0.0,0.0,0.0,0.0,uncertain
hard,16,10,10,26,,loss,False,False,4-2-5-2-3,1,0,0.0,0.0,0.0,0.0,0.0,0.0,0.0,0.0,0.0,uncertain
hard,16,10,10,26,,loss,False,False,A-6-6-3,1,0,0.0,0.0,0.0,0.0,0.0,0.0,0.0,0.0,0.0,uncertain
hard,16,10,10,26,,loss,False,False,A-2-3-10,3,0,0.0,0.0,0.0,0.0,0.0,0.0,0.0,0.0,0.0,uncertain
hard,16,10,10,26,,loss,False,False,3-7-6,3,0,0.0,0.0,0.0,0.0,0.0,0.0,0.0,0.0,0.0,uncertain
hard,16,10,10,26,,loss,False,False,3-6-7,3,0,0.0,0.0,0.0,0.0,0.0,0.0,0.0,0.0,0.0,uncertain
hard,16,10,10,26,,loss,False,False,2-8-6,2,0,0.0,0.0,0.0,0.0,0.0,0.0,0.0,0.0,0.0,uncertain
hard,16,10,10,26,,loss,False,False,2-4-5-5,1,0,0.0,0.0,0.0,0.0,0.0,0.0,0.0,0.0,0.0,uncertain
hard,16,10,10,26,,loss,False,False,4-8-A-3,2,0,0.0,0.0,0.0,0.0,0.0,0.0,0.0,0.0,0.0,uncertain
hard,16,10,10,26,,loss,False,False,4-4-8,5,0,0.0,0.0,0.0,0.0,0.0,0.0,0.0,0.0,0.0,uncertain
hard,16,10,10,26,,loss,False,False,3-2-6-5,1,0,0.0,0.0,0.0,0.0,0.0,0.0,0.0,0.0,0.0,uncertain
hard,16,10,10,26,,loss,False,False,5-10-A,14,0,0.0,0.0,0.0,0.0,0.0,0.0,0.0,0.0,0.0,uncertain
hard,16,10,10,26,,loss,False,False,2-5-4-5,1,0,0.0,0.0,0.0,0.0,0.0,0.0,0.0,0.0,0.0,uncertain
hard,16,10,10,26,,loss,False,False,6-3-3-4,1,0,0.0,0.0,0.0,0.0,0.0,0.0,0.0,0.0,0.0,uncertain
hard,16,10,10,26,,loss,False,False,4-A-10-A,2,0,0.0,0.0,0.0,0.0,0.0,0.0,0.0,0.0,0.0,uncertain
hard,16,10,10,26,,loss,False,False,A-6-8-A,1,0,0.0,0.0,0.0,0.0,0.0,0.0,0.0,0.0,0.0,uncertain
hard,16,10,10,26,,loss,False,False,8-2-5-A,2,0,0.0,0.0,0.0,0.0,0.0,0.0,0.0,0.0,0.0,uncertain
hard,16,10,10,26,,loss,False,False,3-A-8-4,1,0,0.0,0.0,0.0,0.0,0.0,0.0,0.0,0.0,0.0,uncertain
hard,16,10,10,26,,loss,False,False,2-2-3-8-A,1,0,0.0,0.0,0.0,0.0,0.0,0.0,0.0,0.0,0.0,uncertain
hard,16,10,10,26,,loss,False,False,3-3-3-4-3,1,0,0.0,0.0,0.0,0.0,0.0,0.0,0.0,0.0,0.0,uncertain
hard,16,10,10,26,,loss,False,False,A-7-8,2,0,0.0,0.0,0.0,0.0,0.0,0.0,0.0,0.0,0.0,uncertain
hard,16,10,10,26,,loss,False,False,7-8-A,3,0,0.0,0.0,0.0,0.0,0.0,0.0,0.0,0.0,0.0,uncertain
hard,16,10,10,26,,loss,False,False,4-8-4,9,0,0.0,0.0,0.0,0.0,0.0,0.0,0.0,0.0,0.0,uncertain
hard,16,10,10,26,,loss,False,False,A-4-3-6-2,1,0,0.0,0.0,0.0,0.0,0.0,0.0,0.0,0.0,0.0,uncertain
hard,16,10,10,26,,loss,False,False,5-2-9,1,0,0.0,0.0,0.0,0.0,0.0,0.0,0.0,0.0,0.0,uncertain
hard,16,10,10,26,,loss,False,False,3-3-A-9,2,0,0.0,0.0,0.0,0.0,0.0,0.0,0.0,0.0,0.0,uncertain
hard,16,10,10,26,,loss,False,False,2-7-3-4,1,0,0.0,0.0,0.0,0.0,0.0,0.0,0.0,0.0,0.0,uncertain
hard,16,10,10,26,,loss,False,False,3-5-8,3,0,0.0,0.0,0.0,0.0,0.0,0.0,0.0,0.0,0.0,uncertain
hard,16,10,10,26,,loss,False,False,5-4-2-5,1,0,0.0,0.0,0.0,0.0,0.0,0.0,0.0,0.0,0.0,uncertain
hard,16,10,10,26,,loss,False,False,3-5-2-6,1,0,0.0,0.0,0.0,0.0,0.0,0.0,0.0,0.0,0.0,uncertain
hard,16,10,10,26,,loss,False,False,2-7-7,4,0,0.0,0.0,0.0,0.0,0.0,0.0,0.0,0.0,0.0,uncertain
hard,16,10,10,26,,loss,False,False,5-2-7-2,1,0,0.0,0.0,0.0,0.0,0.0,0.0,0.0,0.0,0.0,uncertain
hard,16,10,10,26,,loss,False,False,3-3-7-3,1,0,0.0,0.0,0.0,0.0,0.0,0.0,0.0,0.0,0.0,uncertain
hard,16,10,10,26,,loss,False,False,9-6-A,4,0,0.0,0.0,0.0,0.0,0.0,0.0,0.0,0.0,0.0,uncertain
hard,16,10,10,26,,loss,False,False,10-2-A-3,2,0,0.0,0.0,0.0,0.0,0.0,0.0,0.0,0.0,0.0,uncertain
hard,16,10,10,26,,loss,False,False,8-5-A-2,1,0,0.0,0.0,0.0,0.0,0.0,0.0,0.0,0.0,0.0,uncertain
hard,16,10,10,26,,loss,False,False,2-10-3-A,1,0,0.0,0.0,0.0,0.0,0.0,0.0,0.0,0.0,0.0,uncertain
hard,16,10,10,26,,loss,False,False,5-3-2-5-A,1,0,0.0,0.0,0.0,0.0,0.0,0.0,0.0,0.0,0.0,uncertain
hard,16,10,10,26,,loss,False,False,3-5-6-2,1,0,0.0,0.0,0.0,0.0,0.0,0.0,0.0,0.0,0.0,uncertain
hard,16,10,10,26,,loss,False,False,3-2-4-2-5,1,0,0.0,0.0,0.0,0.0,0.0,0.0,0.0,0.0,0.0,uncertain
hard,16,10,10,26,,loss,False,False,7-6-A-2,1,0,0.0,0.0,0.0,0.0,0.0,0.0,0.0,0.0,0.0,uncertain
hard,16,10,10,26,,loss,False,False,7-3-5-A,1,0,0.0,0.0,0.0,0.0,0.0,0.0,0.0,0.0,0.0,uncertain
hard,16,10,10,26,,loss,False,False,7-6-3,2,0,0.0,0.0,0.0,0.0,0.0,0.0,0.0,0.0,0.0,uncertain
hard,16,10,10,26,,loss,False,False,6-6-4,4,0,0.0,0.0,0.0,0.0,0.0,0.0,0.0,0.0,0.0,uncertain
hard,16,10,10,26,,loss,False,False,6-2-8,2,0,0.0,0.0,0.0,0.0,0.0,0.0,0.0,0.0,0.0,uncertain
hard,16,10,10,26,,loss,False,False,2-2-4-4-4,1,0,0.0,0.0,0.0,0.0,0.0,0.0,0.0,0.0,0.0,uncertain
hard,16,10,10,26,,loss,False,False,A-2-10-3,1,0,0.0,0.0,0.0,0.0,0.0,0.0,0.0,0.0,0.0,uncertain
hard,16,10,10,26,,loss,False,False,3-2-3-8,1,0,0.0,0.0,0.0,0.0,0.0,0.0,0.0,0.0,0.0,uncertain
hard,16,10,10,26,,loss,False,False,2-10-A-3,2,0,0.0,0.0,0.0,0.0,0.0,0.0,0.0,0.0,0.0,uncertain
hard,16,10,10,26,,loss,False,False,3-2-A-10,2,0,0.0,0.0,0.0,0.0,0.0,0.0,0.0,0.0,0.0,uncertain
hard,16,10,10,26,,loss,False,False,3-7-2-4,1,0,0.0,0.0,0.0,0.0,0.0,0.0,0.0,0.0,0.0,uncertain
hard,16,10,10,26,,loss,False,False,3-4-9,2,0,0.0,0.0,0.0,0.0,0.0,0.0,0.0,0.0,0.0,uncertain
hard,16,10,10,26,,loss,False,False,3-9-4,3,0,0.0,0.0,0.0,0.0,0.0,0.0,0.0,0.0,0.0,uncertain
hard,16,10,10,26,,loss,False,False,8-7-A,3,0,0.0,0.0,0.0,0.0,0.0,0.0,0.0,0.0,0.0,uncertain
hard,16,10,10,26,,loss,False,False,4-A-7-4,1,0,0.0,0.0,0.0,0.0,0.0,0.0,0.0,0.0,0.0,uncertain
hard,16,10,10,26,,loss,False,False,10-3-2-A,1,0,0.0,0.0,0.0,0.0,0.0,0.0,0.0,0.0,0.0,uncertain
hard,16,10,10,26,,loss,False,False,5-4-6-A,1,0,0.0,0.0,0.0,0.0,0.0,0.0,0.0,0.0,0.0,uncertain
hard,16,10,10,26,,loss,False,False,4-2-9-A,1,0,0.0,0.0,0.0,0.0,0.0,0.0,0.0,0.0,0.0,uncertain
hard,16,10,10,26,,loss,False,False,4-3-4-3-2,1,0,0.0,0.0,0.0,0.0,0.0,0.0,0.0,0.0,0.0,uncertain
hard,16,10,10,26,,loss,False,False,3-A-2-10,1,0,0.0,0.0,0.0,0.0,0.0,0.0,0.0,0.0,0.0,uncertain
hard,16,10,10,26,,loss,False,False,2-A-3-10,1,0,0.0,0.0,0.0,0.0,0.0,0.0,0.0,0.0,0.0,uncertain
hard,16,10,10,26,,loss,False,False,5-A-6-4,1,0,0.0,0.0,0.0,0.0,0.0,0.0,0.0,0.0,0.0,uncertain
hard,16,10,10,26,,loss,False,False,3-7-3-3,1,0,0.0,0.0,0.0,0.0,0.0,0.0,0.0,0.0,0.0,uncertain
hard,16,10,10,26,,loss,False,False,6-3-7,2,0,0.0,0.0,0.0,0.0,0.0,0.0,0.0,0.0,0.0,uncertain
hard,16,10,10,26,,loss,False,False,8-6-2,3,0,0.0,0.0,0.0,0.0,0.0,0.0,0.0,0.0,0.0,uncertain
hard,16,10,10,26,,loss,False,False,A-4-3-8,1,0,0.0,0.0,0.0,0.0,0.0,0.0,0.0,0.0,0.0,uncertain
hard,16,10,10,26,,loss,False,False,2-A-10-3,1,0,0.0,0.0,0.0,0.0,0.0,0.0,0.0,0.0,0.0,uncertain
hard,16,10,10,26,,loss,False,False,7-3-2-4,1,0,0.0,0.0,0.0,0.0,0.0,0.0,0.0,0.0,0.0,uncertain
hard,16,10,10,26,,loss,False,False,5-3-3-2-3,1,0,0.0,0.0,0.0,0.0,0.0,0.0,0.0,0.0,0.0,uncertain
hard,16,10,10,26,,loss,False,False,2-2-5-2-3-2,1,0,0.0,0.0,0.0,0.0,0.0,0.0,0.0,0.0,0.0,uncertain
hard,16,10,10,26,,loss,False,False,2-3-4-7,1,0,0.0,0.0,0.0,0.0,0.0,0.0,0.0,0.0,0.0,uncertain
hard,16,10,10,26,,loss,False,False,8-4-A-A-2,1,0,0.0,0.0,0.0,0.0,0.0,0.0,0.0,0.0,0.0,uncertain
hard,16,10,10,26,,loss,False,False,8-5-3,4,0,0.0,0.0,0.0,0.0,0.0,0.0,0.0,0.0,0.0,uncertain
hard,16,10,10,26,,loss,False,False,4-5-7,2,0,0.0,0.0,0.0,0.0,0.0,0.0,0.0,0.0,0.0,uncertain
hard,16,10,10,26,,loss,False,False,3-10-A-2,1,0,0.0,0.0,0.0,0.0,0.0,0.0,0.0,0.0,0.0,uncertain
hard,16,10,10,26,,loss,False,False,6-2-5-3,1,0,0.0,0.0,0.0,0.0,0.0,0.0,0.0,0.0,0.0,uncertain
hard,16,10,10,26,,loss,False,False,3-6-3-4,1,0,0.0,0.0,0.0,0.0,0.0,0.0,0.0,0.0,0.0,uncertain
hard,16,10,10,26,,loss,False,False,4-A-3-8,1,0,0.0,0.0,0.0,0.0,0.0,0.0,0.0,0.0,0.0,uncertain
hard,16,10,10,26,,loss,False,False,3-9-3-A,1,0,0.0,0.0,0.0,0.0,0.0,0.0,0.0,0.0,0.0,uncertain
hard,16,10,10,26,,loss,True,False,8-4-4,1,0,0.0,0.0,0.0,0.0,0.0,0.0,0.0,0.0,0.0,uncertain
hard,16,10,10,26,,loss,False,False,A-4-10-A,1,0,0.0,0.0,0.0,0.0,0.0,0.0,0.0,0.0,0.0,uncertain
hard,16,10,10,26,,loss,False,False,3-2-2-A-8,1,0,0.0,0.0,0.0,0.0,0.0,0.0,0.0,0.0,0.0,uncertain
hard,16,10,10,26,,loss,False,False,A-4-7-4,1,0,0.0,0.0,0.0,0.0,0.0,0.0,0.0,0.0,0.0,uncertain
hard,16,10,10,26,,loss,False,False,2-2-3-9,1,0,0.0,0.0,0.0,0.0,0.0,0.0,0.0,0.0,0.0,uncertain
hard,16,10,10,26,,loss,False,False,5-2-6-3,2,0,0.0,0.0,0.0,0.0,0.0,0.0,0.0,0.0,0.0,uncertain
hard,16,10,10,26,,loss,False,False,6-A-A-8,1,0,0.0,0.0,0.0,0.0,0.0,0.0,0.0,0.0,0.0,uncertain
hard,16,10,10,26,,loss,False,False,5-3-4-4,1,0,0.0,0.0,0.0,0.0,0.0,0.0,0.0,0.0,0.0,uncertain
hard,16,10,10,26,,loss,False,False,3-4-7-2,1,0,0.0,0.0,0.0,0.0,0.0,0.0,0.0,0.0,0.0,uncertain
hard,16,10,10,26,,loss,False,False,6-3-6-A,1,0,0.0,0.0,0.0,0.0,0.0,0.0,0.0,0.0,0.0,uncertain
hard,16,10,10,26,,loss,False,False,10-3-A-2,1,0,0.0,0.0,0.0,0.0,0.0,0.0,0.0,0.0,0.0,uncertain
hard,16,10,10,26,,loss,False,False,10-2-3-A,1,0,0.0,0.0,0.0,0.0,0.0,0.0,0.0,0.0,0.0,uncertain
hard,16,10,10,26,,loss,False,False,3-6-5-2,1,0,0.0,0.0,0.0,0.0,0.0,0.0,0.0,0.0,0.0,uncertain
hard,16,10,10,26,,loss,False,False,10-2-2-2,1,0,0.0,0.0,0.0,0.0,0.0,0.0,0.0,0.0,0.0,uncertain
hard,16,10,10,26,,loss,True,False,8-7-A,1,0,0.0,0.0,0.0,0.0,0.0,0.0,0.0,0.0,0.0,uncertain
hard,16,10,10,26,,loss,False,False,3-2-10-A,2,0,0.0,0.0,0.0,0.0,0.0,0.0,0.0,0.0,0.0,uncertain
hard,16,10,10,26,,loss,False,False,2-2-2-9-A,1,0,0.0,0.0,0.0,0.0,0.0,0.0,0.0,0.0,0.0,uncertain
hard,16,10,10,26,,loss,False,False,3-A-10-2,1,0,0.0,0.0,0.0,0.0,0.0,0.0,0.0,0.0,0.0,uncertain
hard,16,10,10,26,,loss,False,False,2-4-9-A,1,0,0.0,0.0,0.0,0.0,0.0,0.0,0.0,0.0,0.0,uncertain
hard,16,10,10,26,,loss,False,False,9-5-2,1,0,0.0,0.0,0.0,0.0,0.0,0.0,0.0,0.0,0.0,uncertain
hard,16,10,10,26,,loss,False,False,2-3-3-4-4,1,0,0.0,0.0,0.0,0.0,0.0,0.0,0.0,0.0,0.0,uncertain
hard,16,10,10,26,,loss,False,False,3-2-A-2-8,1,0,0.0,0.0,0.0,0.0,0.0,0.0,0.0,0.0,0.0,uncertain
hard,16,10,10,26,,loss,False,False,2-2-2-10,2,0,0.0,0.0,0.0,0.0,0.0,0.0,0.0,0.0,0.0,uncertain
hard,16,10,10,26,,loss,False,False,5-4-5-2,1,0,0.0,0.0,0.0,0.0,0.0,0.0,0.0,0.0,0.0,uncertain
hard,16,10,10,26,,loss,False,False,2-6-3-2-3,1,0,0.0,0.0,0.0,0.0,0.0,0.0,0.0,0.0,0.0,uncertain
hard,16,10,10,26,,loss,False,False,2-4-8-2,1,0,0.0,0.0,0.0,0.0,0.0,0.0,0.0,0.0,0.0,uncertain
hard,16,10,10,26,,loss,False,False,2-5-6-3,1,0,0.0,0.0,0.0,0.0,0.0,0.0,0.0,0.0,0.0,uncertain
hard,16,10,10,26,,loss,False,False,7-7-A-A,1,0,0.0,0.0,0.0,0.0,0.0,0.0,0.0,0.0,0.0,uncertain
hard,16,10,10,26,,loss,False,False,A-7-6-2,1,0,0.0,0.0,0.0,0.0,0.0,0.0,0.0,0.0,0.0,uncertain
hard,16,10,10,26,,loss,False,False,5-3-5-A-2,1,0,0.0,0.0,0.0,0.0,0.0,0.0,0.0,0.0,0.0,uncertain
hard,16,10,10,26,,loss,False,False,7-A-7-A,1,0,0.0,0.0,0.0,0.0,0.0,0.0,0.0,0.0,0.0,uncertain
hard,16,10,10,26,,loss,False,False,A-7-7-A,1,0,0.0,0.0,0.0,0.0,0.0,0.0,0.0,0.0,0.0,uncertain
hard,16,10,10,26,,loss,False,False,2-3-6-5,1,0,0.0,0.0,0.0,0.0,0.0,0.0,0.0,0.0,0.0,uncertain
hard,16,10,10,26,,loss,False,False,2-10-2-2,1,0,0.0,0.0,0.0,0.0,0.0,0.0,0.0,0.0,0.0,uncertain
hard,16,10,10,26,,loss,False,False,3-3-2-8,1,0,0.0,0.0,0.0,0.0,0.0,0.0,0.0,0.0,0.0,uncertain
hard,16,7,6,22,,loss,False,False,6-10,15,0,0.0,0.0,0.0,0.0,0.0,0.0,0.0,0.0,0.0,uncertain
hard,16,7,6,22,,loss,False,False,10-4-2,1,0,0.0,0.0,0.0,0.0,0.0,0.0,0.0,0.0,0.0,uncertain
hard,16,7,6,22,,loss,False,False,7-9,3,0,0.0,0.0,0.0,0.0,0.0,0.0,0.0,0.0,0.0,uncertain
hard,16,7,6,22,,loss,False,False,10-2-3-A,1,0,0.0,0.0,0.0,0.0,0.0,0.0,0.0,0.0,0.0,uncertain
hard,16,7,6,22,,loss,False,False,10-6,13,0,0.0,0.0,0.0,0.0,0.0,0.0,0.0,0.0,0.0,uncertain
hard,16,7,6,22,,loss,False,False,2-10-2-A-A,1,0,0.0,0.0,0.0,0.0,0.0,0.0,0.0,0.0,0.0,uncertain
hard,16,7,6,22,,loss,False,False,10-5-A,3,0,0.0,0.0,0.0,0.0,0.0,0.0,0.0,0.0,0.0,uncertain
hard,16,7,6,22,,loss,False,False,4-3-9,1,0,0.0,0.0,0.0,0.0,0.0,0.0,0.0,0.0,0.0,uncertain
hard,16,7,6,22,,loss,False,False,A-6-8-A,1,0,0.0,0.0,0.0,0.0,0.0,0.0,0.0,0.0,0.0,uncertain
hard,16,7,6,22,,loss,False,False,5-9-2,1,0,0.0,0.0,0.0,0.0,0.0,0.0,0.0,0.0,0.0,uncertain
hard,16,7,6,22,,loss,False,False,3-10-3,2,0,0.0,0.0,0.0,0.0,0.0,0.0,0.0,0.0,0.0,uncertain
hard,16,7,6,22,,loss,False,False,4-3-2-3-4,1,0,0.0,0.0,0.0,0.0,0.0,0.0,0.0,0.0,0.0,uncertain
hard,16,7,6,22,,loss,False,False,4-8-2-2,1,0,0.0,0.0,0.0,0.0,0.0,0.0,0.0,0.0,0.0,uncertain
hard,16,7,6,22,,loss,False,False,5-3-8,1,0,0.0,0.0,0.0,0.0,0.0,0.0,0.0,0.0,0.0,uncertain
hard,16,7,6,22,,loss,False,False,10-2-4,2,0,0.0,0.0,0.0,0.0,0.0,0.0,0.0,0.0,0.0,uncertain
hard,16,7,6,22,,loss,False,False,3-A-10-2,1,0,0.0,0.0,0.0,0.0,0.0,0.0,0.0,0.0,0.0,uncertain
hard,16,7,6,22,,loss,False,False,3-6-7,1,0,0.0,0.0,0.0,0.0,0.0,0.0,0.0,0.0,0.0,uncertain
hard,16,7,6,22,,loss,False,False,3-4-8-A,1,0,0.0,0.0,0.0,0.0,0.0,0.0,0.0,0.0,0.0,uncertain
hard,16,7,6,22,,loss,False,False,9-7,3,0,0.0,0.0,0.0,0.0,0.0,0.0,0.0,0.0,0.0,uncertain
hard,16,7,6,22,,loss,False,False,4-2-10,2,0,0.0,0.0,0.0,0.0,0.0,0.0,0.0,0.0,0.0,uncertain
hard,16,7,6,22,,loss,False,False,8-6-2,2,0,0.0,0.0,0.0,0.0,0.0,0.0,0.0,0.0,0.0,uncertain
hard,16,7,6,22,,loss,False,False,6-8-2,1,0,0.0,0.0,0.0,0.0,0.0,0.0,0.0,0.0,0.0,uncertain
hard,16,7,6,22,,loss,False,False,A-2-10-3,1,0,0.0,0.0,0.0,0.0,0.0,0.0,0.0,0.0,0.0,uncertain
hard,16,7,6,22,,loss,False,False,7-2-7,1,0,0.0,0.0,0.0,0.0,0.0,0.0,0.0,0.0,0.0,uncertain
hard,16,7,6,22,,loss,False,False,5-9-A-A,1,0,0.0,0.0,0.0,0.0,0.0,0.0,0.0,0.0,0.0,uncertain
hard,16,7,6,22,,loss,False,False,5-3-2-6,1,0,0.0,0.0,0.0,0.0,0.0,0.0,0.0,0.0,0.0,uncertain
hard,16,7,6,22,,loss,False,False,5-A-10,1,0,0.0,0.0,0.0,0.0,0.0,0.0,0.0,0.0,0.0,uncertain
hard,16,7,6,22,,loss,False,False,9-3-3-A,1,0,0.0,0.0,0.0,0.0,0.0,0.0,0.0,0.0,0.0,uncertain
hard,16,7,6,22,,loss,False,False,4-2-4-6,1,0,0.0,0.0,0.0,0.0,0.0,0.0,0.0,0.0,0.0,uncertain
hard,16,7,6,22,,loss,True,False,7-9,1,0,0.0,0.0,0.0,0.0,0.0,0.0,0.0,0.0,0.0,uncertain
hard,16,7,6,22,,loss,False,False,2-3-3-3-5,1,0,0.0,0.0,0.0,0.0,0.0,0.0,0.0,0.0,0.0,uncertain
hard,16,7,6,22,,loss,False,False,A-5-10,1,0,0.0,0.0,0.0,0.0,0.0,0.0,0.0,0.0,0.0,uncertain
hard,16,7,6,22,,loss,False,False,5-2-9,1,0,0.0,0.0,0.0,0.0,0.0,0.0,0.0,0.0,0.0,uncertain
hard,16,7,6,22,,loss,False,False,3-9-4,1,0,0.0,0.0,0.0,0.0,0.0,0.0,0.0,0.0,0.0,uncertain
hard,16,7,6,22,,loss,False,False,3-2-10-A,1,0,0.0,0.0,0.0,0.0,0.0,0.0,0.0,0.0,0.0,uncertain
hard,16,7,6,22,,loss,False,False,9-5-2,1,0,0.0,0.0,0.0,0.0,0.0,0.0,0.0,0.0,0.0,uncertain
hard,16,7,7,23,,loss,False,False,9-5-2,1,0,0.0,0.0,0.0,0.0,0.0,0.0,0.0,0.0,0.0,uncertain
hard,16,7,7,23,,loss,False,False,10-6,11,0,0.0,0.0,0.0,0.0,0.0,0.0,0.0,0.0,0.0,uncertain
hard,16,7,7,23,,loss,False,False,5-10-A,4,0,0.0,0.0,0.0,0.0,0.0,0.0,0.0,0.0,0.0,uncertain
hard,16,7,7,23,,loss,False,False,A-6-9,1,0,0.0,0.0,0.0,0.0,0.0,0.0,0.0,0.0,0.0,uncertain
hard,16,7,7,23,,loss,False,False,10-2-4,2,0,0.0,0.0,0.0,0.0,0.0,0.0,0.0,0.0,0.0,uncertain
hard,16,7,7,23,,loss,False,False,2-3-A-6-4,1,0,0.0,0.0,0.0,0.0,0.0,0.0,0.0,0.0,0.0,uncertain
hard,16,7,7,23,,loss,False,False,4-2-10,1,0,0.0,0.0,0.0,0.0,0.0,0.0,0.0,0.0,0.0,uncertain
hard,16,7,7,23,,loss,False,False,10-4-A-A,1,0,0.0,0.0,0.0,0.0,0.0,0.0,0.0,0.0,0.0,uncertain
hard,16,7,7,23,,loss,False,False,9-7,5,0,0.0,0.0,0.0,0.0,0.0,0.0,0.0,0.0,0.0,uncertain
hard,16,7,7,23,,loss,False,False,3-4-5-4,1,0,0.0,0.0,0.0,0.0,0.0,0.0,0.0,0.0,0.0,uncertain
hard,16,7,7,23,,loss,False,False,7-9,3,0,0.0,0.0,0.0,0.0,0.0,0.0,0.0,0.0,0.0,uncertain
hard,16,7,7,23,,loss,False,False,6-10,11,0,0.0,0.0,0.0,0.0,0.0,0.0,0.0,0.0,0.0,uncertain
hard,16,7,7,23,,loss,False,False,7-6-3,2,0,0.0,0.0,0.0,0.0,0.0,0.0,0.0,0.0,0.0,uncertain
hard,16,7,7,23,,loss,False,False,2-4-10,2,0,0.0,0.0,0.0,0.0,0.0,0.0,0.0,0.0,0.0,uncertain
hard,16,7,7,23,,loss,False,False,8-4-A-3,1,0,0.0,0.0,0.0,0.0,0.0,0.0,0.0,0.0,0.0,uncertain
hard,16,7,7,23,,loss,False,False,2-6-8,2,0,0.0,0.0,0.0,0.0,0.0,0.0,0.0,0.0,0.0,uncertain
hard,16,7,7,23,,loss,False,False,10-4-2,1,0,0.0,0.0,0.0,0.0,0.0,0.0,0.0,0.0,0.0,uncertain
hard,16,7,7,23,,loss,False,False,3-5-8,2,0,0.0,0.0,0.0,0.0,0.0,0.0,0.0,0.0,0.0,uncertain
hard,16,7,7,23,,loss,False,False,A-4-9-2,1,0,0.0,0.0,0.0,0.0,0.0,0.0,0.0,0.0,0.0,uncertain
hard,16,7,7,23,,loss,False,False,3-4-2-7,1,0,0.0,0.0,0.0,0.0,0.0,0.0,0.0,0.0,0.0,uncertain
hard,16,7,7,23,,loss,False,False,3-6-7,1,0,0.0,0.0,0.0,0.0,0.0,0.0,0.0,0.0,0.0,uncertain
hard,16,7,7,23,,loss,False,False,A-5-10,2,0,0.0,0.0,0.0,0.0,0.0,0.0,0.0,0.0,0.0,uncertain
hard,16,7,7,23,,loss,True,False,3-4-9,1,0,0.0,0.0,0.0,0.0,0.0,0.0,0.0,0.0,0.0,uncertain
hard,16,7,7,23,,loss,False,False,2-10-3-A,1,0,0.0,0.0,0.0,0.0,0.0,0.0,0.0,0.0,0.0,uncertain
hard,16,7,7,23,,loss,False,False,6-3-7,1,0,0.0,0.0,0.0,0.0,0.0,0.0,0.0,0.0,0.0,uncertain
hard,16,7,7,23,,loss,False,False,10-5-A,1,0,0.0,0.0,0.0,0.0,0.0,0.0,0.0,0.0,0.0,uncertain
hard,16,7,7,23,,loss,False,False,4-8-4,1,0,0.0,0.0,0.0,0.0,0.0,0.0,0.0,0.0,0.0,uncertain
hard,16,7,7,23,,loss,False,False,7-8-A,1,0,0.0,0.0,0.0,0.0,0.0,0.0,0.0,0.0,0.0,uncertain
hard,16,7,8,24,,loss,False,False,10-6,16,0,0.0,0.0,0.0,0.0,0.0,0.0,0.0,0.0,0.0,uncertain
hard,16,7,8,24,,loss,False,False,6-10,14,0,0.0,0.0,0.0,0.0,0.0,0.0,0.0,0.0,0.0,uncertain
hard,16,7,8,24,,loss,False,False,6-3-7,1,0,0.0,0.0,0.0,0.0,0.0,0.0,0.0,0.0,0.0,uncertain
hard,16,7,8,24,,loss,False,False,5-8-3,1,0,0.0,0.0,0.0,0.0,0.0,0.0,0.0,0.0,0.0,uncertain
hard,16,7,8,24,,loss,False,False,4-10-2,5,0,0.0,0.0,0.0,0.0,0.0,0.0,0.0,0.0,0.0,uncertain
hard,16,7,8,24,,loss,False,False,3-10-3,1,0,0.0,0.0,0.0,0.0,0.0,0.0,0.0,0.0,0.0,uncertain
hard,16,7,8,24,,loss,False,False,3-10-A-2,1,0,0.0,0.0,0.0,0.0,0.0,0.0,0.0,0.0,0.0,uncertain
hard,16,7,8,24,,loss,False,False,9-6-A,1,0,0.0,0.0,0.0,0.0,0.0,0.0,0.0,0.0,0.0,uncertain
hard,16,7,8,24,,loss,False,False,A-5-10,2,0,0.0,0.0,0.0,0.0,0.0,0.0,0.0,0.0,0.0,uncertain
hard,16,7,8,24,,loss,True,False,7-9,3,0,0.0,0.0,0.0,0.0,0.0,0.0,0.0,0.0,0.0,uncertain
hard,16,7,8,24,,loss,False,False,2-7-7,1,0,0.0,0.0,0.0,0.0,0.0,0.0,0.0,0.0,0.0,uncertain
hard,16,7,8,24,,loss,False,False,5-A-10,1,0,0.0,0.0,0.0,0.0,0.0,0.0,0.0,0.0,0.0,uncertain
hard,16,7,8,24,,loss,False,False,8-6-2,1,0,0.0,0.0,0.0,0.0,0.0,0.0,0.0,0.0,0.0,uncertain
hard,16,7,8,24,,loss,False,False,4-2-10,4,0,0.0,0.0,0.0,0.0,0.0,0.0,0.0,0.0,0.0,uncertain
hard,16,7,8,24,,loss,False,False,10-2-4,2,0,0.0,0.0,0.0,0.0,0.0,0.0,0.0,0.0,0.0,uncertain
hard,16,7,8,24,,loss,True,False,2-4-4-6,1,0,0.0,0.0,0.0,0.0,0.0,0.0,0.0,0.0,0.0,uncertain
hard,16,7,8,24,,loss,False,False,4-5-7,1,0,0.0,0.0,0.0,0.0,0.0,0.0,0.0,0.0,0.0,uncertain
hard,16,7,8,24,,loss,False,False,9-4-3,1,0,0.0,0.0,0.0,0.0,0.0,0.0,0.0,0.0,0.0,uncertain
hard,16,7,8,24,,loss,False,False,3-4-2-7,1,0,0.0,0.0,0.0,0.0,0.0,0.0,0.0,0.0,0.0,uncertain
hard,16,7,8,24,,loss,False,False,7-9,3,0,0.0,0.0,0.0,0.0,0.0,0.0,0.0,0.0,0.0,uncertain
hard,16,7,8,24,,loss,False,False,9-7,2,0,0.0,0.0,0.0,0.0,0.0,0.0,0.0,0.0,0.0,uncertain
hard,16,7,8,24,,loss,False,False,3-2-4-3-4,1,0,0.0,0.0,0.0,0.0,0.0,0.0,0.0,0.0,0.0,uncertain
hard,16,7,8,24,,loss,False,False,8-7-A,1,0,0.0,0.0,0.0,0.0,0.0,0.0,0.0,0.0,0.0,uncertain
hard,16,7,8,24,,loss,False,False,10-3-A-2,1,0,0.0,0.0,0.0,0.0,0.0,0.0,0.0,0.0,0.0,uncertain
hard,16,7,8,24,,loss,False,False,6-9-A,1,0,0.0,0.0,0.0,0.0,0.0,0.0,0.0,0.0,0.0,uncertain
hard,16,7,8,24,,loss,False,False,3-4-9,1,0,0.0,0.0,0.0,0.0,0.0,0.0,0.0,0.0,0.0,uncertain
hard,16,7,8,24,,loss,False,False,10-5-A,1,0,0.0,0.0,0.0,0.0,0.0,0.0,0.0,0.0,0.0,uncertain
hard,16,7,8,24,,loss,False,False,A-6-9,1,0,0.0,0.0,0.0,0.0,0.0,0.0,0.0,0.0,0.0,uncertain
hard,16,7,8,24,,loss,False,False,2-4-10,1,0,0.0,0.0,0.0,0.0,0.0,0.0,0.0,0.0,0.0,uncertain
hard,16,7,9,25,,loss,False,False,7-9,4,0,0.0,0.0,0.0,0.0,0.0,0.0,0.0,0.0,0.0,uncertain
hard,16,7,9,25,,loss,False,False,5-10-A,4,0,0.0,0.0,0.0,0.0,0.0,0.0,0.0,0.0,0.0,uncertain
hard,16,7,9,25,,loss,False,False,6-10,15,0,0.0,0.0,0.0,0.0,0.0,0.0,0.0,0.0,0.0,uncertain
hard,16,7,9,25,,loss,False,False,10-5-A,3,0,0.0,0.0,0.0,0.0,0.0,0.0,0.0,0.0,0.0,uncertain
hard,16,7,9,25,,loss,False,False,10-6,16,0,0.0,0.0,0.0,0.0,0.0,0.0,0.0,0.0,0.0,uncertain
hard,16,7,9,25,,loss,False,False,5-7-4,1,0,0.0,0.0,0.0,0.0,0.0,0.0,0.0,0.0,0.0,uncertain
hard,16,7,9,25,,loss,False,False,3-4-9,2,0,0.0,0.0,0.0,0.0,0.0,0.0,0.0,0.0,0.0,uncertain
hard,16,7,9,25,,loss,False,False,A-5-10,2,0,0.0,0.0,0.0,0.0,0.0,0.0,0.0,0.0,0.0,uncertain
hard,16,7,9,25,,loss,True,False,2-10-4,1,0,0.0,0.0,0.0,0.0,0.0,0.0,0.0,0.0,0.0,uncertain
hard,16,7,9,25,,loss,False,False,3-10-3,1,0,0.0,0.0,0.0,0.0,0.0,0.0,0.0,0.0,0.0,uncertain
hard,16,7,9,25,,loss,False,False,9-5-2,1,0,0.0,0.0,0.0,0.0,0.0,0.0,0.0,0.0,0.0,uncertain
hard,16,7,9,25,,loss,False,False,9-4-3,1,0,0.0,0.0,0.0,0.0,0.0,0.0,0.0,0.0,0.0,uncertain
hard,16,7,9,25,,loss,False,False,9-7,1,0,0.0,0.0,0.0,0.0,0.0,0.0,0.0,0.0,0.0,uncertain
hard,16,7,9,25,,loss,False,False,4-2-10,2,0,0.0,0.0,0.0,0.0,0.0,0.0,0.0,0.0,0.0,uncertain
hard,16,7,9,25,,loss,False,False,6-A-7-A-A,1,0,0.0,0.0,0.0,0.0,0.0,0.0,0.0,0.0,0.0,uncertain
hard,16,7,9,25,,loss,False,False,5-A-10,1,0,0.0,0.0,0.0,0.0,0.0,0.0,0.0,0.0,0.0,uncertain
hard,16,7,9,25,,loss,True,False,2-4-10,1,0,0.0,0.0,0.0,0.0,0.0,0.0,0.0,0.0,0.0,uncertain
hard,16,7,9,25,,loss,False,False,4-A-10-A,1,0,0.0,0.0,0.0,0.0,0.0,0.0,0.0,0.0,0.0,uncertain
hard,16,7,9,25,,loss,False,False,10-4-2,1,0,0.0,0.0,0.0,0.0,0.0,0.0,0.0,0.0,0.0,uncertain
hard,16,7,9,25,,loss,False,False,6-2-8,1,0,0.0,0.0,0.0,0.0,0.0,0.0,0.0,0.0,0.0,uncertain
hard,16,7,9,25,,loss,False,False,A-4-10-A,1,0,0.0,0.0,0.0,0.0,0.0,0.0,0.0,0.0,0.0,uncertain
hard,16,7,9,25,,loss,False,False,2-7-7,1,0,0.0,0.0,0.0,0.0,0.0,0.0,0.0,0.0,0.0,uncertain
hard,16,7,9,25,,loss,False,False,4-4-8,1,0,0.0,0.0,0.0,0.0,0.0,0.0,0.0,0.0,0.0,uncertain
hard,16,7,9,25,,loss,False,False,2-5-3-6,1,0,0.0,0.0,0.0,0.0,0.0,0.0,0.0,0.0,0.0,uncertain
hard,16,7,9,25,,loss,False,False,10-3-3,2,0,0.0,0.0,0.0,0.0,0.0,0.0,0.0,0.0,0.0,uncertain
hard,16,7,9,25,,loss,False,False,4-4-2-6,1,0,0.0,0.0,0.0,0.0,0.0,0.0,0.0,0.0,0.0,uncertain
hard,16,7,9,25,,loss,False,False,6-9-A,1,0,0.0,0.0,0.0,0.0,0.0,0.0,0.0,0.0,0.0,uncertain
hard,16,7,9,25,,loss,False,False,3-9-4,1,0,0.0,0.0,0.0,0.0,0.0,0.0,0.0,0.0,0.0,uncertain
hard,16,7,9,25,,loss,False,False,5-4-7,1,0,0.0,0.0,0.0,0.0,0.0,0.0,0.0,0.0,0.0,uncertain
hard,16,7,9,25,,loss,False,False,2-10-4,1,0,0.0,0.0,0.0,0.0,0.0,0.0,0.0,0.0,0.0,uncertain
hard,16,7,10,26,,loss,False,False,A-5-10,4,0,0.0,0.0,0.0,0.0,0.0,0.0,0.0,0.0,0.0,uncertain
hard,16,7,10,26,,loss,True,False,2-4-10,2,0,0.0,0.0,0.0,0.0,0.0,0.0,0.0,0.0,0.0,uncertain
hard,16,7,10,26,,loss,False,False,10-6,56,0,0.0,0.0,0.0,0.0,0.0,0.0,0.0,0.0,0.0,uncertain
hard,16,7,10,26,,loss,False,False,6-2-3-5,1,0,0.0,0.0,0.0,0.0,0.0,0.0,0.0,0.0,0.0,uncertain
hard,16,7,10,26,,loss,False,False,10-5-A,3,0,0.0,0.0,0.0,0.0,0.0,0.0,0.0,0.0,0.0,uncertain
hard,16,7,10,26,,loss,False,False,6-10,65,0,0.0,0.0,0.0,0.0,0.0,0.0,0.0,0.0,0.0,uncertain
hard,16,7,10,26,,loss,False,False,10-2-4,6,0,0.0,0.0,0.0,0.0,0.0,0.0,0.0,0.0,0.0,uncertain
hard,16,7,10,26,,loss,False,False,3-A-A-10-A,1,0,0.0,0.0,0.0,0.0,0.0,0.0,0.0,0.0,0.0,uncertain
hard,16,7,10,26,,loss,False,False,7-9,17,0,0.0,0.0,0.0,0.0,0.0,0.0,0.0,0.0,0.0,uncertain
hard,16,7,10,26,,loss,False,False,5-2-9,3,0,0.0,0.0,0.0,0.0,0.0,0.0,0.0,0.0,0.0,uncertain
hard,16,7,10,26,,loss,False,False,6-2-8,1,0,0.0,0.0,0.0,0.0,0.0,0.0,0.0,0.0,0.0,uncertain
hard,16,7,10,26,,loss,False,False,2-4-10,6,0,0.0,0.0,0.0,0.0,0.0,0.0,0.0,0.0,0.0,uncertain
hard,16,7,10,26,,loss,False,False,10-4-2,3,0,0.0,0.0,0.0,0.0,0.0,0.0,0.0,0.0,0.0,uncertain
hard,16,7,10,26,,loss,False,False,6-8-2,1,0,0.0,0.0,0.0,0.0,0.0,0.0,0.0,0.0,0.0,uncertain
hard,16,7,10,26,,loss,False,False,4-2-4-6,1,0,0.0,0.0,0.0,0.0,0.0,0.0,0.0,0.0,0.0,uncertain
hard,16,7,10,26,,loss,False,False,9-7,13,0,0.0,0.0,0.0,0.0,0.0,0.0,0.0,0.0,0.0,uncertain
hard,16,7,10,26,,loss,False,False,2-10-4,4,0,0.0,0.0,0.0,0.0,0.0,0.0,0.0,0.0,0.0,uncertain
hard,16,7,10,26,,loss,False,False,5-3-4-4,1,0,0.0,0.0,0.0,0.0,0.0,0.0,0.0,0.0,0.0,uncertain
hard,16,7,10,26,,loss,True,False,7-9,2,0,0.0,0.0,0.0,0.0,0.0,0.0,0.0,0.0,0.0,uncertain
hard,16,7,10,26,,loss,False,False,4-10-2,5,0,0.0,0.0,0.0,0.0,0.0,0.0,0.0,0.0,0.0,uncertain
hard,16,7,10,26,,loss,False,False,9-3-4,1,0,0.0,0.0,0.0,0.0,0.0,0.0,0.0,0.0,0.0,uncertain
hard,16,7,10,26,,loss,False,False,2-6-8,1,0,0.0,0.0,0.0,0.0,0.0,0.0,0.0,0.0,0.0,uncertain
hard,16,7,10,26,,loss,False,False,3-4-9,3,0,0.0,0.0,0.0,0.0,0.0,0.0,0.0,0.0,0.0,uncertain
hard,16,7,10,26,,loss,False,False,10-3-3,4,0,0.0,0.0,0.0,0.0,0.0,0.0,0.0,0.0,0.0,uncertain
hard,16,7,10,26,,loss,False,False,8-6-2,1,0,0.0,0.0,0.0,0.0,0.0,0.0,0.0,0.0,0.0,uncertain
hard,16,7,10,26,,loss,False,False,4-9-2-A,1,0,0.0,0.0,0.0,0.0,0.0,0.0,0.0,0.0,0.0,uncertain
hard,16,7,10,26,,loss,False,False,3-10-3,8,0,0.0,0.0,0.0,0.0,0.0,0.0,0.0,0.0,0.0,uncertain
hard,16,7,10,26,,loss,False,False,4-4-8,4,0,0.0,0.0,0.0,0.0,0.0,0.0,0.0,0.0,0.0,uncertain
hard,16,7,10,26,,loss,False,False,5-3-5-3,1,0,0.0,0.0,0.0,0.0,0.0,0.0,0.0,0.0,0.0,uncertain
hard,16,7,10,26,,loss,False,False,5-10-A,1,0,0.0,0.0,0.0,0.0,0.0,0.0,0.0,0.0,0.0,uncertain
hard,16,7,10,26,,loss,False,False,A-6-9,5,0,0.0,0.0,0.0,0.0,0.0,0.0,0.0,0.0,0.0,uncertain
hard,16,7,10,26,,loss,False,False,3-5-2-2-4,1,0,0.0,0.0,0.0,0.0,0.0,0.0,0.0,0.0,0.0,uncertain
hard,16,7,10,26,,loss,False,False,A-2-3-10,2,0,0.0,0.0,0.0,0.0,0.0,0.0,0.0,0.0,0.0,uncertain
hard,16,7,10,26,,loss,False,False,3-9-4,1,0,0.0,0.0,0.0,0.0,0.0,0.0,0.0,0.0,0.0,uncertain
hard,16,7,10,26,,loss,False,False,3-A-9-3,1,0,0.0,0.0,0.0,0.0,0.0,0.0,0.0,0.0,0.0,uncertain
hard,16,7,10,26,,loss,True,False,3-10-2-A,1,0,0.0,0.0,0.0,0.0,0.0,0.0,0.0,0.0,0.0,uncertain
hard,16,7,10,26,,loss,False,False,5-3-8,1,0,0.0,0.0,0.0,0.0,0.0,0.0,0.0,0.0,0.0,uncertain
hard,16,7,10,26,,loss,False,False,10-3-A-A-A,1,0,0.0,0.0,0.0,0.0,0.0,0.0,0.0,0.0,0.0,uncertain
hard,16,7,10,26,,loss,False,False,10-2-2-2,1,0,0.0,0.0,0.0,0.0,0.0,0.0,0.0,0.0,0.0,uncertain
hard,16,7,10,26,,loss,False,False,2-3-8-3,1,0,0.0,0.0,0.0,0.0,0.0,0.0,0.0,0.0,0.0,uncertain
hard,16,7,10,26,,loss,False,False,7-2-5-2,1,0,0.0,0.0,0.0,0.0,0.0,0.0,0.0,0.0,0.0,uncertain
hard,16,7,10,26,,loss,False,False,5-A-10,8,0,0.0,0.0,0.0,0.0,0.0,0.0,0.0,0.0,0.0,uncertain
hard,16,7,10,26,,loss,False,False,2-5-8-A,1,0,0.0,0.0,0.0,0.0,0.0,0.0,0.0,0.0,0.0,uncertain
hard,16,7,10,26,,loss,True,False,8-7-A,2,0,0.0,0.0,0.0,0.0,0.0,0.0,0.0,0.0,0.0,uncertain
hard,16,7,10,26,,loss,True,False,2-6-8,1,0,0.0,0.0,0.0,0.0,0.0,0.0,0.0,0.0,0.0,uncertain
hard,16,7,10,26,,loss,False,False,2-4-3-7,1,0,0.0,0.0,0.0,0.0,0.0,0.0,0.0,0.0,0.0,uncertain
hard,16,7,10,26,,loss,True,False,3-2-10-A,1,0,0.0,0.0,0.0,0.0,0.0,0.0,0.0,0.0,0.0,uncertain
hard,16,7,10,26,,loss,False,False,4-10-A-A,1,0,0.0,0.0,0.0,0.0,0.0,0.0,0.0,0.0,0.0,uncertain
hard,16,7,10,26,,loss,False,False,3-4-8-A,1,0,0.0,0.0,0.0,0.0,0.0,0.0,0.0,0.0,0.0,uncertain
hard,16,7,10,26,,loss,False,False,4-2-10,3,0,0.0,0.0,0.0,0.0,0.0,0.0,0.0,0.0,0.0,uncertain
hard,16,7,10,26,,loss,False,False,8-5-3,1,0,0.0,0.0,0.0,0.0,0.0,0.0,0.0,0.0,0.0,uncertain
hard,16,7,10,26,,loss,False,False,10-2-3-A,1,0,0.0,0.0,0.0,0.0,0.0,0.0,0.0,0.0,0.0,uncertain
hard,16,7,10,26,,loss,False,False,A-2-10-A-2,1,0,0.0,0.0,0.0,0.0,0.0,0.0,0.0,0.0,0.0,uncertain
hard,16,7,10,26,,loss,True,False,2-10-3-A,1,0,0.0,0.0,0.0,0.0,0.0,0.0,0.0,0.0,0.0,uncertain
hard,16,7,10,26,,loss,False,False,2-6-4-2-2,1,0,0.0,0.0,0.0,0.0,0.0,0.0,0.0,0.0,0.0,uncertain
hard,16,7,10,26,,loss,False,False,2-3-9-2,1,0,0.0,0.0,0.0,0.0,0.0,0.0,0.0,0.0,0.0,uncertain
hard,16,7,10,26,,loss,False,False,5-7-4,1,0,0.0,0.0,0.0,0.0,0.0,0.0,0.0,0.0,0.0,uncertain
hard,16,7,10,26,,loss,False,False,3-5-8,2,0,0.0,0.0,0.0,0.0,0.0,0.0,0.0,0.0,0.0,uncertain
hard,16,7,10,26,,loss,False,False,3-6-7,1,0,0.0,0.0,0.0,0.0,0.0,0.0,0.0,0.0,0.0,uncertain
hard,16,7,10,26,,loss,False,False,5-9-2,1,0,0.0,0.0,0.0,0.0,0.0,0.0,0.0,0.0,0.0,uncertain
hard,16,7,10,26,,loss,False,False,6-7-3,3,0,0.0,0.0,0.0,0.0,0.0,0.0,0.0,0.0,0.0,uncertain
hard,16,7,10,26,,loss,True,False,2-3-3-6-2,1,0,0.0,0.0,0.0,0.0,0.0,0.0,0.0,0.0,0.0,uncertain
hard,16,7,10,26,,loss,False,False,9-6-A,1,0,0.0,0.0,0.0,0.0,0.0,0.0,0.0,0.0,0.0,uncertain
hard,16,7,10,26,,loss,True,False,8-6-2,2,0,0.0,0.0,0.0,0.0,0.0,0.0,0.0,0.0,0.0,uncertain
hard,16,7,10,26,,loss,False,False,2-6-5-3,1,0,0.0,0.0,0.0,0.0,0.0,0.0,0.0,0.0,0.0,uncertain
hard,16,7,10,26,,loss,False,False,7-2-7,2,0,0.0,0.0,0.0,0.0,0.0,0.0,0.0,0.0,0.0,uncertain
hard,16,7,10,26,,loss,False,False,6-3-7,1,0,0.0,0.0,0.0,0.0,0.0,0.0,0.0,0.0,0.0,uncertain
hard,16,7,10,26,,loss,False,False,7-8-A,2,0,0.0,0.0,0.0,0.0,0.0,0.0,0.0,0.0,0.0,uncertain
hard,16,7,10,26,,loss,False,False,A-2-9-4,1,0,0.0,0.0,0.0,0.0,0.0,0.0,0.0,0.0,0.0,uncertain
hard,16,7,10,26,,loss,False,False,2-A-10-3,1,0,0.0,0.0,0.0,0.0,0.0,0.0,0.0,0.0,0.0,uncertain
hard,16,7,10,26,,loss,False,False,5-3-6-2,1,0,0.0,0.0,0.0,0.0,0.0,0.0,0.0,0.0,0.0,uncertain
hard,16,7,10,26,,loss,True,False,8-4-4,1,0,0.0,0.0,0.0,0.0,0.0,0.0,0.0,0.0,0.0,uncertain
hard,16,7,10,26,,loss,False,False,5-4-7,2,0,0.0,0.0,0.0,0.0,0.0,0.0,0.0,0.0,0.0,uncertain
hard,16,7,10,26,,loss,False,False,2-4-7-3,1,0,0.0,0.0,0.0,0.0,0.0,0.0,0.0,0.0,0.0,uncertain
hard,16,7,10,26,,loss,False,False,3-A-2-10,1,0,0.0,0.0,0.0,0.0,0.0,0.0,0.0,0.0,0.0,uncertain
hard,16,7,10,26,,loss,False,False,4-8-2-2,1,0,0.0,0.0,0.0,0.0,0.0,0.0,0.0,0.0,0.0,uncertain
hard,16,7,10,26,,loss,False,False,10-3-2-A,1,0,0.0,0.0,0.0,0.0,0.0,0.0,0.0,0.0,0.0,uncertain
hard,16,7,10,26,,loss,False,False,2-3-3-5-3,1,0,0.0,0.0,0.0,0.0,0.0,0.0,0.0,0.0,0.0,uncertain
hard,16,7,10,26,,loss,False,False,A-5-9-A,1,0,0.0,0.0,0.0,0.0,0.0,0.0,0.0,0.0,0.0,uncertain
hard,16,8,6,22,,loss,False,False,6-7-3,1,0,0.0,0.0,0.0,0.0,0.0,0.0,0.0,0.0,0.0,uncertain
hard,16,8,6,22,,loss,False,False,4-5-7,1,0,0.0,0.0,0.0,0.0,0.0,0.0,0.0,0.0,0.0,uncertain
hard,16,8,6,22,,loss,False,False,6-10,20,0,0.0,0.0,0.0,0.0,0.0,0.0,0.0,0.0,0.0,uncertain
hard,16,8,6,22,,loss,False,False,6-6-4,2,0,0.0,0.0,0.0,0.0,0.0,0.0,0.0,0.0,0.0,uncertain
hard,16,8,6,22,,loss,False,False,A-2-3-10,1,0,0.0,0.0,0.0,0.0,0.0,0.0,0.0,0.0,0.0,uncertain
hard,16,8,6,22,,loss,False,False,10-4-2,2,0,0.0,0.0,0.0,0.0,0.0,0.0,0.0,0.0,0.0,uncertain
hard,16,8,6,22,,loss,False,False,10-6,13,0,0.0,0.0,0.0,0.0,0.0,0.0,0.0,0.0,0.0,uncertain
hard,16,8,6,22,,loss,False,False,7-2-7,1,0,0.0,0.0,0.0,0.0,0.0,0.0,0.0,0.0,0.0,uncertain
hard,16,8,6,22,,loss,False,False,3-3-10,2,0,0.0,0.0,0.0,0.0,0.0,0.0,0.0,0.0,0.0,uncertain
hard,16,8,6,22,,loss,False,False,9-7,2,0,0.0,0.0,0.0,0.0,0.0,0.0,0.0,0.0,0.0,uncertain
hard,16,8,6,22,,loss,False,False,3-3-4-6,1,0,0.0,0.0,0.0,0.0,0.0,0.0,0.0,0.0,0.0,uncertain
hard,16,8,6,22,,loss,False,False,5-2-9,1,0,0.0,0.0,0.0,0.0,0.0,0.0,0.0,0.0,0.0,uncertain
hard,16,8,6,22,,loss,False,False,4-3-2-7,1,0,0.0,0.0,0.0,0.0,0.0,0.0,0.0,0.0,0.0,uncertain
hard,16,8,6,22,,loss,False,False,7-9,2,0,0.0,0.0,0.0,0.0,0.0,0.0,0.0,0.0,0.0,uncertain
hard,16,8,6,22,,loss,False,False,10-3-3,1,0,0.0,0.0,0.0,0.0,0.0,0.0,0.0,0.0,0.0,uncertain
hard,16,8,6,22,,loss,False,False,2-10-2-A-A,1,0,0.0,0.0,0.0,0.0,0.0,0.0,0.0,0.0,0.0,uncertain
hard,16,8,6,22,,loss,False,False,8-7-A,1,0,0.0,0.0,0.0,0.0,0.0,0.0,0.0,0.0,0.0,uncertain
hard,16,8,6,22,,loss,False,False,4-2-10,1,0,0.0,0.0,0.0,0.0,0.0,0.0,0.0,0.0,0.0,uncertain
hard,16,8,6,22,,loss,False,False,2-2-10-2,1,0,0.0,0.0,0.0,0.0,0.0,0.0,0.0,0.0,0.0,uncertain
hard,16,8,6,22,,loss,False,False,7-6-A-2,1,0,0.0,0.0,0.0,0.0,0.0,0.0,0.0,0.0,0.0,uncertain
hard,16,8,6,22,,loss,False,False,4-5-6-A,1,0,0.0,0.0,0.0,0.0,0.0,0.0,0.0,0.0,0.0,uncertain
hard,16,8,6,22,,loss,False,False,2-7-7,1,0,0.0,0.0,0.0,0.0,0.0,0.0,0.0,0.0,0.0,uncertain
hard,16,8,6,22,,loss,True,False,9-7,1,0,0.0,0.0,0.0,0.0,0.0,0.0,0.0,0.0,0.0,uncertain
hard,16,8,6,22,,loss,False,False,5-10-A,1,0,0.0,0.0,0.0,0.0,0.0,0.0,0.0,0.0,0.0,uncertain
hard,16,8,6,22,,loss,False,False,10-5-A,1,0,0.0,0.0,0.0,0.0,0.0,0.0,0.0,0.0,0.0,uncertain
hard,16,8,6,22,,loss,False,False,3-9-4,1,0,0.0,0.0,0.0,0.0,0.0,0.0,0.0,0.0,0.0,uncertain
hard,16,8,6,22,,loss,False,False,5-9-2,1,0,0.0,0.0,0.0,0.0,0.0,0.0,0.0,0.0,0.0,uncertain
hard,16,8,6,22,,loss,False,False,A-5-10,2,0,0.0,0.0,0.0,0.0,0.0,0.0,0.0,0.0,0.0,uncertain
hard,16,8,6,22,,loss,False,False,5-4-7,1,0,0.0,0.0,0.0,0.0,0.0,0.0,0.0,0.0,0.0,uncertain
hard,16,8,6,22,,loss,False,False,2-4-10,2,0,0.0,0.0,0.0,0.0,0.0,0.0,0.0,0.0,0.0,uncertain
hard,16,8,6,22,,loss,False,False,3-3-7-3,1,0,0.0,0.0,0.0,0.0,0.0,0.0,0.0,0.0,0.0,uncertain
hard,16,8,6,22,,loss,False,False,4-3-9,1,0,0.0,0.0,0.0,0.0,0.0,0.0,0.0,0.0,0.0,uncertain
hard,16,8,6,22,,loss,False,False,4-8-4,1,0,0.0,0.0,0.0,0.0,0.0,0.0,0.0,0.0,0.0,uncertain
hard,16,8,6,22,,loss,False,False,A-6-8-A,1,0,0.0,0.0,0.0,0.0,0.0,0.0,0.0,0.0,0.0,uncertain
hard,16,8,6,22,,loss,False,False,4-9-3,1,0,0.0,0.0,0.0,0.0,0.0,0.0,0.0,0.0,0.0,uncertain
hard,16,8,7,23,,loss,False,False,9-6-A,1,0,0.0,0.0,0.0,0.0,0.0,0.0,0.0,0.0,0.0,uncertain
hard,16,8,7,23,,loss,False,False,10-6,12,0,0.0,0.0,0.0,0.0,0.0,0.0,0.0,0.0,0.0,uncertain
hard,16,8,7,23,,loss,False,False,2-7-7,1,0,0.0,0.0,0.0,0.0,0.0,0.0,0.0,0.0,0.0,uncertain
hard,16,8,7,23,,loss,False,False,6-10,18,0,0.0,0.0,0.0,0.0,0.0,0.0,0.0,0.0,0.0,uncertain
hard,16,8,7,23,,loss,False,False,4-2-10,1,0,0.0,0.0,0.0,0.0,0.0,0.0,0.0,0.0,0.0,uncertain
hard,16,8,7,23,,loss,False,False,9-7,4,0,0.0,0.0,0.0,0.0,0.0,0.0,0.0,0.0,0.0,uncertain
hard,16,8,7,23,,loss,False,False,6-9-A,1,0,0.0,0.0,0.0,0.0,0.0,0.0,0.0,0.0,0.0,uncertain
hard,16,8,7,23,,loss,False,False,10-3-3,2,0,0.0,0.0,0.0,0.0,0.0,0.0,0.0,0.0,0.0,uncertain
hard,16,8,7,23,,loss,False,False,3-3-10,2,0,0.0,0.0,0.0,0.0,0.0,0.0,0.0,0.0,0.0,uncertain
hard,16,8,7,23,,loss,False,False,6-A-9,1,0,0.0,0.0,0.0,0.0,0.0,0.0,0.0,0.0,0.0,uncertain
hard,16,8,7,23,,loss,False,False,7-9,6,0,0.0,0.0,0.0,0.0,0.0,0.0,0.0,0.0,0.0,uncertain
hard,16,8,7,23,,loss,False,False,2-6-8,1,0,0.0,0.0,0.0,0.0,0.0,0.0,0.0,0.0,0.0,uncertain
hard,16,8,7,23,,loss,False,False,6-6-4,1,0,0.0,0.0,0.0,0.0,0.0,0.0,0.0,0.0,0.0,uncertain
hard,16,8,7,23,,loss,False,False,7-5-4,1,0,0.0,0.0,0.0,0.0,0.0,0.0,0.0,0.0,0.0,uncertain
hard,16,8,7,23,,loss,False,False,A-5-10,1,0,0.0,0.0,0.0,0.0,0.0,0.0,0.0,0.0,0.0,uncertain
hard,16,8,7,23,,loss,False,False,2-A-A-10-2,1,0,0.0,0.0,0.0,0.0,0.0,0.0,0.0,0.0,0.0,uncertain
hard,16,8,7,23,,loss,False,False,5-8-3,1,0,0.0,0.0,0.0,0.0,0.0,0.0,0.0,0.0,0.0,uncertain
hard,16,8,7,23,,loss,False,False,2-10-4,1,0,0.0,0.0,0.0,0.0,0.0,0.0,0.0,0.0,0.0,uncertain
hard,16,8,7,23,,loss,False,False,4-9-3,1,0,0.0,0.0,0.0,0.0,0.0,0.0,0.0,0.0,0.0,uncertain
hard,16,8,7,23,,loss,False,False,10-2-4,1,0,0.0,0.0,0.0,0.0,0.0,0.0,0.0,0.0,0.0,uncertain
hard,16,8,7,23,,loss,False,False,5-A-10,1,0,0.0,0.0,0.0,0.0,0.0,0.0,0.0,0.0,0.0,uncertain
hard,16,8,7,23,,loss,False,False,10-4-2,1,0,0.0,0.0,0.0,0.0,0.0,0.0,0.0,0.0,0.0,uncertain
hard,16,8,7,23,,loss,False,False,5-10-A,1,0,0.0,0.0,0.0,0.0,0.0,0.0,0.0,0.0,0.0,uncertain
hard,16,8,7,23,,loss,False,False,9-4-3,1,0,0.0,0.0,0.0,0.0,0.0,0.0,0.0,0.0,0.0,uncertain
hard,16,8,8,24,,loss,False,False,4-A-9-2,1,0,0.0,0.0,0.0,0.0,0.0,0.0,0.0,0.0,0.0,uncertain
hard,16,8,8,24,,loss,False,False,A-5-10,3,0,0.0,0.0,0.0,0.0,0.0,0.0,0.0,0.0,0.0,uncertain
hard,16,8,8,24,,loss,False,False,4-9-3,2,0,0.0,0.0,0.0,0.0,0.0,0.0,0.0,0.0,0.0,uncertain
hard,16,8,8,24,,loss,False,False,5-10-A,2,0,0.0,0.0,0.0,0.0,0.0,0.0,0.0,0.0,0.0,uncertain
hard,16,8,8,24,,loss,False,False,6-10,14,0,0.0,0.0,0.0,0.0,0.0,0.0,0.0,0.0,0.0,uncertain
hard,16,8,8,24,,loss,False,False,6-9-A,1,0,0.0,0.0,0.0,0.0,0.0,0.0,0.0,0.0,0.0,uncertain
hard,16,8,8,24,,loss,False,False,10-6,14,0,0.0,0.0,0.0,0.0,0.0,0.0,0.0,0.0,0.0,uncertain
hard,16,8,8,24,,loss,False,False,2-4-10,2,0,0.0,0.0,0.0,0.0,0.0,0.0,0.0,0.0,0.0,uncertain
hard,16,8,8,24,,loss,False,False,2-10-4,1,0,0.0,0.0,0.0,0.0,0.0,0.0,0.0,0.0,0.0,uncertain
hard,16,8,8,24,,loss,False,False,10-2-4,1,0,0.0,0.0,0.0,0.0,0.0,0.0,0.0,0.0,0.0,uncertain
hard,16,8,8,24,,loss,False,False,8-7-A,1,0,0.0,0.0,0.0,0.0,0.0,0.0,0.0,0.0,0.0,uncertain
hard,16,8,8,24,,loss,False,False,10-3-3,1,0,0.0,0.0,0.0,0.0,0.0,0.0,0.0,0.0,0.0,uncertain
hard,16,8,8,24,,loss,False,False,2-6-8,2,0,0.0,0.0,0.0,0.0,0.0,0.0,0.0,0.0,0.0,uncertain
hard,16,8,8,24,,loss,False,False,9-3-4,1,0,0.0,0.0,0.0,0.0,0.0,0.0,0.0,0.0,0.0,uncertain
hard,16,8,8,24,,loss,False,False,3-3-10,1,0,0.0,0.0,0.0,0.0,0.0,0.0,0.0,0.0,0.0,uncertain
hard,16,8,8,24,,loss,False,False,8-4-4,1,0,0.0,0.0,0.0,0.0,0.0,0.0,0.0,0.0,0.0,uncertain
hard,16,8,8,24,,loss,False,False,4-2-10,2,0,0.0,0.0,0.0,0.0,0.0,0.0,0.0,0.0,0.0,uncertain
hard,16,8,8,24,,loss,False,False,7-6-3,1,0,0.0,0.0,0.0,0.0,0.0,0.0,0.0,0.0,0.0,uncertain
hard,16,8,8,24,,loss,False,False,7-9,3,0,0.0,0.0,0.0,0.0,0.0,0.0,0.0,0.0,0.0,uncertain
hard,16,8,8,24,,loss,False,False,4-2-3-6-A,1,0,0.0,0.0,0.0,0.0,0.0,0.0,0.0,0.0,0.0,uncertain
hard,16,8,8,24,,loss,False,False,9-7,2,0,0.0,0.0,0.0,0.0,0.0,0.0,0.0,0.0,0.0,uncertain
hard,16,8,8,24,,loss,False,False,A-2-9-4,1,0,0.0,0.0,0.0,0.0,0.0,0.0,0.0,0.0,0.0,uncertain
hard,16,8,8,24,,loss,False,False,4-2-2-8,1,0,0.0,0.0,0.0,0.0,0.0,0.0,0.0,0.0,0.0,uncertain
hard,16,8,8,24,,loss,False,False,A-4-2-9,1,0,0.0,0.0,0.0,0.0,0.0,0.0,0.0,0.0,0.0,uncertain
hard,16,8,8,24,,loss,False,False,2-4-3-7,1,0,0.0,0.0,0.0,0.0,0.0,0.0,0.0,0.0,0.0,uncertain
hard,16,8,8,24,,loss,False,False,A-2-10-3,1,0,0.0,0.0,0.0,0.0,0.0,0.0,0.0,0.0,0.0,uncertain
hard,16,8,8,24,,loss,False,False,2-7-7,1,0,0.0,0.0,0.0,0.0,0.0,0.0,0.0,0.0,0.0,uncertain
hard,16,8,8,24,,loss,False,False,8-5-3,1,0,0.0,0.0,0.0,0.0,0.0,0.0,0.0,0.0,0.0,uncertain
hard,16,8,8,24,,loss,False,False,4-10-2,1,0,0.0,0.0,0.0,0.0,0.0,0.0,0.0,0.0,0.0,uncertain
hard,16,8,8,24,,loss,False,False,7-5-4,1,0,0.0,0.0,0.0,0.0,0.0,0.0,0.0,0.0,0.0,uncertain
hard,16,8,8,24,,loss,False,False,3-6-4-3,1,0,0.0,0.0,0.0,0.0,0.0,0.0,0.0,0.0,0.0,uncertain
hard,16,8,8,24,,loss,False,False,3-3-4-6,1,0,0.0,0.0,0.0,0.0,0.0,0.0,0.0,0.0,0.0,uncertain
hard,16,8,8,24,,loss,True,False,9-7,2,0,0.0,0.0,0.0,0.0,0.0,0.0,0.0,0.0,0.0,uncertain
hard,16,8,9,25,,loss,True,False,9-7,2,0,0.0,0.0,0.0,0.0,0.0,0.0,0.0,0.0,0.0,uncertain
hard,16,8,9,25,,loss,False,False,10-6,17,0,0.0,0.0,0.0,0.0,0.0,0.0,0.0,0.0,0.0,uncertain
hard,16,8,9,25,,loss,False,False,A-5-10,5,0,0.0,0.0,0.0,0.0,0.0,0.0,0.0,0.0,0.0,uncertain
hard,16,8,9,25,,loss,False,False,4-9-3,1,0,0.0,0.0,0.0,0.0,0.0,0.0,0.0,0.0,0.0,uncertain
hard,16,8,9,25,,loss,False,False,9-7,6,0,0.0,0.0,0.0,0.0,0.0,0.0,0.0,0.0,0.0,uncertain
hard,16,8,9,25,,loss,False,False,6-10,17,0,0.0,0.0,0.0,0.0,0.0,0.0,0.0,0.0,0.0,uncertain
hard,16,8,9,25,,loss,False,False,7-9,5,0,0.0,0.0,0.0,0.0,0.0,0.0,0.0,0.0,0.0,uncertain
hard,16,8,9,25,,loss,False,False,3-A-3-6-3,1,0,0.0,0.0,0.0,0.0,0.0,0.0,0.0,0.0,0.0,uncertain
hard,16,8,9,25,,loss,False,False,3-3-10,1,0,0.0,0.0,0.0,0.0,0.0,0.0,0.0,0.0,0.0,uncertain
hard,16,8,9,25,,loss,False,False,4-10-2,4,0,0.0,0.0,0.0,0.0,0.0,0.0,0.0,0.0,0.0,uncertain
hard,16,8,9,25,,loss,False,False,8-6-A-A,1,0,0.0,0.0,0.0,0.0,0.0,0.0,0.0,0.0,0.0,uncertain
hard,16,8,9,25,,loss,False,False,2-5-2-7,1,0,0.0,0.0,0.0,0.0,0.0,0.0,0.0,0.0,0.0,uncertain
hard,16,8,9,25,,loss,False,False,7-5-4,1,0,0.0,0.0,0.0,0.0,0.0,0.0,0.0,0.0,0.0,uncertain
hard,16,8,9,25,,loss,False,False,3-2-7-4,1,0,0.0,0.0,0.0,0.0,0.0,0.0,0.0,0.0,0.0,uncertain
hard,16,8,9,25,,loss,False,False,2-3-8-3,1,0,0.0,0.0,0.0,0.0,0.0,0.0,0.0,0.0,0.0,uncertain
hard,16,8,9,25,,loss,False,False,3-4-4-4-A,1,0,0.0,0.0,0.0,0.0,0.0,0.0,0.0,0.0,0.0,uncertain
hard,16,8,9,25,,loss,False,False,A-3-2-10,1,0,0.0,0.0,0.0,0.0,0.0,0.0,0.0,0.0,0.0,uncertain
hard,16,8,9,25,,loss,False,False,2-5-7-2,1,0,0.0,0.0,0.0,0.0,0.0,0.0,0.0,0.0,0.0,uncertain
hard,16,8,9,25,,loss,False,False,6-6-4,1,0,0.0,0.0,0.0,0.0,0.0,0.0,0.0,0.0,0.0,uncertain
hard,16,8,9,25,,loss,False,False,5-2-9,1,0,0.0,0.0,0.0,0.0,0.0,0.0,0.0,0.0,0.0,uncertain
hard,16,8,9,25,,loss,False,False,10-4-2,1,0,0.0,0.0,0.0,0.0,0.0,0.0,0.0,0.0,0.0,uncertain
hard,16,8,9,25,,loss,False,False,4-2-10,1,0,0.0,0.0,0.0,0.0,0.0,0.0,0.0,0.0,0.0,uncertain
hard,16,8,9,25,,loss,False,False,4-5-3-4,1,0,0.0,0.0,0.0,0.0,0.0,0.0,0.0,0.0,0.0,uncertain
hard,16,8,9,25,,loss,False,False,5-3-8,1,0,0.0,0.0,0.0,0.0,0.0,0.0,0.0,0.0,0.0,uncertain
hard,16,8,9,25,,loss,False,False,4-5-7,1,0,0.0,0.0,0.0,0.0,0.0,0.0,0.0,0.0,0.0,uncertain
hard,16,8,9,25,,loss,False,False,9-5-2,1,0,0.0,0.0,0.0,0.0,0.0,0.0,0.0,0.0,0.0,uncertain
hard,16,8,10,26,,loss,False,False,6-10,43,0,0.0,0.0,0.0,0.0,0.0,0.0,0.0,0.0,0.0,uncertain
hard,16,8,10,26,,loss,False,False,10-6,47,0,0.0,0.0,0.0,0.0,0.0,0.0,0.0,0.0,0.0,uncertain
hard,16,8,10,26,,loss,False,False,7-9,15,0,0.0,0.0,0.0,0.0,0.0,0.0,0.0,0.0,0.0,uncertain
hard,16,8,10,26,,loss,False,False,2-4-5-5,1,0,0.0,0.0,0.0,0.0,0.0,0.0,0.0,0.0,0.0,uncertain
hard,16,8,10,26,,loss,False,False,6-2-8,1,0,0.0,0.0,0.0,0.0,0.0,0.0,0.0,0.0,0.0,uncertain
hard,16,8,10,26,,loss,False,False,4-9-3,2,0,0.0,0.0,0.0,0.0,0.0,0.0,0.0,0.0,0.0,uncertain
hard,16,8,10,26,,loss,False,False,4-10-2,4,0,0.0,0.0,0.0,0.0,0.0,0.0,0.0,0.0,0.0,uncertain
hard,16,8,10,26,,loss,False,False,2-10-4,7,0,0.0,0.0,0.0,0.0,0.0,0.0,0.0,0.0,0.0,uncertain
hard,16,8,10,26,,loss,False,False,5-10-A,4,0,0.0,0.0,0.0,0.0,0.0,0.0,0.0,0.0,0.0,uncertain
hard,16,8,10,26,,loss,False,False,3-5-8,3,0,0.0,0.0,0.0,0.0,0.0,0.0,0.0,0.0,0.0,uncertain
hard,16,8,10,26,,loss,False,False,A-2-10-3,1,0,0.0,0.0,0.0,0.0,0.0,0.0,0.0,0.0,0.0,uncertain
hard,16,8,10,26,,loss,False,False,5-8-3,2,0,0.0,0.0,0.0,0.0,0.0,0.0,0.0,0.0,0.0,uncertain
hard,16,8,10,26,,loss,False,False,8-4-2-2,2,0,0.0,0.0,0.0,0.0,0.0,0.0,0.0,0.0,0.0,uncertain
hard,16,8,10,26,,loss,False,False,4-2-10,6,0,0.0,0.0,0.0,0.0,0.0,0.0,0.0,0.0,0.0,uncertain
hard,16,8,10,26,,loss,False,False,5-A-A-9,1,0,0.0,0.0,0.0,0.0,0.0,0.0,0.0,0.0,0.0,uncertain
hard,16,8,10,26,,loss,False,False,9-3-2-2,1,0,0.0,0.0,0.0,0.0,0.0,0.0,0.0,0.0,0.0,uncertain
hard,16,8,10,26,,loss,False,False,5-4-7,4,0,0.0,0.0,0.0,0.0,0.0,0.0,0.0,0.0,0.0,uncertain
hard,16,8,10,26,,loss,False,False,10-2-4,6,0,0.0,0.0,0.0,0.0,0.0,0.0,0.0,0.0,0.0,uncertain
hard,16,8,10,26,,loss,False,False,3-6-7,4,0,0.0,0.0,0.0,0.0,0.0,0.0,0.0,0.0,0.0,uncertain
hard,16,8,10,26,,loss,False,False,3-4-8-A,2,0,0.0,0.0,0.0,0.0,0.0,0.0,0.0,0.0,0.0,uncertain
hard,16,8,10,26,,loss,False,False,9-7,12,0,0.0,0.0,0.0,0.0,0.0,0.0,0.0,0.0,0.0,uncertain
hard,16,8,10,26,,loss,False,False,10-3-3,3,0,0.0,0.0,0.0,0.0,0.0,0.0,0.0,0.0,0.0,uncertain
hard,16,8,10,26,,loss,False,False,2-2-A-7-4,1,0,0.0,0.0,0.0,0.0,0.0,0.0,0.0,0.0,0.0,uncertain
hard,16,8,10,26,,loss,False,False,3-4-2-6-A,1,0,0.0,0.0,0.0,0.0,0.0,0.0,0.0,0.0,0.0,uncertain
hard,16,8,10,26,,loss,False,False,3-A-10-2,1,0,0.0,0.0,0.0,0.0,0.0,0.0,0.0,0.0,0.0,uncertain
hard,16,8,10,26,,loss,False,False,6-3-7,4,0,0.0,0.0,0.0,0.0,0.0,0.0,0.0,0.0,0.0,uncertain
hard,16,8,10,26,,loss,False,False,5-A-10,5,0,0.0,0.0,0.0,0.0,0.0,0.0,0.0,0.0,0.0,uncertain
hard,16,8,10,26,,loss,False,False,6-7-3,1,0,0.0,0.0,0.0,0.0,0.0,0.0,0.0,0.0,0.0,uncertain
hard,16,8,10,26,,loss,False,False,2-5-8-A,1,0,0.0,0.0,0.0,0.0,0.0,0.0,0.0,0.0,0.0,uncertain
hard,16,8,10,26,,loss,False,False,7-7-2,4,0,0.0,0.0,0.0,0.0,0.0,0.0,0.0,0.0,0.0,uncertain
hard,16,8,10,26,,loss,False,False,9-5-2,1,0,0.0,0.0,0.0,0.0,0.0,0.0,0.0,0.0,0.0,uncertain
hard,16,8,10,26,,loss,False,False,3-4-9,2,0,0.0,0.0,0.0,0.0,0.0,0.0,0.0,0.0,0.0,uncertain
hard,16,8,10,26,,loss,False,False,2-6-7-A,1,0,0.0,0.0,0.0,0.0,0.0,0.0,0.0,0.0,0.0,uncertain
hard,16,8,10,26,,loss,False,False,10-4-2,3,0,0.0,0.0,0.0,0.0,0.0,0.0,0.0,0.0,0.0,uncertain
hard,16,8,10,26,,loss,False,False,5-2-9,1,0,0.0,0.0,0.0,0.0,0.0,0.0,0.0,0.0,0.0,uncertain
hard,16,8,10,26,,loss,False,False,A-3-2-10,1,0,0.0,0.0,0.0,0.0,0.0,0.0,0.0,0.0,0.0,uncertain
hard,16,8,10,26,,loss,False,False,4-4-3-5,1,0,0.0,0.0,0.0,0.0,0.0,0.0,0.0,0.0,0.0,uncertain
hard,16,8,10,26,,loss,False,False,8-6-2,2,0,0.0,0.0,0.0,0.0,0.0,0.0,0.0,0.0,0.0,uncertain
hard,16,8,10,26,,loss,False,False,3-3-10,2,0,0.0,0.0,0.0,0.0,0.0,0.0,0.0,0.0,0.0,uncertain
hard,16,8,10,26,,loss,False,False,A-5-A-7-2,1,0,0.0,0.0,0.0,0.0,0.0,0.0,0.0,0.0,0.0,uncertain
hard,16,8,10,26,,loss,False,False,6-8-2,1,0,0.0,0.0,0.0,0.0,0.0,0.0,0.0,0.0,0.0,uncertain
hard,16,8,10,26,,loss,False,False,3-10-3,5,0,0.0,0.0,0.0,0.0,0.0,0.0,0.0,0.0,0.0,uncertain
hard,16,8,10,26,,loss,False,False,2-4-A-9,1,0,0.0,0.0,0.0,0.0,0.0,0.0,0.0,0.0,0.0,uncertain
hard,16,8,10,26,,loss,False,False,4-3-9,1,0,0.0,0.0,0.0,0.0,0.0,0.0,0.0,0.0,0.0,uncertain
hard,16,8,10,26,,loss,False,False,4-5-6-A,1,0,0.0,0.0,0.0,0.0,0.0,0.0,0.0,0.0,0.0,uncertain
hard,16,8,10,26,,loss,False,False,8-5-3,2,0,0.0,0.0,0.0,0.0,0.0,0.0,0.0,0.0,0.0,uncertain
hard,16,8,10,26,,loss,True,False,8-4-4,1,0,0.0,0.0,0.0,0.0,0.0,0.0,0.0,0.0,0.0,uncertain
hard,16,8,10,26,,loss,False,False,4-5-7,1,0,0.0,0.0,0.0,0.0,0.0,0.0,0.0,0.0,0.0,uncertain
hard,16,8,10,26,,loss,False,False,2-6-8,2,0,0.0,0.0,0.0,0.0,0.0,0.0,0.0,0.0,0.0,uncertain
hard,16,8,10,26,,loss,False,False,10-5-A,3,0,0.0,0.0,0.0,0.0,0.0,0.0,0.0,0.0,0.0,uncertain
hard,16,8,10,26,,loss,False,False,10-3-A-2,1,0,0.0,0.0,0.0,0.0,0.0,0.0,0.0,0.0,0.0,uncertain
hard,16,8,10,26,,loss,False,False,5-3-6-2,1,0,0.0,0.0,0.0,0.0,0.0,0.0,0.0,0.0,0.0,uncertain
hard,16,8,10,26,,loss,False,False,2-5-3-4-2,1,0,0.0,0.0,0.0,0.0,0.0,0.0,0.0,0.0,0.0,uncertain
hard,16,8,10,26,,loss,False,False,2-7-6-A,1,0,0.0,0.0,0.0,0.0,0.0,0.0,0.0,0.0,0.0,uncertain
hard,16,8,10,26,,loss,False,False,A-5-10,1,0,0.0,0.0,0.0,0.0,0.0,0.0,0.0,0.0,0.0,uncertain
hard,16,8,10,26,,loss,False,False,3-A-2-10,1,0,0.0,0.0,0.0,0.0,0.0,0.0,0.0,0.0,0.0,uncertain
hard,16,8,10,26,,loss,False,False,5-7-4,3,0,0.0,0.0,0.0,0.0,0.0,0.0,0.0,0.0,0.0,uncertain
hard,16,8,10,26,,loss,False,False,A-5-A-6-3,1,0,0.0,0.0,0.0,0.0,0.0,0.0,0.0,0.0,0.0,uncertain
hard,16,8,10,26,,loss,False,False,8-7-A,1,0,0.0,0.0,0.0,0.0,0.0,0.0,0.0,0.0,0.0,uncertain
hard,16,8,10,26,,loss,False,False,7-2-7,1,0,0.0,0.0,0.0,0.0,0.0,0.0,0.0,0.0,0.0,uncertain
hard,16,8,10,26,,loss,False,False,4-A-2-7-2,1,0,0.0,0.0,0.0,0.0,0.0,0.0,0.0,0.0,0.0,uncertain
hard,16,8,10,26,,loss,False,False,2-5-9,1,0,0.0,0.0,0.0,0.0,0.0,0.0,0.0,0.0,0.0,uncertain
hard,16,8,10,26,,loss,False,False,5-3-8,1,0,0.0,0.0,0.0,0.0,0.0,0.0,0.0,0.0,0.0,uncertain
hard,16,8,10,26,,loss,False,False,2-4-10,2,0,0.0,0.0,0.0,0.0,0.0,0.0,0.0,0.0,0.0,uncertain
hard,16,8,10,26,,loss,False,False,2-A-3-10,1,0,0.0,0.0,0.0,0.0,0.0,0.0,0.0,0.0,0.0,uncertain
hard,16,8,10,26,,loss,False,False,9-3-4,1,0,0.0,0.0,0.0,0.0,0.0,0.0,0.0,0.0,0.0,uncertain
hard,16,8,10,26,,loss,False,False,7-8-A,1,0,0.0,0.0,0.0,0.0,0.0,0.0,0.0,0.0,0.0,uncertain
hard,16,8,10,26,,loss,False,False,2-A-10-3,1,0,0.0,0.0,0.0,0.0,0.0,0.0,0.0,0.0,0.0,uncertain
hard,16,8,10,26,,loss,False,False,4-A-10-A,1,0,0.0,0.0,0.0,0.0,0.0,0.0,0.0,0.0,0.0,uncertain
hard,16,8,10,26,,loss,False,False,2-3-8-3,1,0,0.0,0.0,0.0,0.0,0.0,0.0,0.0,0.0,0.0,uncertain
hard,16,8,10,26,,loss,False,False,2-4-3-7,1,0,0.0,0.0,0.0,0.0,0.0,0.0,0.0,0.0,0.0,uncertain
hard,16,8,10,26,,loss,False,False,3-9-4,1,0,0.0,0.0,0.0,0.0,0.0,0.0,0.0,0.0,0.0,uncertain
hard,16,8,10,26,,loss,False,False,3-2-6-5,1,0,0.0,0.0,0.0,0.0,0.0,0.0,0.0,0.0,0.0,uncertain
hard,16,8,10,26,,loss,False,False,3-2-4-4-3,1,0,0.0,0.0,0.0,0.0,0.0,0.0,0.0,0.0,0.0,uncertain
hard,16,8,10,26,,loss,False,False,2-7-7,1,0,0.0,0.0,0.0,0.0,0.0,0.0,0.0,0.0,0.0,uncertain
hard,16,8,10,26,,loss,False,False,6-A-9,1,0,0.0,0.0,0.0,0.0,0.0,0.0,0.0,0.0,0.0,uncertain
hard,16,8,10,26,,loss,False,False,6-6-4,1,0,0.0,0.0,0.0,0.0,0.0,0.0,0.0,0.0,0.0,uncertain
hard,16,8,10,26,,loss,False,False,5-2-5-4,1,0,0.0,0.0,0.0,0.0,0.0,0.0,0.0,0.0,0.0,uncertain
hard,16,9,6,22,,loss,False,False,10-6,20,0,0.0,0.0,0.0,0.0,0.0,0.0,0.0,0.0,0.0,uncertain
hard,16,9,6,22,,loss,False,False,6-10,20,0,0.0,0.0,0.0,0.0,0.0,0.0,0.0,0.0,0.0,uncertain
hard,16,9,6,22,,loss,False,False,A-6-7-2,1,0,0.0,0.0,0.0,0.0,0.0,0.0,0.0,0.0,0.0,uncertain
hard,16,9,6,22,,loss,False,False,4-9-3,1,0,0.0,0.0,0.0,0.0,0.0,0.0,0.0,0.0,0.0,uncertain
hard,16,9,6,22,,loss,False,False,3-4-A-5-3,1,0,0.0,0.0,0.0,0.0,0.0,0.0,0.0,0.0,0.0,uncertain
hard,16,9,6,22,,loss,False,False,7-A-6-2,1,0,0.0,0.0,0.0,0.0,0.0,0.0,0.0,0.0,0.0,uncertain
hard,16,9,6,22,,loss,False,False,2-7-7,1,0,0.0,0.0,0.0,0.0,0.0,0.0,0.0,0.0,0.0,uncertain
hard,16,9,6,22,,loss,False,False,4-A-10-A,1,0,0.0,0.0,0.0,0.0,0.0,0.0,0.0,0.0,0.0,uncertain
hard,16,9,6,22,,loss,False,False,7-9,4,0,0.0,0.0,0.0,0.0,0.0,0.0,0.0,0.0,0.0,uncertain
hard,16,9,6,22,,loss,False,False,A-6-A-8,1,0,0.0,0.0,0.0,0.0,0.0,0.0,0.0,0.0,0.0,uncertain
hard,16,9,6,22,,loss,False,False,10-3-3,1,0,0.0,0.0,0.0,0.0,0.0,0.0,0.0,0.0,0.0,uncertain
hard,16,9,6,22,,loss,False,False,A-5-10,1,0,0.0,0.0,0.0,0.0,0.0,0.0,0.0,0.0,0.0,uncertain
hard,16,9,6,22,,loss,False,False,2-4-10,2,0,0.0,0.0,0.0,0.0,0.0,0.0,0.0,0.0,0.0,uncertain
hard,16,9,6,22,,loss,False,False,2-2-10-2,1,0,0.0,0.0,0.0,0.0,0.0,0.0,0.0,0.0,0.0,uncertain
hard,16,9,6,22,,loss,False,False,10-2-4,1,0,0.0,0.0,0.0,0.0,0.0,0.0,0.0,0.0,0.0,uncertain
hard,16,9,6,22,,loss,False,False,9-7,4,0,0.0,0.0,0.0,0.0,0.0,0.0,0.0,0.0,0.0,uncertain
hard,16,9,6,22,,loss,False,False,4-10-2,1,0,0.0,0.0,0.0,0.0,0.0,0.0,0.0,0.0,0.0,uncertain
hard,16,9,6,22,,loss,False,False,2-10-4,3,0,0.0,0.0,0.0,0.0,0.0,0.0,0.0,0.0,0.0,uncertain
hard,16,9,6,22,,loss,False,False,7-2-3-3-A,1,0,0.0,0.0,0.0,0.0,0.0,0.0,0.0,0.0,0.0,uncertain
hard,16,9,6,22,,loss,False,False,7-8-A,1,0,0.0,0.0,0.0,0.0,0.0,0.0,0.0,0.0,0.0,uncertain
hard,16,9,6,22,,loss,False,False,5-A-10,1,0,0.0,0.0,0.0,0.0,0.0,0.0,0.0,0.0,0.0,uncertain
hard,16,9,6,22,,loss,False,False,3-9-4,1,0,0.0,0.0,0.0,0.0,0.0,0.0,0.0,0.0,0.0,uncertain
hard,16,9,6,22,,loss,False,False,4-A-3-8,1,0,0.0,0.0,0.0,0.0,0.0,0.0,0.0,0.0,0.0,uncertain
hard,16,9,6,22,,loss,False,False,3-3-10,1,0,0.0,0.0,0.0,0.0,0.0,0.0,0.0,0.0,0.0,uncertain
hard,16,9,6,22,,loss,False,False,10-5-A,1,0,0.0,0.0,0.0,0.0,0.0,0.0,0.0,0.0,0.0,uncertain
hard,16,9,7,23,,loss,False,False,9-6-A,1,0,0.0,0.0,0.0,0.0,0.0,0.0,0.0,0.0,0.0,uncertain
hard,16,9,7,23,,loss,False,False,5-A-10,1,0,0.0,0.0,0.0,0.0,0.0,0.0,0.0,0.0,0.0,uncertain
hard,16,9,7,23,,loss,False,False,2-2-2-10,1,0,0.0,0.0,0.0,0.0,0.0,0.0,0.0,0.0,0.0,uncertain
hard,16,9,7,23,,loss,False,False,10-2-4,2,0,0.0,0.0,0.0,0.0,0.0,0.0,0.0,0.0,0.0,uncertain
hard,16,9,7,23,,loss,True,False,9-4-3,1,0,0.0,0.0,0.0,0.0,0.0,0.0,0.0,0.0,0.0,uncertain
hard,16,9,7,23,,loss,False,False,6-10,8,0,0.0,0.0,0.0,0.0,0.0,0.0,0.0,0.0,0.0,uncertain
hard,16,9,7,23,,loss,False,False,A-5-10,2,0,0.0,0.0,0.0,0.0,0.0,0.0,0.0,0.0,0.0,uncertain
hard,16,9,7,23,,loss,False,False,A-3-10-2,1,0,0.0,0.0,0.0,0.0,0.0,0.0,0.0,0.0,0.0,uncertain
hard,16,9,7,23,,loss,False,False,10-6,16,0,0.0,0.0,0.0,0.0,0.0,0.0,0.0,0.0,0.0,uncertain
hard,16,9,7,23,,loss,False,False,3-2-10-A,1,0,0.0,0.0,0.0,0.0,0.0,0.0,0.0,0.0,0.0,uncertain
hard,16,9,7,23,,loss,False,False,2-4-10,2,0,0.0,0.0,0.0,0.0,0.0,0.0,0.0,0.0,0.0,uncertain
hard,16,9,7,23,,loss,False,False,5-10-A,2,0,0.0,0.0,0.0,0.0,0.0,0.0,0.0,0.0,0.0,uncertain
hard,16,9,7,23,,loss,True,False,9-7,2,0,0.0,0.0,0.0,0.0,0.0,0.0,0.0,0.0,0.0,uncertain
hard,16,9,7,23,,loss,False,False,6-2-5-3,1,0,0.0,0.0,0.0,0.0,0.0,0.0,0.0,0.0,0.0,uncertain
hard,16,9,7,23,,loss,False,False,3-10-3,2,0,0.0,0.0,0.0,0.0,0.0,0.0,0.0,0.0,0.0,uncertain
hard,16,9,7,23,,loss,False,False,2-10-4,3,0,0.0,0.0,0.0,0.0,0.0,0.0,0.0,0.0,0.0,uncertain
hard,16,9,7,23,,loss,False,False,4-2-A-9,1,0,0.0,0.0,0.0,0.0,0.0,0.0,0.0,0.0,0.0,uncertain
hard,16,9,7,23,,loss,False,False,8-4-4,1,0,0.0,0.0,0.0,0.0,0.0,0.0,0.0,0.0,0.0,uncertain
hard,16,9,7,23,,loss,False,False,3-3-10,2,0,0.0,0.0,0.0,0.0,0.0,0.0,0.0,0.0,0.0,uncertain
hard,16,9,7,23,,loss,False,False,6-A-9,1,0,0.0,0.0,0.0,0.0,0.0,0.0,0.0,0.0,0.0,uncertain
hard,16,9,7,23,,loss,False,False,A-6-6-3,1,0,0.0,0.0,0.0,0.0,0.0,0.0,0.0,0.0,0.0,uncertain
hard,16,9,7,23,,loss,False,False,4-2-10,1,0,0.0,0.0,0.0,0.0,0.0,0.0,0.0,0.0,0.0,uncertain
hard,16,9,7,23,,loss,False,False,6-3-3-4,1,0,0.0,0.0,0.0,0.0,0.0,0.0,0.0,0.0,0.0,uncertain
hard,16,9,7,23,,loss,False,False,4-4-4-4,1,0,0.0,0.0,0.0,0.0,0.0,0.0,0.0,0.0,0.0,uncertain
hard,16,9,7,23,,loss,False,False,7-5-4,1,0,0.0,0.0,0.0,0.0,0.0,0.0,0.0,0.0,0.0,uncertain
hard,16,9,7,23,,loss,False,False,7-9,1,0,0.0,0.0,0.0,0.0,0.0,0.0,0.0,0.0,0.0,uncertain
hard,16,9,7,23,,loss,False,False,10-2-3-A,1,0,0.0,0.0,0.0,0.0,0.0,0.0,0.0,0.0,0.0,uncertain
hard,16,9,7,23,,loss,False,False,9-7,1,0,0.0,0.0,0.0,0.0,0.0,0.0,0.0,0.0,0.0,uncertain
hard,16,9,7,23,,loss,False,False,3-3-4-6,1,0,0.0,0.0,0.0,0.0,0.0,0.0,0.0,0.0,0.0,uncertain
hard,16,9,7,23,,loss,False,False,7-7-A-A,1,0,0.0,0.0,0.0,0.0,0.0,0.0,0.0,0.0,0.0,uncertain
hard,16,9,7,23,,loss,False,False,2-A-A-4-8,1,0,0.0,0.0,0.0,0.0,0.0,0.0,0.0,0.0,0.0,uncertain
hard,16,9,7,23,,loss,False,False,3-9-4,1,0,0.0,0.0,0.0,0.0,0.0,0.0,0.0,0.0,0.0,uncertain
hard,16,9,7,23,,loss,False,False,5-7-4,1,0,0.0,0.0,0.0,0.0,0.0,0.0,0.0,0.0,0.0,uncertain
hard,16,9,7,23,,loss,False,False,4-A-8-3,1,0,0.0,0.0,0.0,0.0,0.0,0.0,0.0,0.0,0.0,uncertain
hard,16,9,7,23,,loss,False,False,5-4-7,1,0,0.0,0.0,0.0,0.0,0.0,0.0,0.0,0.0,0.0,uncertain
hard,16,9,8,24,,loss,False,False,10-6,14,0,0.0,0.0,0.0,0.0,0.0,0.0,0.0,0.0,0.0,uncertain
hard,16,9,8,24,,loss,False,False,6-3-2-5,1,0,0.0,0.0,0.0,0.0,0.0,0.0,0.0,0.0,0.0,uncertain
hard,16,9,8,24,,loss,False,False,6-9-A,1,0,0.0,0.0,0.0,0.0,0.0,0.0,0.0,0.0,0.0,uncertain
hard,16,9,8,24,,loss,False,False,6-A-6-3,1,0,0.0,0.0,0.0,0.0,0.0,0.0,0.0,0.0,0.0,uncertain
hard,16,9,8,24,,loss,False,False,6-10,15,0,0.0,0.0,0.0,0.0,0.0,0.0,0.0,0.0,0.0,uncertain
hard,16,9,8,24,,loss,False,False,2-4-10,2,0,0.0,0.0,0.0,0.0,0.0,0.0,0.0,0.0,0.0,uncertain
hard,16,9,8,24,,loss,False,False,10-2-4,1,0,0.0,0.0,0.0,0.0,0.0,0.0,0.0,0.0,0.0,uncertain
hard,16,9,8,24,,loss,False,False,4-10-2,1,0,0.0,0.0,0.0,0.0,0.0,0.0,0.0,0.0,0.0,uncertain
hard,16,9,8,24,,loss,False,False,9-4-3,1,0,0.0,0.0,0.0,0.0,0.0,0.0,0.0,0.0,0.0,uncertain
hard,16,9,8,24,,loss,False,False,6-2-8,1,0,0.0,0.0,0.0,0.0,0.0,0.0,0.0,0.0,0.0,uncertain
hard,16,9,8,24,,loss,True,False,8-6-2,1,0,0.0,0.0,0.0,0.0,0.0,0.0,0.0,0.0,0.0,uncertain
hard,16,9,8,24,,loss,False,False,2-2-5-7,2,0,0.0,0.0,0.0,0.0,0.0,0.0,0.0,0.0,0.0,uncertain
hard,16,9,8,24,,loss,False,False,3-3-8-2,1,0,0.0,0.0,0.0,0.0,0.0,0.0,0.0,0.0,0.0,uncertain
hard,16,9,8,24,,loss,False,False,10-3-3,4,0,0.0,0.0,0.0,0.0,0.0,0.0,0.0,0.0,0.0,uncertain
hard,16,9,8,24,,loss,False,False,3-A-9-3,1,0,0.0,0.0,0.0,0.0,0.0,0.0,0.0,0.0,0.0,uncertain
hard,16,9,8,24,,loss,False,False,2-7-7,1,0,0.0,0.0,0.0,0.0,0.0,0.0,0.0,0.0,0.0,uncertain
hard,16,9,8,24,,loss,False,False,5-10-A,2,0,0.0,0.0,0.0,0.0,0.0,0.0,0.0,0.0,0.0,uncertain
hard,16,9,8,24,,loss,False,False,7-9,3,0,0.0,0.0,0.0,0.0,0.0,0.0,0.0,0.0,0.0,uncertain
hard,16,9,8,24,,loss,False,False,3-10-3,4,0,0.0,0.0,0.0,0.0,0.0,0.0,0.0,0.0,0.0,uncertain
hard,16,9,8,24,,loss,False,False,2-5-5-2-2,1,0,0.0,0.0,0.0,0.0,0.0,0.0,0.0,0.0,0.0,uncertain
hard,16,9,8,24,,loss,False,False,2-10-4,2,0,0.0,0.0,0.0,0.0,0.0,0.0,0.0,0.0,0.0,uncertain
hard,16,9,8,24,,loss,False,False,5-A-10,1,0,0.0,0.0,0.0,0.0,0.0,0.0,0.0,0.0,0.0,uncertain
hard,16,9,8,24,,loss,False,False,A-2-A-9-3,1,0,0.0,0.0,0.0,0.0,0.0,0.0,0.0,0.0,0.0,uncertain
hard,16,9,8,24,,loss,False,False,10-4-2,1,0,0.0,0.0,0.0,0.0,0.0,0.0,0.0,0.0,0.0,uncertain
hard,16,9,8,24,,loss,False,False,3-10-A-2,1,0,0.0,0.0,0.0,0.0,0.0,0.0,0.0,0.0,0.0,uncertain
hard,16,9,8,24,,loss,False,False,A-4-8-3,1,0,0.0,0.0,0.0,0.0,0.0,0.0,0.0,0.0,0.0,uncertain
hard,16,9,8,24,,loss,False,False,4-3-9,1,0,0.0,0.0,0.0,0.0,0.0,0.0,0.0,0.0,0.0,uncertain
hard,16,9,8,24,,loss,False,False,10-5-A,1,0,0.0,0.0,0.0,0.0,0.0,0.0,0.0,0.0,0.0,uncertain
hard,16,9,8,24,,loss,False,False,9-7,1,0,0.0,0.0,0.0,0.0,0.0,0.0,0.0,0.0,0.0,uncertain
hard,16,9,8,24,,loss,False,False,5-2-9,1,0,0.0,0.0,0.0,0.0,0.0,0.0,0.0,0.0,0.0,uncertain
hard,16,9,9,25,,loss,False,False,4-9-3,1,0,0.0,0.0,0.0,0.0,0.0,0.0,0.0,0.0,0.0,uncertain
hard,16,9,9,25,,loss,False,False,5-9-2,1,0,0.0,0.0,0.0,0.0,0.0,0.0,0.0,0.0,0.0,uncertain
hard,16,9,9,25,,loss,False,False,10-6,11,0,0.0,0.0,0.0,0.0,0.0,0.0,0.0,0.0,0.0,uncertain
hard,16,9,9,25,,loss,False,False,6-10,15,0,0.0,0.0,0.0,0.0,0.0,0.0,0.0,0.0,0.0,uncertain
hard,16,9,9,25,,loss,False,False,10-5-A,4,0,0.0,0.0,0.0,0.0,0.0,0.0,0.0,0.0,0.0,uncertain
hard,16,9,9,25,,loss,False,False,4-A-2-9,1,0,0.0,0.0,0.0,0.0,0.0,0.0,0.0,0.0,0.0,uncertain
hard,16,9,9,25,,loss,False,False,A-6-9,2,0,0.0,0.0,0.0,0.0,0.0,0.0,0.0,0.0,0.0,uncertain
hard,16,9,9,25,,loss,False,False,6-A-9,2,0,0.0,0.0,0.0,0.0,0.0,0.0,0.0,0.0,0.0,uncertain
hard,16,9,9,25,,loss,False,False,9-7,4,0,0.0,0.0,0.0,0.0,0.0,0.0,0.0,0.0,0.0,uncertain
hard,16,9,9,25,,loss,False,False,7-A-5-3,1,0,0.0,0.0,0.0,0.0,0.0,0.0,0.0,0.0,0.0,uncertain
hard,16,9,9,25,,loss,False,False,4-4-6-2,1,0,0.0,0.0,0.0,0.0,0.0,0.0,0.0,0.0,0.0,uncertain
hard,16,9,9,25,,loss,False,False,2-4-10,2,0,0.0,0.0,0.0,0.0,0.0,0.0,0.0,0.0,0.0,uncertain
hard,16,9,9,25,,loss,False,False,4-2-10,1,0,0.0,0.0,0.0,0.0,0.0,0.0,0.0,0.0,0.0,uncertain
hard,16,9,9,25,,loss,False,False,7-7-2,2,0,0.0,0.0,0.0,0.0,0.0,0.0,0.0,0.0,0.0,uncertain
hard,16,9,9,25,,loss,False,False,3-3-6-2-2,1,0,0.0,0.0,0.0,0.0,0.0,0.0,0.0,0.0,0.0,uncertain
hard,16,9,9,25,,loss,False,False,10-2-4,1,0,0.0,0.0,0.0,0.0,0.0,0.0,0.0,0.0,0.0,uncertain
hard,16,9,9,25,,loss,False,False,5-A-10,1,0,0.0,0.0,0.0,0.0,0.0,0.0,0.0,0.0,0.0,uncertain
hard,16,9,9,25,,loss,False,False,7-A-5-2-A,1,0,0.0,0.0,0.0,0.0,0.0,0.0,0.0,0.0,0.0,uncertain
hard,16,9,9,25,,loss,False,False,3-5-8,1,0,0.0,0.0,0.0,0.0,0.0,0.0,0.0,0.0,0.0,uncertain
hard,16,9,9,25,,loss,False,False,4-2-6-4,1,0,0.0,0.0,0.0,0.0,0.0,0.0,0.0,0.0,0.0,uncertain
hard,16,9,9,25,,loss,False,False,10-3-A-2,1,0,0.0,0.0,0.0,0.0,0.0,0.0,0.0,0.0,0.0,uncertain
hard,16,9,9,25,,loss,False,False,2-7-7,1,0,0.0,0.0,0.0,0.0,0.0,0.0,0.0,0.0,0.0,uncertain
hard,16,9,9,25,,loss,False,False,A-2-A-3-9,1,0,0.0,0.0,0.0,0.0,0.0,0.0,0.0,0.0,0.0,uncertain
hard,16,9,9,25,,loss,False,False,7-9,2,0,0.0,0.0,0.0,0.0,0.0,0.0,0.0,0.0,0.0,uncertain
hard,16,9,9,25,,loss,False,False,5-10-A,2,0,0.0,0.0,0.0,0.0,0.0,0.0,0.0,0.0,0.0,uncertain
hard,16,9,9,25,,loss,False,False,4-5-7,1,0,0.0,0.0,0.0,0.0,0.0,0.0,0.0,0.0,0.0,uncertain
hard,16,9,9,25,,loss,False,False,3-3-10,1,0,0.0,0.0,0.0,0.0,0.0,0.0,0.0,0.0,0.0,uncertain
hard,16,9,9,25,,loss,False,False,2-10-4,1,0,0.0,0.0,0.0,0.0,0.0,0.0,0.0,0.0,0.0,uncertain
hard,16,9,9,25,,loss,False,False,10-4-2,1,0,0.0,0.0,0.0,0.0,0.0,0.0,0.0,0.0,0.0,uncertain
hard,16,9,9,25,,loss,False,False,3-9-4,1,0,0.0,0.0,0.0,0.0,0.0,0.0,0.0,0.0,0.0,uncertain
hard,16,9,9,25,,loss,False,False,3-6-3-2-2,1,0,0.0,0.0,0.0,0.0,0.0,0.0,0.0,0.0,0.0,uncertain
hard,16,9,9,25,,loss,False,False,A-4-A-10,1,0,0.0,0.0,0.0,0.0,0.0,0.0,0.0,0.0,0.0,uncertain
hard,16,9,10,26,,loss,False,False,6-7-3,4,0,0.0,0.0,0.0,0.0,0.0,0.0,0.0,0.0,0.0,uncertain
hard,16,9,10,26,,loss,False,False,2-10-4,6,0,0.0,0.0,0.0,0.0,0.0,0.0,0.0,0.0,0.0,uncertain
hard,16,9,10,26,,loss,False,False,10-6,53,0,0.0,0.0,0.0,0.0,0.0,0.0,0.0,0.0,0.0,uncertain
hard,16,9,10,26,,loss,False,False,9-7,13,0,0.0,0.0,0.0,0.0,0.0,0.0,0.0,0.0,0.0,uncertain
hard,16,9,10,26,,loss,False,False,4-2-10,2,0,0.0,0.0,0.0,0.0,0.0,0.0,0.0,0.0,0.0,uncertain
hard,16,9,10,26,,loss,False,False,A-7-8,3,0,0.0,0.0,0.0,0.0,0.0,0.0,0.0,0.0,0.0,uncertain
hard,16,9,10,26,,loss,False,False,9-6-A,1,0,0.0,0.0,0.0,0.0,0.0,0.0,0.0,0.0,0.0,uncertain
hard,16,9,10,26,,loss,False,False,2-4-10,5,0,0.0,0.0,0.0,0.0,0.0,0.0,0.0,0.0,0.0,uncertain
hard,16,9,10,26,,loss,False,False,2-6-8,2,0,0.0,0.0,0.0,0.0,0.0,0.0,0.0,0.0,0.0,uncertain
hard,16,9,10,26,,loss,False,False,3-4-9,4,0,0.0,0.0,0.0,0.0,0.0,0.0,0.0,0.0,0.0,uncertain
hard,16,9,10,26,,loss,False,False,3-3-10,8,0,0.0,0.0,0.0,0.0,0.0,0.0,0.0,0.0,0.0,uncertain
hard,16,9,10,26,,loss,False,False,A-2-A-3-9,1,0,0.0,0.0,0.0,0.0,0.0,0.0,0.0,0.0,0.0,uncertain
hard,16,9,10,26,,loss,False,False,6-2-8,3,0,0.0,0.0,0.0,0.0,0.0,0.0,0.0,0.0,0.0,uncertain
hard,16,9,10,26,,loss,False,False,10-5-A,4,0,0.0,0.0,0.0,0.0,0.0,0.0,0.0,0.0,0.0,uncertain
hard,16,9,10,26,,loss,False,False,9-3-2-2,1,0,0.0,0.0,0.0,0.0,0.0,0.0,0.0,0.0,0.0,uncertain
hard,16,9,10,26,,loss,False,False,4-3-9,2,0,0.0,0.0,0.0,0.0,0.0,0.0,0.0,0.0,0.0,uncertain
hard,16,9,10,26,,loss,False,False,2-A-3-10,1,0,0.0,0.0,0.0,0.0,0.0,0.0,0.0,0.0,0.0,uncertain
hard,16,9,10,26,,loss,False,False,2-3-10-A,1,0,0.0,0.0,0.0,0.0,0.0,0.0,0.0,0.0,0.0,uncertain
hard,16,9,10,26,,loss,False,False,6-10,58,0,0.0,0.0,0.0,0.0,0.0,0.0,0.0,0.0,0.0,uncertain
hard,16,9,10,26,,loss,False,False,A-4-10-A,1,0,0.0,0.0,0.0,0.0,0.0,0.0,0.0,0.0,0.0,uncertain
hard,16,9,10,26,,loss,False,False,3-10-3,2,0,0.0,0.0,0.0,0.0,0.0,0.0,0.0,0.0,0.0,uncertain
hard,16,9,10,26,,loss,False,False,2-7-2-5,1,0,0.0,0.0,0.0,0.0,0.0,0.0,0.0,0.0,0.0,uncertain
hard,16,9,10,26,,loss,False,False,10-4-2,7,0,0.0,0.0,0.0,0.0,0.0,0.0,0.0,0.0,0.0,uncertain
hard,16,9,10,26,,loss,False,False,7-8-A,1,0,0.0,0.0,0.0,0.0,0.0,0.0,0.0,0.0,0.0,uncertain
hard,16,9,10,26,,loss,False,False,A-4-A-10,2,0,0.0,0.0,0.0,0.0,0.0,0.0,0.0,0.0,0.0,uncertain
hard,16,9,10,26,,loss,False,False,8-4-4,2,0,0.0,0.0,0.0,0.0,0.0,0.0,0.0,0.0,0.0,uncertain
hard,16,9,10,26,,loss,False,False,A-3-10-2,1,0,0.0,0.0,0.0,0.0,0.0,0.0,0.0,0.0,0.0,uncertain
hard,16,9,10,26,,loss,True,False,9-7,4,0,0.0,0.0,0.0,0.0,0.0,0.0,0.0,0.0,0.0,uncertain
hard,16,9,10,26,,loss,False,False,4-4-5-3,1,0,0.0,0.0,0.0,0.0,0.0,0.0,0.0,0.0,0.0,uncertain
hard,16,9,10,26,,loss,False,False,3-2-4-7,1,0,0.0,0.0,0.0,0.0,0.0,0.0,0.0,0.0,0.0,uncertain
hard,16,9,10,26,,loss,False,False,4-A-2-9,1,0,0.0,0.0,0.0,0.0,0.0,0.0,0.0,0.0,0.0,uncertain
hard,16,9,10,26,,loss,False,False,6-8-2,1,0,0.0,0.0,0.0,0.0,0.0,0.0,0.0,0.0,0.0,uncertain
hard,16,9,10,26,,loss,False,False,A-3-8-4,1,0,0.0,0.0,0.0,0.0,0.0,0.0,0.0,0.0,0.0,uncertain
hard,16,9,10,26,,loss,False,False,10-3-3,4,0,0.0,0.0,0.0,0.0,0.0,0.0,0.0,0.0,0.0,uncertain
hard,16,9,10,26,,loss,False,False,4-10-2,2,0,0.0,0.0,0.0,0.0,0.0,0.0,0.0,0.0,0.0,uncertain
hard,16,9,10,26,,loss,False,False,5-2-9,1,0,0.0,0.0,0.0,0.0,0.0,0.0,0.0,0.0,0.0,uncertain
hard,16,9,10,26,,loss,False,False,A-5-8-2,1,0,0.0,0.0,0.0,0.0,0.0,0.0,0.0,0.0,0.0,uncertain
hard,16,9,10,26,,loss,False,False,10-2-4,5,0,0.0,0.0,0.0,0.0,0.0,0.0,0.0,0.0,0.0,uncertain
hard,16,9,10,26,,loss,False,False,4-8-4,1,0,0.0,0.0,0.0,0.0,0.0,0.0,0.0,0.0,0.0,uncertain
hard,16,9,10,26,,loss,False,False,2-4-9-A,1,0,0.0,0.0,0.0,0.0,0.0,0.0,0.0,0.0,0.0,uncertain
hard,16,9,10,26,,loss,False,False,4-5-7,3,0,0.0,0.0,0.0,0.0,0.0,0.0,0.0,0.0,0.0,uncertain
hard,16,9,10,26,,loss,False,False,2-5-2-7,1,0,0.0,0.0,0.0,0.0,0.0,0.0,0.0,0.0,0.0,uncertain
hard,16,9,10,26,,loss,False,False,A-3-9-2-A,1,0,0.0,0.0,0.0,0.0,0.0,0.0,0.0,0.0,0.0,uncertain
hard,16,9,10,26,,loss,False,False,5-9-2,1,0,0.0,0.0,0.0,0.0,0.0,0.0,0.0,0.0,0.0,uncertain
hard,16,9,10,26,,loss,False,False,3-6-7,2,0,0.0,0.0,0.0,0.0,0.0,0.0,0.0,0.0,0.0,uncertain
hard,16,9,10,26,,loss,False,False,3-3-A-9,1,0,0.0,0.0,0.0,0.0,0.0,0.0,0.0,0.0,0.0,uncertain
hard,16,9,10,26,,loss,False,False,5-A-10,4,0,0.0,0.0,0.0,0.0,0.0,0.0,0.0,0.0,0.0,uncertain
hard,16,9,10,26,,loss,False,False,7-2-4-A-2,1,0,0.0,0.0,0.0,0.0,0.0,0.0,0.0,0.0,0.0,uncertain
hard,16,9,10,26,,loss,False,False,5-10-A,3,0,0.0,0.0,0.0,0.0,0.0,0.0,0.0,0.0,0.0,uncertain
hard,16,9,10,26,,loss,False,False,A-5-6-4,1,0,0.0,0.0,0.0,0.0,0.0,0.0,0.0,0.0,0.0,uncertain
hard,16,9,10,26,,loss,False,False,3-2-2-9,1,0,0.0,0.0,0.0,0.0,0.0,0.0,0.0,0.0,0.0,uncertain
hard,16,9,10,26,,loss,False,False,A-4-3-8,1,0,0.0,0.0,0.0,0.0,0.0,0.0,0.0,0.0,0.0,uncertain
hard,16,9,10,26,,loss,False,False,3-A-10-2,1,0,0.0,0.0,0.0,0.0,0.0,0.0,0.0,0.0,0.0,uncertain
hard,16,9,10,26,,loss,False,False,4-3-A-8,1,0,0.0,0.0,0.0,0.0,0.0,0.0,0.0,0.0,0.0,uncertain
hard,16,9,10,26,,loss,False,False,3-A-2-10,1,0,0.0,0.0,0.0,0.0,0.0,0.0,0.0,0.0,0.0,uncertain
hard,16,9,10,26,,loss,False,False,9-5-2,2,0,0.0,0.0,0.0,0.0,0.0,0.0,0.0,0.0,0.0,uncertain
hard,16,9,10,26,,loss,False,False,7-5-4,3,0,0.0,0.0,0.0,0.0,0.0,0.0,0.0,0.0,0.0,uncertain
hard,16,9,10,26,,loss,False,False,7-9,7,0,0.0,0.0,0.0,0.0,0.0,0.0,0.0,0.0,0.0,uncertain
hard,16,9,10,26,,loss,False,False,3-3-8-2,1,0,0.0,0.0,0.0,0.0,0.0,0.0,0.0,0.0,0.0,uncertain
hard,16,9,10,26,,loss,False,False,7-2-2-5,1,0,0.0,0.0,0.0,0.0,0.0,0.0,0.0,0.0,0.0,uncertain
hard,16,9,10,26,,loss,False,False,8-6-A-A,1,0,0.0,0.0,0.0,0.0,0.0,0.0,0.0,0.0,0.0,uncertain
hard,16,9,10,26,,loss,False,False,4-4-8,1,0,0.0,0.0,0.0,0.0,0.0,0.0,0.0,0.0,0.0,uncertain
hard,16,9,10,26,,loss,False,False,2-5-9,2,0,0.0,0.0,0.0,0.0,0.0,0.0,0.0,0.0,0.0,uncertain
hard,16,9,10,26,,loss,False,False,3-5-8,1,0,0.0,0.0,0.0,0.0,0.0,0.0,0.0,0.0,0.0,uncertain
hard,16,9,10,26,,loss,False,False,4-A-10-A,2,0,0.0,0.0,0.0,0.0,0.0,0.0,0.0,0.0,0.0,uncertain
hard,16,9,10,26,,loss,False,False,A-6-5-4,1,0,0.0,0.0,0.0,0.0,0.0,0.0,0.0,0.0,0.0,uncertain
hard,16,9,10,26,,loss,False,False,3-5-7-A,1,0,0.0,0.0,0.0,0.0,0.0,0.0,0.0,0.0,0.0,uncertain
hard,16,9,10,26,,loss,False,False,3-2-10-A,1,0,0.0,0.0,0.0,0.0,0.0,0.0,0.0,0.0,0.0,uncertain
hard,16,9,10,26,,loss,False,False,10-4-A-A,1,0,0.0,0.0,0.0,0.0,0.0,0.0,0.0,0.0,0.0,uncertain
hard,16,9,10,26,,loss,True,False,8-4-2-2,1,0,0.0,0.0,0.0,0.0,0.0,0.0,0.0,0.0,0.0,uncertain
hard,16,9,10,26,,loss,False,False,2-7-7,1,0,0.0,0.0,0.0,0.0,0.0,0.0,0.0,0.0,0.0,uncertain
hard,16,9,10,26,,loss,False,False,A-5-10,4,0,0.0,0.0,0.0,0.0,0.0,0.0,0.0,0.0,0.0,uncertain
hard,16,9,10,26,,loss,False,False,3-10-A-2,1,0,0.0,0.0,0.0,0.0,0.0,0.0,0.0,0.0,0.0,uncertain
hard,16,9,10,26,,loss,False,False,2-2-8-4,1,0,0.0,0.0,0.0,0.0,0.0,0.0,0.0,0.0,0.0,uncertain
hard,16,9,10,26,,loss,False,False,6-3-7,1,0,0.0,0.0,0.0,0.0,0.0,0.0,0.0,0.0,0.0,uncertain
hard,16,9,10,26,,loss,False,False,4-A-A-10,1,0,0.0,0.0,0.0,0.0,0.0,0.0,0.0,0.0,0.0,uncertain
hard,16,9,10,26,,loss,False,False,5-8-3,2,0,0.0,0.0,0.0,0.0,0.0,0.0,0.0,0.0,0.0,uncertain
hard,16,9,10,26,,loss,False,False,7-6-3,1,0,0.0,0.0,0.0,0.0,0.0,0.0,0.0,0.0,0.0,uncertain
hard,16,9,10,26,,loss,False,False,2-4-5-5,1,0,0.0,0.0,0.0,0.0,0.0,0.0,0.0,0.0,0.0,uncertain
hard,16,9,10,26,,loss,False,False,5-7-4,1,0,0.0,0.0,0.0,0.0,0.0,0.0,0.0,0.0,0.0,uncertain
hard,16,9,10,26,,loss,False,False,2-2-6-6,1,0,0.0,0.0,0.0,0.0,0.0,0.0,0.0,0.0,0.0,uncertain
hard,16,9,10,26,,loss,False,False,9-3-4,2,0,0.0,0.0,0.0,0.0,0.0,0.0,0.0,0.0,0.0,uncertain
hard,16,9,10,26,,loss,False,False,8-6-2,1,0,0.0,0.0,0.0,0.0,0.0,0.0,0.0,0.0,0.0,uncertain
hard,16,9,10,26,,loss,False,False,2-2-10-2,1,0,0.0,0.0,0.0,0.0,0.0,0.0,0.0,0.0,0.0,uncertain
hard,16,9,10,26,,loss,False,False,7-A-8,1,0,0.0,0.0,0.0,0.0,0.0,0.0,0.0,0.0,0.0,uncertain
hard,16,9,10,26,,loss,False,False,2-4-A-9,1,0,0.0,0.0,0.0,0.0,0.0,0.0,0.0,0.0,0.0,uncertain
hard,16,A,6,22,,loss,False,False,9-7,3,0,0.0,0.0,0.0,0.0,0.0,0.0,0.0,0.0,0.0,uncertain
hard,16,A,6,22,,loss,False,False,10-6,18,0,0.0,0.0,0.0,0.0,0.0,0.0,0.0,0.0,0.0,uncertain
hard,16,A,6,22,,loss,False,False,5-10-A,1,0,0.0,0.0,0.0,0.0,0.0,0.0,0.0,0.0,0.0,uncertain
hard,16,A,6,22,,loss,False,False,7-9,5,0,0.0,0.0,0.0,0.0,0.0,0.0,0.0,0.0,0.0,uncertain
hard,16,A,6,22,,loss,False,False,6-10,9,0,0.0,0.0,0.0,0.0,0.0,0.0,0.0,0.0,0.0,uncertain
hard,16,A,6,22,,loss,False,False,4-10-2,1,0,0.0,0.0,0.0,0.0,0.0,0.0,0.0,0.0,0.0,uncertain
hard,16,A,6,22,,loss,False,False,6-9-A,1,0,0.0,0.0,0.0,0.0,0.0,0.0,0.0,0.0,0.0,uncertain
hard,16,A,6,22,,loss,False,False,6-4-3-3,1,0,0.0,0.0,0.0,0.0,0.0,0.0,0.0,0.0,0.0,uncertain
hard,16,A,6,22,,loss,False,False,3-10-3,1,0,0.0,0.0,0.0,0.0,0.0,0.0,0.0,0.0,0.0,uncertain
hard,16,A,6,22,,loss,False,False,3-4-9,1,0,0.0,0.0,0.0,0.0,0.0,0.0,0.0,0.0,0.0,uncertain
hard,16,A,6,22,,loss,False,False,A-5-10,1,0,0.0,0.0,0.0,0.0,0.0,0.0,0.0,0.0,0.0,uncertain
hard,16,A,6,22,,loss,False,False,2-10-4,1,0,0.0,0.0,0.0,0.0,0.0,0.0,0.0,0.0,0.0,uncertain
hard,16,A,6,22,,loss,False,False,2-10-3-A,1,0,0.0,0.0,0.0,0.0,0.0,0.0,0.0,0.0,0.0,uncertain
hard,16,A,6,22,,loss,False,False,5-5-6,1,0,0.0,0.0,0.0,0.0,0.0,0.0,0.0,0.0,0.0,uncertain
hard,16,A,6,22,,loss,False,False,5-8-3,1,0,0.0,0.0,0.0,0.0,0.0,0.0,0.0,0.0,0.0,uncertain
hard,16,A,6,22,,loss,False,False,5-A-10,2,0,0.0,0.0,0.0,0.0,0.0,0.0,0.0,0.0,0.0,uncertain
hard,16,A,6,22,,loss,False,False,2-4-10,1,0,0.0,0.0,0.0,0.0,0.0,0.0,0.0,0.0,0.0,uncertain
hard,16,A,6,22,,loss,False,False,7-3-6,1,0,0.0,0.0,0.0,0.0,0.0,0.0,0.0,0.0,0.0,uncertain
hard,16,A,6,22,,loss,False,False,3-6-2-5,1,0,0.0,0.0,0.0,0.0,0.0,0.0,0.0,0.0,0.0,uncertain
hard,16,A,6,22,,loss,False,False,10-5-A,1,0,0.0,0.0,0.0,0.0,0.0,0.0,0.0,0.0,0.0,uncertain
hard,16,A,6,22,,loss,False,False,4-2-10,1,0,0.0,0.0,0.0,0.0,0.0,0.0,0.0,0.0,0.0,uncertain
hard,16,A,6,22,,loss,False,False,4-8-4,1,0,0.0,0.0,0.0,0.0,0.0,0.0,0.0,0.0,0.0,uncertain
hard,16,A,7,23,,loss,False,False,10-6,11,0,0.0,0.0,0.0,0.0,0.0,0.0,0.0,0.0,0.0,uncertain
hard,16,A,7,23,,loss,False,False,7-3-2-4,1,0,0.0,0.0,0.0,0.0,0.0,0.0,0.0,0.0,0.0,uncertain
hard,16,A,7,23,,loss,False,False,3-10-3,2,0,0.0,0.0,0.0,0.0,0.0,0.0,0.0,0.0,0.0,uncertain
hard,16,A,7,23,,loss,False,False,2-10-4,2,0,0.0,0.0,0.0,0.0,0.0,0.0,0.0,0.0,0.0,uncertain
hard,16,A,7,23,,loss,False,False,2-3-A-10,1,0,0.0,0.0,0.0,0.0,0.0,0.0,0.0,0.0,0.0,uncertain
hard,16,A,7,23,,loss,False,False,6-10,9,0,0.0,0.0,0.0,0.0,0.0,0.0,0.0,0.0,0.0,uncertain
hard,16,A,7,23,,loss,False,False,3-A-2-8-A-A,1,0,0.0,0.0,0.0,0.0,0.0,0.0,0.0,0.0,0.0,uncertain
hard,16,A,7,23,,loss,False,False,5-10-A,1,0,0.0,0.0,0.0,0.0,0.0,0.0,0.0,0.0,0.0,uncertain
hard,16,A,7,23,,loss,False,False,A-3-10-2,1,0,0.0,0.0,0.0,0.0,0.0,0.0,0.0,0.0,0.0,uncertain
hard,16,A,7,23,,loss,False,False,4-A-A-10,1,0,0.0,0.0,0.0,0.0,0.0,0.0,0.0,0.0,0.0,uncertain
hard,16,A,7,23,,loss,False,False,3-9-4,1,0,0.0,0.0,0.0,0.0,0.0,0.0,0.0,0.0,0.0,uncertain
hard,16,A,7,23,,loss,False,False,7-9,2,0,0.0,0.0,0.0,0.0,0.0,0.0,0.0,0.0,0.0,uncertain
hard,16,A,7,23,,loss,False,False,A-5-10,1,0,0.0,0.0,0.0,0.0,0.0,0.0,0.0,0.0,0.0,uncertain
hard,16,A,7,23,,loss,False,False,8-6-2,1,0,0.0,0.0,0.0,0.0,0.0,0.0,0.0,0.0,0.0,uncertain
hard,16,A,7,23,,loss,False,False,2-6-8,1,0,0.0,0.0,0.0,0.0,0.0,0.0,0.0,0.0,0.0,uncertain
hard,16,A,7,23,,loss,False,False,2-8-3-3,1,0,0.0,0.0,0.0,0.0,0.0,0.0,0.0,0.0,0.0,uncertain
hard,16,A,7,23,,loss,False,False,2-A-A-4-8,1,0,0.0,0.0,0.0,0.0,0.0,0.0,0.0,0.0,0.0,uncertain
hard,16,A,7,23,,loss,False,False,10-4-2,2,0,0.0,0.0,0.0,0.0,0.0,0.0,0.0,0.0,0.0,uncertain
hard,16,A,7,23,,loss,False,False,5-9-2,1,0,0.0,0.0,0.0,0.0,0.0,0.0,0.0,0.0,0.0,uncertain
hard,16,A,7,23,,loss,False,False,2-5-9,1,0,0.0,0.0,0.0,0.0,0.0,0.0,0.0,0.0,0.0,uncertain
hard,16,A,7,23,,loss,False,False,2-2-3-9,1,0,0.0,0.0,0.0,0.0,0.0,0.0,0.0,0.0,0.0,uncertain
hard,16,A,7,23,,loss,False,False,2-3-9-2,1,0,0.0,0.0,0.0,0.0,0.0,0.0,0.0,0.0,0.0,uncertain
hard,16,A,7,23,,loss,False,False,10-5-A,1,0,0.0,0.0,0.0,0.0,0.0,0.0,0.0,0.0,0.0,uncertain
hard,16,A,7,23,,loss,False,False,4-2-3-7,1,0,0.0,0.0,0.0,0.0,0.0,0.0,0.0,0.0,0.0,uncertain
hard,16,A,7,23,,loss,False,False,A-7-4-4,1,0,0.0,0.0,0.0,0.0,0.0,0.0,0.0,0.0,0.0,uncertain
hard,16,A,7,23,,loss,False,False,4-10-2,1,0,0.0,0.0,0.0,0.0,0.0,0.0,0.0,0.0,0.0,uncertain
hard,16,A,7,23,,loss,False,False,6-A-9,1,0,0.0,0.0,0.0,0.0,0.0,0.0,0.0,0.0,0.0,uncertain
hard,16,A,7,23,,loss,False,False,5-8-3,1,0,0.0,0.0,0.0,0.0,0.0,0.0,0.0,0.0,0.0,uncertain
hard,16,A,7,23,,loss,False,False,10-3-3,1,0,0.0,0.0,0.0,0.0,0.0,0.0,0.0,0.0,0.0,uncertain
hard,16,A,7,23,,loss,False,False,9-3-4,1,0,0.0,0.0,0.0,0.0,0.0,0.0,0.0,0.0,0.0,uncertain
hard,16,A,8,24,,loss,False,False,7-9,2,0,0.0,0.0,0.0,0.0,0.0,0.0,0.0,0.0,0.0,uncertain
hard,16,A,8,24,,loss,False,False,10-6,8,0,0.0,0.0,0.0,0.0,0.0,0.0,0.0,0.0,0.0,uncertain
hard,16,A,8,24,,loss,False,False,4-10-2,2,0,0.0,0.0,0.0,0.0,0.0,0.0,0.0,0.0,0.0,uncertain
hard,16,A,8,24,,loss,False,False,6-10,7,0,0.0,0.0,0.0,0.0,0.0,0.0,0.0,0.0,0.0,uncertain
hard,16,A,8,24,,loss,False,False,4-2-5-5,1,0,0.0,0.0,0.0,0.0,0.0,0.0,0.0,0.0,0.0,uncertain
hard,16,A,8,24,,loss,False,False,9-7,4,0,0.0,0.0,0.0,0.0,0.0,0.0,0.0,0.0,0.0,uncertain
hard,16,A,8,24,,loss,False,False,7-2-7,1,0,0.0,0.0,0.0,0.0,0.0,0.0,0.0,0.0,0.0,uncertain
hard,16,A,8,24,,loss,False,False,2-10-3-A,1,0,0.0,0.0,0.0,0.0,0.0,0.0,0.0,0.0,0.0,uncertain
hard,16,A,8,24,,loss,False,False,5-10-A,1,0,0.0,0.0,0.0,0.0,0.0,0.0,0.0,0.0,0.0,uncertain
hard,16,A,8,24,,loss,False,False,A-6-9,1,0,0.0,0.0,0.0,0.0,0.0,0.0,0.0,0.0,0.0,uncertain
hard,16,A,8,24,,loss,False,False,2-5-9,1,0,0.0,0.0,0.0,0.0,0.0,0.0,0.0,0.0,0.0,uncertain
hard,16,A,8,24,,loss,False,False,2-4-10,1,0,0.0,0.0,0.0,0.0,0.0,0.0,0.0,0.0,0.0,uncertain
hard,16,A,8,24,,loss,False,False,5-A-10,4,0,0.0,0.0,0.0,0.0,0.0,0.0,0.0,0.0,0.0,uncertain
hard,16,A,8,24,,loss,False,False,7-6-3,1,0,0.0,0.0,0.0,0.0,0.0,0.0,0.0,0.0,0.0,uncertain
hard,16,A,8,24,,loss,False,False,3-10-3,1,0,0.0,0.0,0.0,0.0,0.0,0.0,0.0,0.0,0.0,uncertain
hard,16,A,8,24,,loss,False,False,10-2-4,1,0,0.0,0.0,0.0,0.0,0.0,0.0,0.0,0.0,0.0,uncertain
hard,16,A,8,24,,loss,False,False,2-6-8,1,0,0.0,0.0,0.0,0.0,0.0,0.0,0.0,0.0,0.0,uncertain
hard,16,A,8,24,,loss,False,False,10-4-2,1,0,0.0,0.0,0.0,0.0,0.0,0.0,0.0,0.0,0.0,uncertain
hard,16,A,8,24,,loss,False,False,A-5-10,1,0,0.0,0.0,0.0,0.0,0.0,0.0,0.0,0.0,0.0,uncertain
hard,16,A,8,24,,loss,False,False,2-2-5-7,1,0,0.0,0.0,0.0,0.0,0.0,0.0,0.0,0.0,0.0,uncertain
hard,16,A,8,24,,loss,False,False,4-2-10,1,0,0.0,0.0,0.0,0.0,0.0,0.0,0.0,0.0,0.0,uncertain
hard,16,A,8,24,,loss,False,False,3-2-3-8,1,0,0.0,0.0,0.0,0.0,0.0,0.0,0.0,0.0,0.0,uncertain
hard,16,A,8,24,,loss,False,False,2-7-4-3,1,0,0.0,0.0,0.0,0.0,0.0,0.0,0.0,0.0,0.0,uncertain
hard,16,A,8,24,,loss,False,False,4-9-3,1,0,0.0,0.0,0.0,0.0,0.0,0.0,0.0,0.0,0.0,uncertain
hard,16,A,8,24,,loss,False,False,2-5-A-8,1,0,0.0,0.0,0.0,0.0,0.0,0.0,0.0,0.0,0.0,uncertain
hard,16,A,9,25,,loss,False,False,3-4-9,1,0,0.0,0.0,0.0,0.0,0.0,0.0,0.0,0.0,0.0,uncertain
hard,16,A,9,25,,loss,False,False,10-6,10,0,0.0,0.0,0.0,0.0,0.0,0.0,0.0,0.0,0.0,uncertain
hard,16,A,9,25,,loss,False,False,8-4-A-3,1,0,0.0,0.0,0.0,0.0,0.0,0.0,0.0,0.0,0.0,uncertain
hard,16,A,9,25,,loss,False,False,2-10-4,1,0,0.0,0.0,0.0,0.0,0.0,0.0,0.0,0.0,0.0,uncertain
hard,16,A,9,25,,loss,False,False,A-6-9,2,0,0.0,0.0,0.0,0.0,0.0,0.0,0.0,0.0,0.0,uncertain
hard,16,A,9,25,,loss,False,False,6-6-4,1,0,0.0,0.0,0.0,0.0,0.0,0.0,0.0,0.0,0.0,uncertain
hard,16,A,9,25,,loss,False,False,6-10,9,0,0.0,0.0,0.0,0.0,0.0,0.0,0.0,0.0,0.0,uncertain
hard,16,A,9,25,,loss,False,False,2-4-3-4-3,1,0,0.0,0.0,0.0,0.0,0.0,0.0,0.0,0.0,0.0,uncertain
hard,16,A,9,25,,loss,False,False,4-5-7,1,0,0.0,0.0,0.0,0.0,0.0,0.0,0.0,0.0,0.0,uncertain
hard,16,A,9,25,,loss,False,False,10-2-4,1,0,0.0,0.0,0.0,0.0,0.0,0.0,0.0,0.0,0.0,uncertain
hard,16,A,9,25,,loss,False,False,3-5-7-A,1,0,0.0,0.0,0.0,0.0,0.0,0.0,0.0,0.0,0.0,uncertain
hard,16,A,9,25,,loss,False,False,5-5-6,1,0,0.0,0.0,0.0,0.0,0.0,0.0,0.0,0.0,0.0,uncertain
hard,16,A,9,25,,loss,False,False,6-7-A-2,1,0,0.0,0.0,0.0,0.0,0.0,0.0,0.0,0.0,0.0,uncertain
hard,16,A,9,25,,loss,False,False,3-9-4,1,0,0.0,0.0,0.0,0.0,0.0,0.0,0.0,0.0,0.0,uncertain
hard,16,A,9,25,,loss,False,False,5-A-10,1,0,0.0,0.0,0.0,0.0,0.0,0.0,0.0,0.0,0.0,uncertain
hard,16,A,9,25,,loss,False,False,6-2-6-2,1,0,0.0,0.0,0.0,0.0,0.0,0.0,0.0,0.0,0.0,uncertain
hard,16,A,9,25,,loss,False,False,2-4-10,1,0,0.0,0.0,0.0,0.0,0.0,0.0,0.0,0.0,0.0,uncertain
hard,16,A,9,25,,loss,False,False,4-9-3,1,0,0.0,0.0,0.0,0.0,0.0,0.0,0.0,0.0,0.0,uncertain
hard,16,A,9,25,,loss,False,False,4-A-A-10,1,0,0.0,0.0,0.0,0.0,0.0,0.0,0.0,0.0,0.0,uncertain
hard,16,A,9,25,,loss,False,False,6-A-9,1,0,0.0,0.0,0.0,0.0,0.0,0.0,0.0,0.0,0.0,uncertain
hard,16,A,9,25,,loss,False,False,4-10-2,2,0,0.0,0.0,0.0,0.0,0.0,0.0,0.0,0.0,0.0,uncertain
hard,16,A,9,25,,loss,False,False,9-3-4,1,0,0.0,0.0,0.0,0.0,0.0,0.0,0.0,0.0,0.0,uncertain
hard,16,A,9,25,,loss,False,False,6-7-3,1,0,0.0,0.0,0.0,0.0,0.0,0.0,0.0,0.0,0.0,uncertain
hard,16,A,9,25,,loss,False,False,10-4-2,2,0,0.0,0.0,0.0,0.0,0.0,0.0,0.0,0.0,0.0,uncertain
hard,16,A,10,26,,loss,False,False,6-10,42,0,0.0,0.0,0.0,0.0,0.0,0.0,0.0,0.0,0.0,uncertain
hard,16,A,10,26,,loss,False,False,6-9-A,2,0,0.0,0.0,0.0,0.0,0.0,0.0,0.0,0.0,0.0,uncertain
hard,16,A,10,26,,loss,False,False,5-5-6,5,0,0.0,0.0,0.0,0.0,0.0,0.0,0.0,0.0,0.0,uncertain
hard,16,A,10,26,,loss,False,False,3-3-10,6,0,0.0,0.0,0.0,0.0,0.0,0.0,0.0,0.0,0.0,uncertain
hard,16,A,10,26,,loss,False,False,10-6,48,0,0.0,0.0,0.0,0.0,0.0,0.0,0.0,0.0,0.0,uncertain
hard,16,A,10,26,,loss,False,False,4-4-8,1,0,0.0,0.0,0.0,0.0,0.0,0.0,0.0,0.0,0.0,uncertain
hard,16,A,10,26,,loss,False,False,7-3-2-4,1,0,0.0,0.0,0.0,0.0,0.0,0.0,0.0,0.0,0.0,uncertain
hard,16,A,10,26,,loss,False,False,10-3-2-A,1,0,0.0,0.0,0.0,0.0,0.0,0.0,0.0,0.0,0.0,uncertain
hard,16,A,10,26,,loss,False,False,6-A-9,1,0,0.0,0.0,0.0,0.0,0.0,0.0,0.0,0.0,0.0,uncertain
hard,16,A,10,26,,loss,False,False,8-5-3,1,0,0.0,0.0,0.0,0.0,0.0,0.0,0.0,0.0,0.0,uncertain
hard,16,A,10,26,,loss,False,False,2-8-6,4,0,0.0,0.0,0.0,0.0,0.0,0.0,0.0,0.0,0.0,uncertain
hard,16,A,10,26,,loss,False,False,2-4-10,3,0,0.0,0.0,0.0,0.0,0.0,0.0,0.0,0.0,0.0,uncertain
hard,16,A,10,26,,loss,False,False,7-9,8,0,0.0,0.0,0.0,0.0,0.0,0.0,0.0,0.0,0.0,uncertain
hard,16,A,10,26,,loss,False,False,2-10-3-A,1,0,0.0,0.0,0.0,0.0,0.0,0.0,0.0,0.0,0.0,uncertain
hard,16,A,10,26,,loss,False,False,9-7,8,0,0.0,0.0,0.0,0.0,0.0,0.0,0.0,0.0,0.0,uncertain
hard,16,A,10,26,,loss,False,False,3-6-7,2,0,0.0,0.0,0.0,0.0,0.0,0.0,0.0,0.0,0.0,uncertain
hard,16,A,10,26,,loss,False,False,2-10-4,3,0,0.0,0.0,0.0,0.0,0.0,0.0,0.0,0.0,0.0,uncertain
hard,16,A,10,26,,loss,False,False,5-8-3,1,0,0.0,0.0,0.0,0.0,0.0,0.0,0.0,0.0,0.0,uncertain
hard,16,A,10,26,,loss,False,False,6-7-3,1,0,0.0,0.0,0.0,0.0,0.0,0.0,0.0,0.0,0.0,uncertain
hard,16,A,10,26,,loss,False,False,7-2-7,2,0,0.0,0.0,0.0,0.0,0.0,0.0,0.0,0.0,0.0,uncertain
hard,16,A,10,26,,loss,False,False,A-7-5-3,1,0,0.0,0.0,0.0,0.0,0.0,0.0,0.0,0.0,0.0,uncertain
hard,16,A,10,26,,loss,False,False,4-10-2,3,0,0.0,0.0,0.0,0.0,0.0,0.0,0.0,0.0,0.0,uncertain
hard,16,A,10,26,,loss,False,False,2-3-6-5,1,0,0.0,0.0,0.0,0.0,0.0,0.0,0.0,0.0,0.0,uncertain
hard,16,A,10,26,,loss,False,False,A-7-8,1,0,0.0,0.0,0.0,0.0,0.0,0.0,0.0,0.0,0.0,uncertain
hard,16,A,10,26,,loss,False,False,5-A-10,5,0,0.0,0.0,0.0,0.0,0.0,0.0,0.0,0.0,0.0,uncertain
hard,16,A,10,26,,loss,False,False,A-3-A-2-9,1,0,0.0,0.0,0.0,0.0,0.0,0.0,0.0,0.0,0.0,uncertain
hard,16,A,10,26,,loss,False,False,6-4-6,2,0,0.0,0.0,0.0,0.0,0.0,0.0,0.0,0.0,0.0,uncertain
hard,16,A,10,26,,loss,False,False,3-10-A-2,1,0,0.0,0.0,0.0,0.0,0.0,0.0,0.0,0.0,0.0,uncertain
hard,16,A,10,26,,loss,False,False,6-2-8,1,0,0.0,0.0,0.0,0.0,0.0,0.0,0.0,0.0,0.0,uncertain
hard,16,A,10,26,,loss,False,False,7-5-4,1,0,0.0,0.0,0.0,0.0,0.0,0.0,0.0,0.0,0.0,uncertain
hard,16,A,10,26,,loss,False,False,5-A-9-A,1,0,0.0,0.0,0.0,0.0,0.0,0.0,0.0,0.0,0.0,uncertain
hard,16,A,10,26,,loss,False,False,10-2-2-2,1,0,0.0,0.0,0.0,0.0,0.0,0.0,0.0,0.0,0.0,uncertain
hard,16,A,10,26,,loss,False,False,10-4-2,4,0,0.0,0.0,0.0,0.0,0.0,0.0,0.0,0.0,0.0,uncertain
hard,16,A,10,26,,loss,False,False,3-7-2-4,1,0,0.0,0.0,0.0,0.0,0.0,0.0,0.0,0.0,0.0,uncertain
hard,16,A,10,26,,loss,False,False,4-2-7-3,1,0,0.0,0.0,0.0,0.0,0.0,0.0,0.0,0.0,0.0,uncertain
hard,16,A,10,26,,loss,False,False,7-6-3,1,0,0.0,0.0,0.0,0.0,0.0,0.0,0.0,0.0,0.0,uncertain
hard,16,A,10,26,,loss,False,False,8-4-3-A,1,0,0.0,0.0,0.0,0.0,0.0,0.0,0.0,0.0,0.0,uncertain
hard,16,A,10,26,,loss,False,False,A-5-10,3,0,0.0,0.0,0.0,0.0,0.0,0.0,0.0,0.0,0.0,uncertain
hard,16,A,10,26,,loss,False,False,10-2-4,2,0,0.0,0.0,0.0,0.0,0.0,0.0,0.0,0.0,0.0,uncertain
hard,16,A,10,26,,loss,False,False,2-5-9,1,0,0.0,0.0,0.0,0.0,0.0,0.0,0.0,0.0,0.0,uncertain
hard,16,A,10,26,,loss,False,False,9-3-4,1,0,0.0,0.0,0.0,0.0,0.0,0.0,0.0,0.0,0.0,uncertain
hard,16,A,10,26,,loss,False,False,2-4-4-6,1,0,0.0,0.0,0.0,0.0,0.0,0.0,0.0,0.0,0.0,uncertain
hard,16,A,10,26,,loss,False,False,5-3-8,1,0,0.0,0.0,0.0,0.0,0.0,0.0,0.0,0.0,0.0,uncertain
hard,16,A,10,26,,loss,False,False,4-5-7,1,0,0.0,0.0,0.0,0.0,0.0,0.0,0.0,0.0,0.0,uncertain
hard,16,A,10,26,,loss,False,False,A-6-9,1,0,0.0,0.0,0.0,0.0,0.0,0.0,0.0,0.0,0.0,uncertain
hard,16,A,10,26,,loss,False,False,10-2-3-A,1,0,0.0,0.0,0.0,0.0,0.0,0.0,0.0,0.0,0.0,uncertain
hard,16,A,10,26,,loss,False,False,A-3-3-9,1,0,0.0,0.0,0.0,0.0,0.0,0.0,0.0,0.0,0.0,uncertain
hard,16,A,10,26,,loss,False,False,7-3-6,1,0,0.0,0.0,0.0,0.0,0.0,0.0,0.0,0.0,0.0,uncertain
hard,16,A,10,26,,loss,False,False,10-3-3,5,0,0.0,0.0,0.0,0.0,0.0,0.0,0.0,0.0,0.0,uncertain
hard,16,A,10,26,,loss,False,False,2-7-2-5,1,0,0.0,0.0,0.0,0.0,0.0,0.0,0.0,0.0,0.0,uncertain
hard,16,A,10,26,,loss,False,False,5-10-A,2,0,0.0,0.0,0.0,0.0,0.0,0.0,0.0,0.0,0.0,uncertain
hard,16,A,10,26,,loss,False,False,8-7-A,1,0,0.0,0.0,0.0,0.0,0.0,0.0,0.0,0.0,0.0,uncertain
hard,16,A,10,26,,loss,False,False,3-10-2-A,1,0,0.0,0.0,0.0,0.0,0.0,0.0,0.0,0.0,0.0,uncertain
hard,16,A,10,26,,loss,False,False,4-9-3,1,0,0.0,0.0,0.0,0.0,0.0,0.0,0.0,0.0,0.0,uncertain
hard,16,A,10,26,,loss,False,False,4-4-5-3,1,0,0.0,0.0,0.0,0.0,0.0,0.0,0.0,0.0,0.0,uncertain
hard,16,A,10,26,,loss,False,False,9-5-2,2,0,0.0,0.0,0.0,0.0,0.0,0.0,0.0,0.0,0.0,uncertain
hard,16,A,10,26,,loss,False,False,6-3-4-3,1,0,0.0,0.0,0.0,0.0,0.0,0.0,0.0,0.0,0.0,uncertain
hard,16,A,10,26,,loss,False,False,3-4-2-7,1,0,0.0,0.0,0.0,0.0,0.0,0.0,0.0,0.0,0.0,uncertain
hard,16,A,10,26,,loss,False,False,5-2-9,1,0,0.0,0.0,0.0,0.0,0.0,0.0,0.0,0.0,0.0,uncertain
hard,16,A,10,26,,loss,False,False,5-7-4,2,0,0.0,0.0,0.0,0.0,0.0,0.0,0.0,0.0,0.0,uncertain
hard,16,A,10,26,,loss,False,False,4-3-9,2,0,0.0,0.0,0.0,0.0,0.0,0.0,0.0,0.0,0.0,uncertain
hard,16,A,10,26,,loss,False,False,4-A-A-10,1,0,0.0,0.0,0.0,0.0,0.0,0.0,0.0,0.0,0.0,uncertain
hard,16,A,10,26,,loss,False,False,5-3-5-3,1,0,0.0,0.0,0.0,0.0,0.0,0.0,0.0,0.0,0.0,uncertain
hard,16,A,10,26,,loss,False,False,5-5-3-3,1,0,0.0,0.0,0.0,0.0,0.0,0.0,0.0,0.0,0.0,uncertain
hard,16,A,10,26,,loss,False,False,5-9-2,1,0,0.0,0.0,0.0,0.0,0.0,0.0,0.0,0.0,0.0,uncertain
hard,16,A,10,26,,loss,False,False,A-2-A-10-2,1,0,0.0,0.0,0.0,0.0,0.0,0.0,0.0,0.0,0.0,uncertain
hard,16,A,10,26,,loss,False,False,2-8-5-A,1,0,0.0,0.0,0.0,0.0,0.0,0.0,0.0,0.0,0.0,uncertain
